city,state,lat,lon
adak,ak,56.00,-161.21
akiachak,ak,60.89,-161.39
akiak,ak,60.89,-161.20
akutan,ak,54.14,-165.79
alakanuk,ak,62.75,-164.60
aleknagik,ak,59.27,-158.62
allakaket,ak,66.54,-152.71
ambler,ak,67.47,-156.46
anaktuvuk pass,ak,68.12,-151.68
anchor point,ak,59.79,-151.73
anchorage,ak,61.21,-149.88
anderson,ak,64.30,-149.17
angoon,ak,57.57,-134.37
aniak,ak,61.69,-157.76
anvik,ak,62.83,-160.13
arctic village,ak,68.08,-145.42
atka,ak,52.20,-174.21
atqasuk,ak,71.29,-156.79
auke bay,ak,58.38,-134.66
barrow,ak,71.23,-156.82
beaver,ak,66.34,-147.28
bethel,ak,60.83,-161.82
bettles field,ak,67.10,-151.06
big lake,ak,61.58,-149.44
brevig mission,ak,65.33,-166.48
buckland,ak,65.98,-161.13
cantwell,ak,63.40,-148.90
central,ak,65.47,-144.75
chalkyitsik,ak,66.72,-143.64
chefornak,ak,60.15,-164.21
chevak,ak,61.58,-164.78
chicken,ak,64.08,-141.93
chignik,ak,56.30,-158.42
chignik lagoon,ak,56.25,-158.67
chignik lake,ak,56.26,-158.76
chitina,ak,61.52,-144.44
chugiak,ak,61.41,-149.45
circle,ak,65.82,-144.08
clam gulch,ak,60.20,-151.42
clarks point,ak,58.85,-158.45
clear,ak,64.42,-149.14
coffman cove,ak,55.34,-131.65
cold bay,ak,55.61,-161.94
cooper landing,ak,60.48,-149.82
copper center,ak,61.92,-144.98
cordova,ak,60.10,-147.94
craig,ak,55.47,-133.12
crooked creek,ak,61.82,-158.00
deering,ak,66.06,-162.71
delta junction,ak,64.01,-145.61
denali national park,ak,63.52,-149.54
dillingham,ak,59.06,-158.97
douglas,ak,58.28,-134.40
dutch harbor,ak,53.36,-167.51
eagle,ak,64.78,-141.20
eagle river,ak,61.31,-149.51
eek,ak,60.22,-162.03
egegik,ak,58.21,-157.34
eielson afb,ak,64.67,-147.08
ekwok,ak,59.36,-157.48
elfin cove,ak,58.20,-136.36
elim,ak,64.62,-162.26
elmendorf afb,ak,61.25,-149.81
emmonak,ak,62.83,-164.13
ester,ak,64.85,-148.02
fairbanks,ak,64.84,-147.71
false pass,ak,54.84,-163.44
ft greely,ak,64.04,-145.73
ft richardson,ak,61.28,-149.68
ft wainwright,ak,64.83,-147.66
ft yukon,ak,66.52,-145.31
gakona,ak,62.65,-143.57
galena,ak,64.76,-156.80
gambell,ak,63.78,-171.70
girdwood,ak,60.94,-149.17
glennallen,ak,62.10,-145.66
goodnews bay,ak,59.09,-161.59
grayling,ak,63.37,-159.40
gustavus,ak,58.43,-135.76
haines,ak,59.25,-135.54
healy,ak,63.92,-149.01
holy cross,ak,62.19,-159.83
homer,ak,59.67,-151.46
hoonah,ak,58.03,-135.56
hooper bay,ak,61.54,-165.89
hope,ak,60.92,-149.64
houston,ak,61.63,-149.84
hughes,ak,66.04,-154.26
huslia,ak,65.69,-156.29
hydaburg,ak,55.14,-132.63
hyder,ak,55.93,-130.12
iliamna,ak,59.56,-155.46
indian,ak,60.98,-149.49
juneau,ak,58.36,-134.53
kake,ak,56.98,-133.95
kaktovik,ak,70.04,-143.63
kalskag,ak,61.54,-160.33
kaltag,ak,64.33,-158.72
karluk,ak,57.57,-154.46
kasigluk,ak,60.90,-162.52
kasilof,ak,60.32,-151.29
kenai,ak,60.61,-151.25
ketchikan,ak,55.37,-131.68
kiana,ak,67.18,-158.15
king cove,ak,55.06,-162.31
king salmon,ak,58.72,-156.64
kipnuk,ak,59.92,-164.10
kivalina,ak,67.67,-163.73
klawock,ak,55.55,-133.06
kobuk,ak,66.91,-157.07
kodiak,ak,57.78,-152.50
kongiganak,ak,60.99,-149.41
kotlik,ak,63.03,-163.55
kotzebue,ak,66.85,-162.13
koyuk,ak,64.93,-161.15
koyukuk,ak,64.88,-157.70
kwethluk,ak,60.77,-161.39
kwigillingok,ak,59.88,-162.98
lake minchumina,ak,63.90,-152.43
larsen bay,ak,57.54,-153.98
levelock,ak,59.37,-154.98
lower kalskag,ak,61.51,-160.36
manley hot springs,ak,65.02,-150.57
manokotak,ak,59.01,-158.99
marshall,ak,61.84,-161.74
mc grath,ak,62.97,-155.59
mekoryuk,ak,60.37,-166.28
metlakatla,ak,55.12,-131.58
meyers chuck,ak,55.74,-132.25
minto,ak,65.06,-149.69
moose pass,ak,60.86,-149.26
mountain village,ak,62.16,-163.88
naknek,ak,58.89,-156.71
napakiak,ak,60.66,-161.74
nenana,ak,64.56,-149.09
new stuyahok,ak,59.59,-157.30
nightmute,ak,60.48,-164.72
nikiski,ak,60.69,-151.29
nikolai,ak,63.00,-154.38
nikolski,ak,52.99,-168.79
ninilchik,ak,60.01,-151.64
noatak,ak,66.98,-160.51
nome,ak,64.51,-165.31
nondalton,ak,60.03,-154.73
noorvik,ak,66.84,-161.04
north pole,ak,64.78,-147.37
northway,ak,62.96,-141.91
nuiqsut,ak,70.19,-151.00
nulato,ak,64.78,-157.99
nunam iqua,ak,62.51,-164.45
nunapitchuk,ak,60.90,-162.46
old harbor,ak,57.20,-153.30
ouzinkie,ak,57.92,-152.49
palmer,ak,61.61,-149.07
pedro bay,ak,59.92,-153.82
pelican,ak,57.96,-136.23
perryville,ak,55.95,-159.26
petersburg,ak,56.83,-133.16
pilot point,ak,57.60,-157.45
pilot station,ak,61.95,-162.87
platinum,ak,58.63,-162.04
point baker,ak,56.31,-133.38
point hope,ak,68.31,-166.73
point lay,ak,69.71,-162.91
port alexander,ak,57.05,-135.33
port alsworth,ak,60.64,-154.43
port heiden,ak,56.96,-158.57
port lions,ak,57.87,-152.88
prudhoe bay,ak,70.07,-148.56
quinhagak,ak,59.74,-161.87
rampart,ak,65.38,-150.01
red devil,ak,61.74,-157.20
ruby,ak,64.72,-155.50
russian mission,ak,61.59,-161.56
st george island,ak,56.60,-169.55
st marys,ak,62.05,-163.21
st michael,ak,63.48,-162.11
st paul island,ak,57.18,-170.29
salcha,ak,64.51,-146.95
sand point,ak,55.32,-160.49
savoonga,ak,63.68,-170.47
scammon bay,ak,61.85,-165.58
selawik,ak,65.71,-158.53
seldovia,ak,59.44,-151.71
seward,ak,60.13,-149.40
shageluk,ak,62.66,-159.53
shaktoolik,ak,64.38,-161.17
shishmaref,ak,66.23,-166.14
shungnak,ak,66.96,-157.61
sitka,ak,57.05,-135.32
skagway,ak,59.47,-135.30
skwentna,ak,61.96,-151.18
sleetmute,ak,61.63,-157.12
soldotna,ak,60.48,-151.14
south naknek,ak,58.74,-156.85
stebbins,ak,63.48,-162.23
sterling,ak,60.52,-150.85
stevens village,ak,66.00,-149.12
sutton,ak,61.80,-148.46
takotna,ak,62.95,-155.57
talkeetna,ak,62.26,-150.11
tanacross,ak,63.39,-143.35
tanana,ak,65.16,-152.10
tatitlek,ak,60.86,-146.68
teller,ak,65.24,-166.38
tenakee springs,ak,57.78,-135.22
thorne bay,ak,55.66,-132.51
togiak,ak,59.07,-160.40
tok,ak,63.33,-142.98
toksook bay,ak,60.54,-165.10
trapper creek,ak,61.44,-150.28
tuluksak,ak,61.11,-160.94
tuntutuliak,ak,60.84,-161.64
tununak,ak,60.54,-165.10
two rivers,ak,64.87,-147.04
tyonek,ak,61.12,-151.35
unalakleet,ak,63.88,-160.79
unalaska,ak,53.89,-166.52
valdez,ak,60.90,-146.20
venetie,ak,67.01,-146.41
wainwright,ak,70.62,-160.01
wales,ak,65.69,-168.52
ward cove,ak,55.41,-131.72
wasilla,ak,61.58,-149.44
white mountain,ak,64.70,-163.42
whittier,ak,60.77,-148.68
willow,ak,61.77,-150.19
wrangell,ak,56.43,-132.35
yakutat,ak,59.62,-139.78
abbeville,al,31.58,-85.28
abernant,al,33.29,-87.20
adamsville,al,33.59,-86.96
addison,al,34.21,-87.19
adger,al,33.43,-87.17
akron,al,32.87,-87.71
alabaster,al,33.24,-86.81
alberta,al,32.14,-87.34
albertville,al,34.27,-86.21
alexander city,al,32.94,-85.95
alexandria,al,33.78,-85.89
aliceville,al,33.12,-88.17
allgood,al,33.91,-86.51
alma,al,31.46,-87.75
alpine,al,33.33,-86.21
alton,al,33.58,-86.64
altoona,al,34.04,-86.35
andalusia,al,31.30,-86.49
anderson,al,34.95,-87.27
annemanie,al,32.05,-87.57
anniston,al,33.65,-85.84
arab,al,34.33,-86.49
ardmore,al,34.98,-86.83
ariton,al,31.58,-85.71
arley,al,34.06,-87.18
arlington,al,32.07,-87.56
ashford,al,31.19,-85.25
ashland,al,33.25,-85.83
ashville,al,33.84,-86.26
athens,al,34.80,-86.97
atmore,al,31.06,-87.49
attalla,al,34.03,-86.10
auburn,al,32.60,-85.49
auburn university,al,32.60,-85.49
autaugaville,al,32.46,-86.71
axis,al,31.01,-88.04
baileyton,al,34.27,-86.62
banks,al,31.84,-85.80
bankston,al,33.70,-87.69
bay minette,al,30.86,-87.76
bayou la batre,al,30.41,-88.25
bear creek,al,34.21,-87.69
beatrice,al,31.73,-87.17
beaverton,al,33.94,-88.02
belk,al,33.65,-87.93
bellamy,al,32.45,-88.13
belle mina,al,34.66,-86.88
bellwood,al,31.17,-85.79
berry,al,33.69,-87.62
bessemer,al,33.41,-86.95
billingsley,al,32.61,-86.72
birmingham,al,33.52,-86.80
black,al,31.01,-85.75
blountsville,al,34.09,-86.57
boaz,al,34.17,-86.12
boligee,al,32.77,-88.03
bon air,al,33.26,-86.34
bon secour,al,30.33,-87.72
booth,al,32.50,-86.57
boykin,al,32.08,-87.28
brantley,al,31.57,-86.27
bremen,al,33.97,-87.00
brent,al,32.94,-87.21
brewton,al,31.12,-87.07
bridgeport,al,34.94,-85.73
brierfield,al,33.04,-86.95
brilliant,al,34.04,-87.76
brooklyn,al,31.26,-86.77
brookside,al,33.64,-86.92
brookwood,al,33.28,-87.31
brownsboro,al,34.72,-86.47
brundidge,al,31.70,-85.82
bryant,al,34.95,-85.63
bucks,al,31.01,-88.02
buhl,al,33.25,-87.72
burnt corn,al,31.46,-86.93
burnwell,al,33.71,-87.09
butler,al,32.08,-88.21
bynum,al,33.61,-85.96
calera,al,33.11,-86.76
calvert,al,31.16,-88.03
camden,al,32.00,-87.30
camp hill,al,32.78,-85.65
campbell,al,31.96,-88.01
capshaw,al,34.77,-86.79
carbon hill,al,33.91,-87.54
cardiff,al,33.65,-86.93
carlton,al,31.32,-87.84
carrollton,al,33.25,-88.13
castleberry,al,31.33,-87.03
catherine,al,32.18,-87.48
cecil,al,32.30,-86.01
cedar bluff,al,34.24,-85.60
centre,al,34.11,-85.61
centreville,al,32.95,-87.12
chancellor,al,31.17,-85.91
chapman,al,31.67,-86.71
chatom,al,31.49,-88.27
chelsea,al,33.37,-86.61
cherokee,al,34.74,-87.97
childersburg,al,33.27,-86.34
choccolocco,al,33.66,-85.70
chunchula,al,30.99,-88.13
citronelle,al,31.04,-88.25
clanton,al,32.84,-86.64
clay,al,33.70,-86.60
clayton,al,31.89,-85.45
cleveland,al,33.99,-86.56
clinton,al,32.91,-87.99
clio,al,31.69,-85.59
clopton,al,31.60,-85.48
cloverdale,al,34.94,-87.77
coaling,al,33.16,-87.34
coden,al,30.42,-88.17
coffee springs,al,31.14,-85.92
coffeeville,al,31.78,-88.07
coker,al,33.25,-87.64
collinsville,al,34.27,-85.86
columbia,al,31.34,-85.15
columbiana,al,33.18,-86.62
cook springs,al,33.59,-86.36
coosada,al,32.50,-86.33
cordova,al,33.77,-87.18
cottondale,al,33.18,-87.39
cottonton,al,32.15,-85.07
cottonwood,al,31.10,-85.38
courtland,al,34.67,-87.31
cowarts,al,31.20,-85.30
coy,al,31.89,-87.39
cragford,al,33.22,-85.71
crane hill,al,34.08,-87.05
creola,al,30.90,-88.02
cropwell,al,33.51,-86.28
crossville,al,34.26,-86.03
cuba,al,32.41,-88.36
cullman,al,34.18,-86.83
cusseta,al,32.80,-85.22
dadeville,al,32.82,-85.77
daleville,al,31.28,-85.73
danville,al,34.45,-87.05
daphne,al,30.62,-87.89
dauphin island,al,30.25,-88.11
daviston,al,33.03,-85.75
dawson,al,34.36,-85.93
de armanville,al,33.63,-85.75
deatsville,al,32.61,-86.34
decatur,al,34.59,-86.99
deer park,al,31.18,-88.33
delmar,al,34.17,-87.61
delta,al,33.46,-85.68
demopolis,al,32.49,-87.84
detroit,al,34.01,-88.16
dickinson,al,31.72,-87.66
dixons mills,al,32.07,-87.75
docena,al,33.56,-86.93
dolomite,al,33.47,-86.96
dora,al,33.73,-87.04
dothan,al,31.20,-85.42
double springs,al,34.14,-87.40
douglas,al,34.17,-86.32
dozier,al,31.51,-86.37
duncanville,al,33.08,-87.49
dutton,al,34.60,-85.91
east tallassee,al,32.61,-85.81
eastaboga,al,33.60,-85.96
echola,al,33.32,-87.81
eclectic,al,32.65,-86.03
edwardsville,al,33.71,-85.51
eight mile,al,30.80,-88.18
elba,al,31.41,-86.08
elberta,al,30.39,-87.59
eldridge,al,33.93,-87.62
elkmont,al,34.92,-86.91
elmore,al,32.55,-86.32
elrod,al,33.34,-87.80
emelle,al,32.75,-88.31
empire,al,33.83,-87.02
enterprise,al,31.34,-85.84
epes,al,32.76,-88.16
equality,al,32.81,-86.11
estillfork,al,34.91,-86.17
ethelsville,al,33.39,-88.22
eufaula,al,31.91,-85.17
eutaw,al,32.89,-87.93
eva,al,34.35,-86.70
excel,al,31.43,-87.34
fackler,al,34.83,-85.98
fairfield,al,33.47,-86.92
fairhope,al,30.50,-87.88
falkville,al,34.35,-86.91
faunsdale,al,32.42,-87.62
fayette,al,33.70,-87.83
fitzpatrick,al,32.15,-85.89
five points,al,33.04,-85.32
flat rock,al,34.81,-85.71
flomaton,al,31.04,-87.27
florala,al,31.02,-86.34
florence,al,34.83,-87.66
foley,al,30.40,-87.69
forest home,al,31.85,-86.79
forkland,al,32.64,-87.88
ft davis,al,32.29,-85.70
ft deposit,al,32.00,-86.58
ft mitchell,al,32.34,-85.02
ft payne,al,34.44,-85.71
ft rucker,al,31.35,-85.72
fosters,al,33.14,-87.74
franklin,al,31.72,-87.44
frankville,al,31.65,-88.13
frisco city,al,31.42,-87.38
fruitdale,al,31.35,-88.38
fruithurst,al,33.77,-85.44
fulton,al,31.79,-87.71
fultondale,al,33.61,-86.81
furman,al,32.01,-86.97
fyffe,al,34.44,-85.93
gadsden,al,34.00,-86.01
gainestown,al,31.43,-87.68
gainesville,al,32.91,-88.27
gallant,al,34.00,-86.23
gallion,al,32.53,-87.70
gantt,al,31.42,-86.42
garden city,al,34.01,-86.75
gardendale,al,33.72,-86.82
gaylesville,al,34.36,-85.56
geneva,al,31.04,-85.88
georgiana,al,31.63,-86.73
geraldine,al,34.34,-86.04
gilbertown,al,31.87,-88.33
glen allen,al,33.90,-87.73
glenwood,al,31.66,-86.17
goodsprings,al,33.67,-87.23
goodwater,al,33.07,-86.08
goodway,al,31.34,-87.43
gordo,al,33.35,-87.90
gordon,al,31.10,-85.12
goshen,al,31.82,-86.10
grady,al,32.02,-86.13
graham,al,33.46,-85.33
grand bay,al,30.50,-88.33
grant,al,34.50,-86.26
graysville,al,33.63,-86.95
green pond,al,33.23,-87.13
greensboro,al,32.72,-87.59
greenville,al,31.81,-86.62
grove hill,al,31.68,-87.76
groveoak,al,34.44,-86.04
guin,al,33.97,-87.90
gulf shores,al,30.27,-87.71
guntersville,al,34.32,-86.31
gurley,al,34.71,-86.39
hackleburg,al,34.27,-87.86
haleyville,al,34.23,-87.59
hamilton,al,34.15,-88.01
hanceville,al,34.05,-86.78
hardaway,al,32.31,-85.88
harpersville,al,33.37,-86.43
hartford,al,31.09,-85.72
hartselle,al,34.45,-86.92
harvest,al,34.83,-86.75
hatchechubbee,al,32.28,-85.30
hayden,al,33.89,-86.82
hayneville,al,32.20,-86.65
hazel green,al,34.95,-86.59
headland,al,31.35,-85.33
heflin,al,33.61,-85.59
helena,al,33.32,-86.81
henagar,al,34.62,-85.73
higdon,al,34.87,-85.62
highland home,al,31.93,-86.30
hillsboro,al,34.65,-87.18
hodges,al,34.34,-87.96
hollins,al,33.12,-86.14
holly pond,al,34.19,-86.62
hollytree,al,34.80,-86.23
hollywood,al,34.73,-85.95
holy trinity,al,32.22,-85.01
honoraville,al,31.88,-86.40
hope hull,al,32.22,-86.39
horton,al,34.19,-86.32
houston,al,34.12,-87.26
huntsville,al,34.73,-86.57
hurtsboro,al,32.25,-85.40
huxford,al,31.22,-87.46
ider,al,34.74,-85.64
irvington,al,30.48,-88.24
jachin,al,32.24,-88.23
jack,al,31.55,-86.04
jackson,al,31.51,-87.87
jacksons gap,al,32.88,-85.85
jacksonville,al,33.83,-85.78
jasper,al,33.87,-87.25
jefferson,al,32.39,-87.90
jemison,al,32.98,-86.72
jones,al,32.61,-86.89
joppa,al,34.28,-86.55
kansas,al,33.90,-87.55
kellerman,al,33.34,-87.30
kellyton,al,32.98,-86.05
kennedy,al,33.57,-88.05
kent,al,32.62,-85.95
killen,al,34.90,-87.51
kimberly,al,33.77,-86.81
kinston,al,31.26,-86.07
knoxville,al,32.98,-87.79
laceys spring,al,34.50,-86.61
lafayette,al,32.93,-85.44
lanett,al,32.86,-85.22
langston,al,34.50,-86.11
lapine,al,31.99,-86.28
lawley,al,32.86,-86.96
leeds,al,33.53,-86.57
leesburg,al,34.19,-85.77
leighton,al,34.71,-87.52
lenox,al,31.33,-87.20
leroy,al,31.49,-87.97
lester,al,34.92,-87.14
letohatchee,al,32.09,-86.49
lexington,al,34.96,-87.39
lillian,al,30.40,-87.47
lincoln,al,33.61,-86.11
linden,al,32.31,-87.80
lineville,al,33.33,-85.73
lisman,al,32.22,-88.32
little river,al,31.22,-87.75
livingston,al,32.59,-88.17
loachapoka,al,32.60,-85.59
lockhart,al,31.01,-86.35
locust fork,al,33.91,-86.62
logan,al,34.18,-87.04
louisville,al,31.79,-85.56
lower peach tree,al,31.85,-87.57
lowndesboro,al,32.30,-86.61
loxley,al,30.62,-87.76
luverne,al,31.71,-86.26
lynn,al,34.05,-87.54
madison,al,34.66,-86.81
magnolia,al,32.14,-87.70
magnolia springs,al,30.39,-87.79
malcolm,al,31.19,-88.01
malvern,al,31.16,-85.52
maplesville,al,32.80,-86.87
marbury,al,32.64,-86.51
margaret,al,33.69,-86.47
marion,al,32.65,-87.33
marion junction,al,32.43,-87.27
mathews,al,32.13,-86.04
maylene,al,33.23,-86.87
mc calla,al,33.28,-87.10
mc intosh,al,31.24,-88.05
mc kenzie,al,31.54,-86.74
mc shan,al,33.38,-88.14
mc williams,al,31.85,-87.09
megargel,al,31.38,-87.43
melvin,al,31.93,-88.46
mentone,al,34.59,-85.58
meridianville,al,34.86,-86.58
mexia,al,31.51,-87.39
midland city,al,31.37,-85.51
midway,al,32.10,-85.53
millbrook,al,32.50,-86.36
millerville,al,33.16,-85.97
millport,al,33.54,-88.20
millry,al,31.63,-88.36
minter,al,32.10,-86.92
mobile,al,30.70,-88.04
monroeville,al,31.52,-87.34
montevallo,al,33.12,-86.86
montgomery,al,32.37,-86.31
montrose,al,30.57,-87.90
moody,al,33.58,-86.52
mooresville,al,34.63,-86.88
morris,al,33.74,-86.77
morvin,al,31.97,-87.97
moulton,al,34.51,-87.22
moundville,al,32.98,-87.62
mt hope,al,34.46,-87.45
mt meigs,al,32.36,-86.10
mt olive,al,33.68,-86.87
mt vernon,al,31.10,-88.04
mulga,al,33.54,-87.04
munford,al,33.54,-85.94
muscadine,al,33.75,-85.38
muscle shoals,al,34.76,-87.63
myrtlewood,al,32.25,-87.95
nanafalia,al,32.11,-87.99
natural bridge,al,34.09,-87.60
nauvoo,al,33.93,-87.43
needham,al,32.01,-88.35
new brockton,al,31.37,-85.94
new castle,al,33.65,-86.77
new hope,al,34.55,-86.40
new market,al,34.90,-86.45
newbern,al,32.55,-87.56
newton,al,31.33,-85.60
newville,al,31.44,-85.33
normal,al,34.79,-86.57
northport,al,33.26,-87.59
notasulga,al,32.54,-85.69
oak hill,al,31.93,-87.08
oakman,al,33.70,-87.37
odenville,al,33.68,-86.41
ohatchee,al,33.78,-86.03
oneonta,al,33.93,-86.47
opelika,al,32.63,-85.36
opp,al,31.28,-86.26
orange beach,al,30.29,-87.56
orrville,al,32.29,-87.22
owens cross roads,al,34.61,-86.47
oxford,al,33.60,-85.83
ozark,al,31.44,-85.64
paint rock,al,34.67,-86.33
palmerdale,al,33.74,-86.65
panola,al,32.95,-88.27
pansey,al,31.13,-85.24
parrish,al,33.72,-87.27
pelham,al,33.31,-86.81
pell city,al,33.60,-86.34
pennington,al,32.23,-88.09
perdido,al,30.98,-87.63
perdue hill,al,31.51,-87.49
perote,al,32.00,-85.75
peterman,al,31.59,-87.26
peterson,al,33.23,-87.42
petrey,al,31.85,-86.21
phenix city,al,32.48,-85.09
phil campbell,al,34.35,-87.72
piedmont,al,33.84,-85.65
pike road,al,32.34,-86.10
pinckard,al,31.31,-85.55
pine apple,al,31.93,-87.00
pine hill,al,31.97,-87.58
pine level,al,32.07,-86.06
pinson,al,33.71,-86.66
pisgah,al,34.69,-85.80
pittsview,al,32.17,-85.13
plantersville,al,32.62,-86.95
pleasant grove,al,33.49,-86.98
point clear,al,30.47,-87.92
prattville,al,32.48,-86.43
princeton,al,34.84,-86.25
quinton,al,33.66,-87.10
ragland,al,33.74,-86.16
rainsville,al,34.50,-85.84
ralph,al,33.06,-87.74
ramer,al,32.07,-86.25
ranburne,al,33.56,-85.38
randolph,al,32.89,-86.91
range,al,31.30,-87.32
red bay,al,34.45,-88.11
red level,al,31.44,-86.61
reform,al,33.40,-88.02
remlap,al,33.85,-86.64
repton,al,31.43,-87.17
river falls,al,31.35,-86.54
riverside,al,33.61,-86.20
roanoke,al,33.16,-85.36
robertsdale,al,30.56,-87.64
rockford,al,32.88,-86.24
rogersville,al,34.85,-87.32
russellville,al,34.51,-87.73
rutledge,al,31.76,-86.35
ryland,al,34.77,-86.48
safford,al,32.30,-87.37
saginaw,al,33.22,-86.79
st elmo,al,30.50,-88.25
st stephens,al,31.53,-88.05
salem,al,32.62,-85.18
samantha,al,33.42,-87.61
samson,al,31.10,-86.07
saraland,al,30.83,-88.09
sardis,al,32.28,-86.99
satsuma,al,30.85,-88.05
sawyerville,al,32.76,-87.74
sayre,al,33.71,-86.97
scottsboro,al,34.67,-86.05
seale,al,32.31,-85.17
section,al,34.54,-85.99
selma,al,32.42,-87.02
seminole,al,30.50,-87.47
semmes,al,30.75,-88.27
shannon,al,33.41,-86.87
sheffield,al,34.76,-87.70
shelby,al,33.08,-86.55
shorter,al,32.38,-85.92
shorterville,al,31.63,-85.15
silas,al,31.77,-88.31
siluria,al,33.24,-86.82
silverhill,al,30.52,-87.75
sipsey,al,33.82,-87.09
skipperville,al,31.55,-85.55
slocomb,al,31.10,-85.58
smiths station,al,32.52,-85.10
somerville,al,34.50,-86.80
spanish ft,al,30.70,-87.89
spring garden,al,33.97,-85.55
springville,al,33.74,-86.44
spruce pine,al,34.38,-87.71
stanton,al,32.71,-86.89
stapleton,al,30.74,-87.79
steele,al,33.94,-86.23
sterrett,al,33.45,-86.49
stevenson,al,34.88,-85.85
stockton,al,31.01,-87.86
sulligent,al,33.85,-88.15
sumiton,al,33.77,-87.04
summerdale,al,30.48,-87.70
sunflower,al,31.38,-88.01
sweet water,al,32.08,-87.92
sycamore,al,33.25,-86.20
sylacauga,al,33.17,-86.27
sylvania,al,34.56,-85.79
talladega,al,33.44,-86.11
tallassee,al,32.55,-85.90
tanner,al,34.71,-86.99
theodore,al,30.54,-88.18
thomaston,al,32.25,-87.60
thomasville,al,31.91,-87.76
thorsby,al,32.92,-86.75
tibbie,al,31.37,-88.27
titus,al,32.69,-86.24
toney,al,34.91,-86.70
town creek,al,34.65,-87.43
townley,al,33.85,-87.44
toxey,al,31.93,-88.32
trafford,al,33.82,-86.74
trenton,al,34.74,-86.29
trinity,al,34.59,-87.09
troy,al,31.76,-86.00
trussville,al,33.63,-86.60
tuscaloosa,al,33.20,-87.56
tuscumbia,al,34.69,-87.68
tuskegee,al,32.43,-85.69
tuskegee institute,al,32.43,-85.71
tyler,al,32.28,-86.86
union grove,al,34.41,-86.46
union springs,al,32.17,-85.68
uniontown,al,32.45,-87.49
uriah,al,31.31,-87.57
valhermoso springs,al,34.54,-86.68
valley,al,32.81,-85.17
valley head,al,34.57,-85.63
vance,al,33.17,-87.26
vandiver,al,33.48,-86.50
verbena,al,32.76,-86.54
vernon,al,33.76,-88.10
vina,al,34.37,-88.08
vincent,al,33.40,-86.40
vinegar bend,al,31.26,-88.39
vinemont,al,34.26,-86.91
vredenburgh,al,31.73,-87.42
wadley,al,33.15,-85.55
wagarville,al,31.41,-88.07
walnut grove,al,34.07,-86.31
ward,al,32.33,-88.30
warrior,al,33.85,-86.82
waterloo,al,34.94,-87.96
watson,al,33.63,-86.88
wattsville,al,33.68,-86.28
waverly,al,32.76,-85.51
weaver,al,33.76,-85.81
webb,al,31.27,-85.25
wedowee,al,33.30,-85.47
wellington,al,33.86,-85.92
weogufka,al,33.02,-86.30
west blocton,al,33.14,-87.14
west greene,al,32.92,-88.09
westover,al,33.35,-86.54
wetumpka,al,32.55,-86.19
whatley,al,31.64,-87.66
wilmer,al,30.81,-88.33
wilsonville,al,33.23,-86.53
wilton,al,33.08,-86.88
winfield,al,33.93,-87.80
wing,al,31.15,-86.56
woodland,al,33.36,-85.35
woodstock,al,33.17,-87.16
woodville,al,34.67,-86.23
york,al,32.47,-88.27
adona,ar,35.05,-92.90
alexander,ar,34.63,-92.47
alicia,ar,35.94,-91.08
alix,ar,35.43,-93.73
alleene,ar,33.77,-94.26
alma,ar,35.50,-94.21
almyra,ar,34.41,-91.43
alpena,ar,36.30,-93.28
alpine,ar,34.23,-93.38
altheimer,ar,34.31,-91.83
altus,ar,35.40,-93.81
amagon,ar,35.56,-91.08
amity,ar,34.26,-93.42
antoine,ar,34.03,-93.44
arkadelphia,ar,34.12,-93.07
arkansas city,ar,33.61,-91.23
armorel,ar,35.94,-89.76
ash flat,ar,36.22,-91.61
ashdown,ar,33.68,-94.14
atkins,ar,35.24,-92.95
aubrey,ar,34.70,-90.91
augusta,ar,35.28,-91.35
austin,ar,35.03,-91.96
avoca,ar,36.40,-94.07
bald knob,ar,35.31,-91.55
banks,ar,33.55,-92.26
barling,ar,35.33,-94.31
barton,ar,34.55,-90.77
bassett,ar,35.51,-90.19
batesville,ar,35.78,-91.64
bauxite,ar,34.55,-92.36
bay,ar,35.75,-90.55
bearden,ar,33.73,-92.62
beaver,ar,36.47,-93.77
bee branch,ar,35.42,-92.41
beebe,ar,35.09,-91.91
beech grove,ar,36.18,-90.62
beedeville,ar,35.42,-91.11
beirne,ar,33.89,-93.20
bella vista,ar,36.47,-94.25
belleville,ar,35.10,-93.45
ben lomond,ar,33.84,-94.12
benton,ar,34.58,-92.60
bentonville,ar,36.36,-94.22
bergman,ar,36.32,-93.01
berryville,ar,36.35,-93.56
bexar,ar,36.31,-91.99
big flat,ar,36.01,-92.39
bigelow,ar,34.98,-92.63
biggers,ar,36.34,-90.78
biscoe,ar,34.83,-91.49
bismarck,ar,34.31,-93.19
black oak,ar,35.84,-90.35
black rock,ar,36.11,-91.12
blevins,ar,33.88,-93.54
blue mountain,ar,35.13,-93.72
bluff city,ar,33.70,-93.19
bluffton,ar,34.90,-93.59
blytheville,ar,35.93,-89.92
board camp,ar,34.54,-94.10
boles,ar,34.77,-94.06
bonnerdale,ar,34.35,-93.32
bono,ar,35.91,-90.78
booneville,ar,35.14,-93.93
bradford,ar,35.43,-91.52
bradley,ar,33.11,-93.63
branch,ar,35.30,-93.95
brickeys,ar,34.85,-90.54
briggsville,ar,34.92,-93.52
brinkley,ar,34.88,-91.19
brockwell,ar,36.14,-91.95
brookland,ar,35.92,-90.58
bryant,ar,34.61,-92.49
buckner,ar,33.38,-93.45
bull shoals,ar,36.37,-92.59
burdette,ar,35.81,-89.94
cabot,ar,34.95,-92.03
caddo gap,ar,34.40,-93.59
caldwell,ar,35.07,-90.82
cale,ar,33.62,-93.26
calico rock,ar,36.14,-92.15
calion,ar,33.33,-92.54
camden,ar,33.58,-92.83
camp,ar,36.40,-91.73
canehill,ar,35.91,-94.39
caraway,ar,35.76,-90.34
carlisle,ar,34.79,-91.75
carthage,ar,34.06,-92.63
casa,ar,35.03,-93.05
cash,ar,35.83,-90.94
casscoe,ar,34.47,-91.32
cave city,ar,35.95,-91.54
cave springs,ar,36.27,-94.21
cecil,ar,35.43,-93.94
cedarville,ar,35.59,-94.34
center ridge,ar,35.40,-92.56
centerton,ar,36.37,-94.31
centerville,ar,35.11,-93.17
charleston,ar,35.31,-94.03
charlotte,ar,35.83,-91.40
cherokee village,ar,36.30,-91.52
cherry valley,ar,35.40,-90.76
chester,ar,35.69,-94.20
chidester,ar,33.70,-93.02
choctaw,ar,35.52,-92.43
clarendon,ar,34.66,-91.26
clarkedale,ar,35.31,-90.24
clarkridge,ar,36.44,-92.35
clarksville,ar,35.49,-93.49
cleveland,ar,35.36,-92.71
clinton,ar,35.60,-92.48
coal hill,ar,35.44,-93.67
college station,ar,34.71,-92.22
colt,ar,35.10,-90.79
columbus,ar,33.75,-93.86
combs,ar,35.85,-93.83
compton,ar,36.10,-93.31
concord,ar,35.64,-91.83
conway,ar,35.08,-92.42
cord,ar,35.82,-91.34
corning,ar,36.42,-90.59
cotter,ar,36.28,-92.53
cotton plant,ar,35.02,-91.23
cove,ar,34.42,-94.39
coy,ar,34.54,-91.87
crawfordsville,ar,35.21,-90.34
crocketts bluff,ar,34.43,-91.23
crossett,ar,33.15,-91.96
crumrod,ar,34.22,-90.95
curtis,ar,34.00,-93.11
cushman,ar,35.87,-91.78
damascus,ar,35.29,-92.43
danville,ar,35.05,-93.39
dardanelle,ar,35.20,-93.19
datto,ar,36.39,-90.72
de queen,ar,34.04,-94.34
de valls bluff,ar,34.74,-91.50
de witt,ar,34.29,-91.33
decatur,ar,36.33,-94.45
deer,ar,35.85,-93.32
delaplaine,ar,36.20,-90.73
delaware,ar,35.28,-93.35
delight,ar,34.02,-93.52
dell,ar,35.85,-90.04
dennard,ar,35.73,-92.56
dermott,ar,33.52,-91.44
des arc,ar,34.98,-91.51
desha,ar,35.73,-91.68
diamond city,ar,36.46,-92.92
diaz,ar,35.64,-91.27
dierks,ar,34.13,-94.02
doddridge,ar,33.11,-93.95
dolph,ar,36.22,-92.12
donaldson,ar,34.22,-92.91
dover,ar,35.41,-93.14
drasco,ar,35.66,-91.94
driver,ar,35.56,-89.96
dumas,ar,33.89,-91.49
dyer,ar,35.49,-94.14
dyess,ar,35.60,-90.22
earle,ar,35.28,-90.45
edgemont,ar,35.62,-92.20
edmondson,ar,35.02,-90.33
egypt,ar,35.87,-90.95
el dorado,ar,33.21,-92.66
el paso,ar,35.11,-92.09
elaine,ar,34.31,-90.87
elizabeth,ar,36.32,-92.09
elkins,ar,36.02,-94.01
elm springs,ar,36.21,-94.23
emerson,ar,33.09,-93.20
emmet,ar,33.69,-93.42
england,ar,34.56,-91.95
enola,ar,35.21,-92.21
ethel,ar,34.24,-91.14
etowah,ar,35.71,-90.22
eudora,ar,33.12,-91.27
eureka springs,ar,36.49,-93.73
evansville,ar,35.82,-94.48
evening shade,ar,36.09,-91.60
everton,ar,36.15,-92.91
fairfield bay,ar,35.66,-92.32
farmington,ar,36.04,-94.25
fayetteville,ar,36.05,-94.15
fifty six,ar,35.99,-92.22
fisher,ar,35.51,-90.96
flippin,ar,36.27,-92.58
floral,ar,35.60,-91.73
fordyce,ar,33.82,-92.42
foreman,ar,33.72,-94.39
forrest city,ar,35.01,-90.79
ft smith,ar,35.37,-94.41
fouke,ar,33.30,-93.90
fountain hill,ar,33.34,-91.84
fox,ar,35.77,-92.30
franklin,ar,36.13,-91.81
frenchmans bayou,ar,35.48,-90.06
friendship,ar,34.24,-92.98
fulton,ar,33.63,-93.81
gamaliel,ar,36.46,-92.23
garfield,ar,36.43,-93.95
garland city,ar,33.34,-93.73
garner,ar,35.13,-91.74
gassville,ar,36.32,-92.47
gateway,ar,36.49,-93.94
genoa,ar,33.38,-93.91
gentry,ar,36.27,-94.48
gepp,ar,36.44,-92.10
gilbert,ar,35.99,-92.72
gillett,ar,34.12,-91.38
gillham,ar,34.16,-94.32
gilmore,ar,35.39,-90.26
glencoe,ar,36.29,-91.77
glenwood,ar,34.32,-93.56
goodwin,ar,34.96,-90.98
goshen,ar,36.11,-93.99
gosnell,ar,35.93,-89.92
gould,ar,34.03,-91.58
grady,ar,34.03,-91.67
grannis,ar,34.24,-94.33
grapevine,ar,34.13,-92.31
gravelly,ar,34.89,-93.68
gravette,ar,36.42,-94.48
green forest,ar,36.32,-93.41
greenbrier,ar,35.23,-92.36
greenland,ar,35.99,-94.17
greenway,ar,36.33,-90.23
greenwood,ar,35.20,-94.25
gregory,ar,35.16,-91.34
griffithville,ar,35.11,-91.62
grubbs,ar,35.65,-91.07
guion,ar,35.96,-91.93
gurdon,ar,33.91,-93.14
guy,ar,35.32,-92.33
hackett,ar,35.19,-94.40
hagarville,ar,35.52,-93.34
hamburg,ar,33.21,-91.80
hampton,ar,33.54,-92.53
hardy,ar,36.32,-91.41
harrell,ar,33.51,-92.39
harriet,ar,35.97,-92.50
harrisburg,ar,35.57,-90.70
harrison,ar,36.24,-93.11
hartford,ar,35.02,-94.38
hartman,ar,35.44,-93.61
harvey,ar,34.87,-93.75
hasty,ar,36.02,-93.05
hatfield,ar,34.49,-94.37
hattieville,ar,35.29,-92.78
havana,ar,35.11,-93.58
haynes,ar,34.88,-90.77
hazen,ar,34.78,-91.58
heber springs,ar,35.51,-92.04
hector,ar,35.41,-92.97
helena,ar,34.53,-90.63
henderson,ar,36.36,-92.27
hensley,ar,34.59,-92.21
hermitage,ar,33.42,-92.13
heth,ar,35.10,-90.46
hickory plains,ar,34.98,-91.75
hickory ridge,ar,35.40,-90.98
higden,ar,35.55,-92.18
higginson,ar,35.19,-91.72
hindsville,ar,36.14,-93.86
hiwasse,ar,36.44,-94.34
holly grove,ar,34.60,-91.18
hope,ar,33.66,-93.59
horatio,ar,33.94,-94.30
horseshoe bend,ar,36.20,-91.76
hot springs national park,ar,34.50,-93.03
hot springs village,ar,34.64,-93.06
houston,ar,35.04,-92.69
hoxie,ar,36.03,-90.97
hughes,ar,34.95,-90.47
humnoke,ar,34.54,-91.76
humphrey,ar,34.40,-91.68
hunter,ar,35.05,-91.13
huntington,ar,35.10,-94.33
huntsville,ar,36.10,-93.73
huttig,ar,33.05,-92.19
ida,ar,35.59,-91.93
imboden,ar,36.20,-91.19
ivan,ar,33.90,-92.44
jacksonport,ar,35.64,-91.31
jacksonville,ar,34.88,-92.13
jasper,ar,36.00,-93.20
jefferson,ar,34.36,-92.15
jersey,ar,33.39,-92.30
jerusalem,ar,35.38,-92.81
jessieville,ar,34.69,-93.20
johnson,ar,36.13,-94.17
joiner,ar,35.51,-90.15
jones mill,ar,34.45,-92.86
jonesboro,ar,35.83,-90.70
judsonia,ar,35.32,-91.65
junction city,ar,33.04,-92.68
keiser,ar,35.68,-90.10
kensett,ar,35.23,-91.67
keo,ar,34.60,-92.01
kingsland,ar,33.86,-92.30
kingston,ar,36.05,-93.50
kirby,ar,34.26,-93.62
knobel,ar,36.32,-90.60
knoxville,ar,35.37,-93.36
la grange,ar,34.66,-90.73
lafe,ar,36.22,-90.51
lake city,ar,35.82,-90.44
lake village,ar,33.33,-91.28
lakeview,ar,36.40,-92.50
lamar,ar,35.43,-93.36
lambrook,ar,34.34,-90.97
laneburg,ar,33.69,-93.35
langley,ar,34.31,-93.85
lavaca,ar,35.34,-94.17
lawson,ar,33.20,-92.48
leachville,ar,35.93,-90.20
lead hill,ar,36.43,-92.93
leola,ar,34.19,-92.60
lepanto,ar,35.61,-90.34
leslie,ar,35.83,-92.57
letona,ar,35.36,-91.83
lewisville,ar,33.37,-93.60
lexa,ar,34.67,-90.79
light,ar,36.07,-90.75
lincoln,ar,35.96,-94.43
little rock,ar,34.75,-92.28
little rock air force base,ar,34.90,-92.14
lockesburg,ar,33.93,-94.13
locust grove,ar,35.72,-91.74
london,ar,35.34,-93.24
lonoke,ar,34.78,-91.92
lonsdale,ar,34.56,-92.83
louann,ar,33.41,-92.78
lowell,ar,36.24,-94.08
luxora,ar,35.76,-89.92
lynn,ar,36.02,-91.25
mabelvale,ar,34.62,-92.38
madison,ar,35.01,-90.72
magazine,ar,35.16,-93.80
magness,ar,35.71,-91.49
magnolia,ar,33.26,-93.24
malvern,ar,34.36,-92.83
mammoth spring,ar,36.41,-91.58
manila,ar,35.87,-90.18
mansfield,ar,35.04,-94.22
marble falls,ar,36.10,-93.14
marcella,ar,35.75,-91.94
marianna,ar,34.78,-90.78
marion,ar,35.21,-90.20
marked tree,ar,35.53,-90.42
marmaduke,ar,36.20,-90.38
marshall,ar,35.93,-92.64
marvell,ar,34.55,-90.94
maumelle,ar,34.85,-92.41
mayflower,ar,34.97,-92.40
maynard,ar,36.44,-90.87
maysville,ar,36.40,-94.58
mc caskill,ar,33.92,-93.63
mc crory,ar,35.25,-91.18
mc dougal,ar,36.38,-90.39
mc gehee,ar,33.63,-91.39
mc neil,ar,33.36,-93.19
mc rae,ar,35.11,-91.82
melbourne,ar,36.06,-91.91
mellwood,ar,34.22,-91.01
mena,ar,34.58,-94.22
menifee,ar,35.15,-92.55
midland,ar,35.09,-94.35
midway,ar,36.29,-92.43
mineral springs,ar,33.86,-93.92
minturn,ar,35.98,-91.03
monette,ar,35.90,-90.34
monroe,ar,34.73,-91.10
monticello,ar,33.62,-91.79
montrose,ar,33.31,-91.52
moro,ar,34.80,-91.01
morrilton,ar,35.17,-92.74
morrow,ar,35.85,-94.43
moscow,ar,34.15,-91.80
mt holly,ar,33.31,-92.94
mt ida,ar,34.56,-93.57
mt judea,ar,35.83,-93.08
mt pleasant,ar,35.98,-91.79
mt vernon,ar,35.26,-92.14
mountain home,ar,36.33,-92.38
mountain pine,ar,34.58,-93.16
mountain view,ar,35.87,-92.11
mountainburg,ar,35.57,-94.11
mulberry,ar,35.52,-93.99
murfreesboro,ar,34.10,-93.71
nashville,ar,33.96,-93.87
natural dam,ar,35.67,-94.41
new blaine,ar,35.32,-93.44
new edinburg,ar,33.76,-92.19
newark,ar,35.71,-91.44
newhope,ar,34.23,-93.89
newport,ar,35.60,-91.26
norfork,ar,36.21,-92.27
norman,ar,34.46,-93.67
norphlet,ar,33.31,-92.66
north little rock,ar,34.77,-92.27
o kean,ar,36.18,-90.82
oak grove,ar,36.46,-93.43
oakland,ar,36.44,-92.58
oark,ar,35.71,-93.56
oden,ar,34.61,-93.82
ogden,ar,33.59,-94.03
oil trough,ar,35.61,-91.47
okolona,ar,34.06,-93.29
ola,ar,35.03,-93.21
omaha,ar,36.46,-93.19
oneida,ar,34.41,-90.83
onia,ar,35.94,-92.35
osceola,ar,35.70,-89.98
oxford,ar,36.21,-91.93
ozan,ar,33.90,-93.77
ozark,ar,35.52,-93.84
ozone,ar,35.66,-93.43
palestine,ar,34.97,-90.90
pangburn,ar,35.42,-91.80
paragould,ar,36.06,-90.53
paris,ar,35.29,-93.73
parkdale,ar,33.12,-91.54
parkin,ar,35.26,-90.56
parks,ar,34.80,-93.95
paron,ar,34.79,-92.75
parthenon,ar,35.94,-93.27
patterson,ar,35.26,-91.23
pea ridge,ar,36.45,-94.12
peach orchard,ar,36.28,-90.67
pearcy,ar,34.44,-93.24
peel,ar,36.44,-92.78
pelsor,ar,35.69,-93.02
pencil bluff,ar,34.64,-93.74
perry,ar,35.04,-92.79
perryville,ar,34.97,-92.85
pettigrew,ar,35.83,-93.62
pickens,ar,33.81,-91.39
piggott,ar,36.39,-90.19
pindall,ar,36.07,-92.89
pine bluff,ar,34.22,-92.00
pineville,ar,36.17,-92.11
plainview,ar,34.97,-93.31
pleasant grove,ar,35.84,-91.93
pleasant plains,ar,35.59,-91.63
plumerville,ar,35.16,-92.62
pocahontas,ar,36.28,-91.00
pollard,ar,36.43,-90.28
ponca,ar,36.07,-93.40
poplar grove,ar,34.54,-90.88
portia,ar,36.08,-91.07
portland,ar,33.23,-91.51
pottsville,ar,35.24,-93.06
poughkeepsie,ar,36.07,-91.45
powhatan,ar,36.08,-91.15
poyen,ar,34.35,-92.60
prairie grove,ar,35.99,-94.32
prattsville,ar,34.31,-92.51
prescott,ar,33.80,-93.37
prim,ar,35.69,-92.13
proctor,ar,35.08,-90.26
pyatt,ar,36.25,-92.84
quitman,ar,35.40,-92.13
ratcliff,ar,35.28,-93.84
ravenden,ar,36.20,-91.26
ravenden springs,ar,36.31,-91.21
rector,ar,36.27,-90.27
redfield,ar,34.45,-92.18
reydell,ar,34.14,-91.55
reyno,ar,36.36,-90.75
rison,ar,33.95,-92.12
rivervale,ar,35.67,-90.34
roe,ar,34.63,-91.38
rogers,ar,36.34,-94.11
roland,ar,34.88,-92.52
romance,ar,35.22,-92.07
rose bud,ar,35.32,-92.06
rosie,ar,35.66,-91.53
rosston,ar,33.56,-93.30
rover,ar,34.95,-93.40
royal,ar,34.52,-93.29
rudy,ar,35.54,-94.24
russell,ar,35.36,-91.51
russellville,ar,35.28,-93.13
saffell,ar,35.92,-91.30
sage,ar,36.04,-91.82
st charles,ar,34.34,-91.17
st francis,ar,36.45,-90.14
st joe,ar,35.99,-92.79
st paul,ar,35.85,-93.73
salado,ar,35.70,-91.60
salem,ar,36.37,-91.84
saratoga,ar,33.76,-93.88
scotland,ar,35.51,-92.59
scott,ar,34.69,-92.12
scranton,ar,35.33,-93.54
searcy,ar,35.25,-91.76
sedgwick,ar,35.99,-90.88
sheridan,ar,34.32,-92.37
sherrill,ar,34.36,-91.99
sherwood,ar,34.86,-92.21
shirley,ar,35.57,-92.30
sidney,ar,35.99,-91.63
siloam springs,ar,36.18,-94.53
sims,ar,34.65,-93.67
smackover,ar,33.34,-92.74
smithville,ar,36.09,-91.27
snow lake,ar,34.07,-91.01
solgohachia,ar,35.27,-92.68
sparkman,ar,33.90,-92.81
springdale,ar,36.18,-94.18
springfield,ar,35.27,-92.55
stamps,ar,33.36,-93.50
star city,ar,33.94,-91.87
state university,ar,35.91,-90.45
stephens,ar,33.46,-93.02
story,ar,34.67,-93.54
strawberry,ar,35.97,-91.38
strong,ar,33.12,-92.36
sturkie,ar,36.46,-91.99
stuttgart,ar,34.49,-91.55
subiaco,ar,35.31,-93.64
success,ar,36.45,-90.73
sulphur rock,ar,35.75,-91.51
sulphur springs,ar,36.48,-94.45
summers,ar,36.01,-94.50
summit,ar,36.25,-92.69
sweet home,ar,34.69,-92.24
swifton,ar,35.83,-91.13
taylor,ar,33.11,-93.45
texarkana,ar,33.44,-94.04
thida,ar,35.55,-91.46
thornton,ar,33.77,-92.47
tichnor,ar,34.09,-91.24
tillar,ar,33.67,-91.52
tilly,ar,35.70,-92.84
timbo,ar,35.90,-92.25
tontitown,ar,36.18,-94.23
traskwood,ar,34.45,-92.65
trumann,ar,35.67,-90.52
tucker,ar,34.44,-91.92
tuckerman,ar,35.73,-91.20
tumbling shoals,ar,35.55,-91.97
tupelo,ar,35.39,-91.23
turner,ar,34.48,-91.02
turrell,ar,35.30,-90.26
tyronza,ar,35.49,-90.35
ulm,ar,34.58,-91.51
umpire,ar,34.29,-94.03
uniontown,ar,35.57,-94.43
urbana,ar,33.10,-92.49
valley springs,ar,36.15,-92.98
van buren,ar,35.45,-94.33
vandervoort,ar,34.38,-94.37
vanndale,ar,35.31,-90.77
vendor,ar,35.95,-93.10
vilonia,ar,35.07,-92.18
viola,ar,36.39,-91.99
violet hill,ar,36.16,-91.85
wabash,ar,34.39,-90.83
wabbaseka,ar,34.39,-91.75
walcott,ar,36.04,-90.67
waldenburg,ar,35.57,-90.93
waldo,ar,33.36,-93.29
waldron,ar,34.90,-94.08
walnut ridge,ar,36.08,-90.95
ward,ar,34.95,-91.90
warm springs,ar,36.47,-91.04
warren,ar,33.61,-92.08
washington,ar,33.75,-93.67
watson,ar,33.89,-91.28
weiner,ar,35.63,-90.93
wesley,ar,35.96,-93.91
west fork,ar,35.91,-94.23
west helena,ar,34.55,-90.65
west memphis,ar,35.15,-90.18
west point,ar,35.21,-91.61
west ridge,ar,35.68,-90.26
western grove,ar,36.08,-92.97
wheatley,ar,34.92,-91.11
whelen springs,ar,33.83,-93.13
white hall,ar,34.26,-92.09
wickes,ar,34.31,-94.34
wideman,ar,36.20,-92.00
widener,ar,35.06,-90.63
wilburn,ar,35.45,-91.91
williford,ar,36.25,-91.38
willisville,ar,33.48,-93.31
wilmar,ar,33.62,-91.93
wilmot,ar,33.06,-91.57
wilson,ar,35.57,-90.04
wilton,ar,33.73,-94.14
winchester,ar,33.75,-91.54
winslow,ar,35.83,-94.12
winthrop,ar,33.86,-94.40
wiseman,ar,36.23,-91.85
witter,ar,35.94,-93.62
witts springs,ar,35.79,-92.82
woodson,ar,34.53,-92.21
wooster,ar,35.20,-92.45
wright,ar,34.44,-92.06
wrightsville,ar,34.60,-92.22
wynne,ar,35.23,-90.79
yellville,ar,36.23,-92.72
yorktown,ar,34.02,-91.80
aguila,az,33.94,-113.17
ajo,az,32.37,-112.86
alpine,az,33.83,-109.13
amado,az,31.64,-111.07
apache junction,az,33.33,-111.33
arivaca,az,31.57,-111.33
arizona city,az,32.76,-111.67
arlington,az,33.31,-112.79
ash fork,az,35.21,-112.50
avondale,az,33.43,-112.34
bagdad,az,34.58,-113.18
bapchule,az,33.14,-111.87
bellemont,az,35.24,-111.83
benson,az,31.99,-110.29
bisbee,az,31.41,-109.91
black canyon city,az,34.07,-112.13
blue,az,33.65,-109.07
blue gap,az,36.10,-110.23
bouse,az,33.93,-114.00
bowie,az,32.33,-109.49
buckeye,az,33.39,-112.61
bullhead city,az,35.17,-114.54
bylas,az,33.13,-110.12
cameron,az,35.72,-111.41
camp verde,az,34.57,-111.86
carefree,az,33.82,-111.92
casa grande,az,32.89,-111.76
cashion,az,33.44,-112.30
catalina,az,32.50,-110.92
cave creek,az,33.83,-111.95
central,az,32.87,-109.79
chambers,az,35.14,-109.37
chandler,az,33.33,-111.86
chandler heights,az,33.21,-111.69
chinle,az,36.13,-109.60
chino valley,az,34.78,-112.47
chloride,az,35.41,-114.20
cibecue,az,34.04,-110.48
cibola,az,33.61,-114.51
clarkdale,az,34.75,-112.03
clay springs,az,34.36,-110.29
claypool,az,33.41,-110.84
clifton,az,33.13,-109.25
cochise,az,32.10,-109.92
colorado city,az,36.98,-112.95
concho,az,34.45,-109.67
congress,az,34.18,-112.77
coolidge,az,32.96,-111.53
cornville,az,34.73,-111.91
cortaro,az,32.36,-111.09
cottonwood,az,34.71,-112.01
crown king,az,34.22,-112.33
dateland,az,32.87,-113.46
dennehotso,az,36.78,-109.86
dewey,az,34.54,-112.26
dolan springs,az,35.77,-114.55
douglas,az,31.35,-109.54
dragoon,az,32.03,-110.04
duncan,az,32.79,-109.13
eagar,az,33.95,-109.25
eden,az,33.03,-109.95
ehrenberg,az,33.60,-114.52
el mirage,az,33.61,-112.32
elfrida,az,31.71,-109.62
elgin,az,31.66,-110.61
eloy,az,32.75,-111.58
flagstaff,az,35.19,-111.66
florence,az,33.00,-111.36
forest lakes,az,34.43,-110.59
ft apache,az,33.79,-109.99
ft defiance,az,35.74,-109.08
ft huachuca,az,31.56,-110.34
ft mcdowell,az,33.61,-111.68
ft mohave,az,35.01,-114.58
ft thomas,az,33.04,-109.96
fountain hills,az,33.61,-111.72
fredonia,az,36.90,-112.50
gadsden,az,32.55,-114.78
ganado,az,35.65,-109.28
gila bend,az,32.93,-112.75
gilbert,az,33.35,-111.81
glendale,az,33.53,-112.18
glendale luke afb,az,33.54,-112.36
globe,az,33.40,-110.79
golden valley,az,35.21,-114.28
goodyear,az,33.44,-112.38
grand canyon,az,36.05,-112.14
gray mountain,az,35.67,-111.48
green valley,az,31.85,-111.00
greer,az,34.01,-109.46
hackberry,az,35.37,-113.73
happy jack,az,34.74,-111.41
hayden,az,33.00,-110.78
heber,az,34.42,-110.57
hereford,az,31.40,-110.20
higley,az,33.30,-111.70
holbrook,az,34.91,-110.14
hotevilla,az,36.21,-110.57
houck,az,35.28,-109.21
huachuca city,az,31.66,-110.33
hualapai,az,35.54,-113.30
humboldt,az,34.50,-112.24
indian wells,az,35.41,-110.08
iron springs,az,34.67,-112.52
jerome,az,34.75,-112.11
joseph city,az,34.96,-110.33
kaibeto,az,36.48,-111.14
kayenta,az,36.69,-110.27
keams canyon,az,35.81,-110.28
kearny,az,33.06,-110.91
kingman,az,35.26,-114.06
kirkland,az,34.45,-112.90
kykotsmovi village,az,35.58,-110.37
lake havasu city,az,34.49,-114.31
lake montezuma,az,34.63,-111.78
lakeside,az,34.17,-109.99
laveen,az,33.34,-112.17
leupp,az,35.34,-110.99
litchfield park,az,33.49,-112.38
littlefield,az,36.87,-113.91
lukachukai,az,36.42,-109.24
lukeville,az,31.88,-112.81
lupton,az,35.41,-109.07
mammoth,az,32.72,-110.64
many farms,az,36.41,-109.63
marana,az,32.40,-111.27
marble canyon,az,36.96,-111.56
maricopa,az,32.99,-112.08
mayer,az,34.37,-112.13
mc neal,az,31.50,-109.63
mcnary,az,34.07,-109.86
meadview,az,35.81,-114.33
mesa,az,33.43,-111.85
miami,az,33.43,-110.88
mohave valley,az,34.89,-114.60
morenci,az,33.04,-109.31
mormon lake,az,34.92,-111.45
morristown,az,33.77,-112.55
mt lemmon,az,32.44,-110.73
munds park,az,34.95,-111.64
naco,az,31.34,-109.95
nazlini,az,35.71,-109.54
new river,az,33.91,-112.13
nogales,az,31.38,-110.94
north rim,az,36.95,-112.53
nutrioso,az,33.95,-109.21
oatman,az,35.03,-114.38
oracle,az,32.60,-110.80
overgaard,az,34.39,-110.55
page,az,36.90,-111.44
palo verde,az,33.35,-112.65
paradise valley,az,33.55,-111.96
parker,az,34.03,-114.27
parks,az,35.19,-112.02
patagonia,az,31.54,-110.70
paulden,az,35.03,-112.54
payson,az,34.22,-111.29
peach springs,az,35.54,-113.42
pearce,az,31.97,-109.80
peoria,az,33.58,-112.23
peridot,az,33.48,-110.37
petrified forest natl pk,az,34.77,-109.89
phoenix,az,33.45,-112.07
picacho,az,32.72,-111.49
pima,az,32.91,-109.86
pine,az,34.39,-111.47
pinedale,az,34.31,-110.25
pinetop,az,34.12,-109.92
pinon,az,36.10,-110.22
pirtleville,az,31.36,-109.56
polacca,az,35.81,-110.51
pomerene,az,32.00,-110.29
poston,az,33.99,-114.40
prescott,az,34.63,-113.02
prescott valley,az,34.61,-112.31
quartzsite,az,33.57,-114.27
queen creek,az,33.24,-111.64
red rock,az,32.58,-111.33
red valley,az,35.92,-109.03
rillito,az,32.41,-111.16
rimrock,az,34.64,-111.78
rio rico,az,31.49,-110.99
rio verde,az,33.73,-111.68
rock point,az,36.72,-109.63
roll,az,32.94,-113.56
roosevelt,az,33.64,-110.97
round rock,az,36.50,-109.55
sacaton,az,33.10,-111.78
safford,az,32.83,-109.63
sahuarita,az,31.95,-111.00
st david,az,31.90,-110.22
st johns,az,34.50,-109.38
st michaels,az,35.64,-109.09
salome,az,33.75,-113.57
san carlos,az,33.31,-110.40
san luis,az,32.49,-114.78
san manuel,az,32.70,-110.66
san simon,az,32.21,-109.37
sanders,az,35.22,-109.33
sasabe,az,31.49,-111.54
scottsdale,az,33.52,-111.90
second mesa,az,35.90,-110.65
sedona,az,34.87,-111.76
seligman,az,35.32,-112.95
sells,az,32.03,-111.92
shonto,az,36.62,-110.65
show low,az,34.06,-110.05
sierra vista,az,31.54,-110.27
skull valley,az,34.51,-112.68
snowflake,az,34.50,-110.08
solomon,az,32.81,-109.63
somerton,az,32.56,-114.71
sonoita,az,31.87,-110.72
springerville,az,34.12,-109.30
stanfield,az,32.88,-111.97
sun city,az,33.61,-112.28
sun city west,az,33.66,-112.26
sun valley,az,34.25,-111.25
supai,az,36.22,-112.69
superior,az,33.29,-111.10
surprise,az,33.63,-112.33
tacna,az,32.70,-113.95
taylor,az,34.47,-110.09
teec nos pos,az,36.78,-109.36
tempe,az,33.43,-111.93
temple bar marina,az,36.03,-114.32
thatcher,az,32.82,-109.73
tolleson,az,33.43,-112.28
tombstone,az,31.72,-110.06
tonalea,az,35.93,-110.88
tonopah,az,33.42,-112.95
tonto basin,az,33.93,-111.31
topawa,az,31.81,-111.83
topock,az,34.78,-114.48
tortilla flat,az,33.53,-111.39
tsaile,az,36.31,-109.22
tuba city,az,36.10,-111.27
tubac,az,31.61,-111.05
tucson,az,32.21,-110.97
tumacacori,az,31.59,-111.04
vail,az,32.04,-110.88
valentine,az,35.37,-113.82
valley farms,az,32.99,-111.45
vernon,az,34.26,-109.69
waddell,az,33.57,-112.44
wellton,az,32.75,-114.18
wenden,az,33.82,-113.54
white mountain lake,az,34.35,-110.00
whiteriver,az,33.84,-109.96
wickenburg,az,33.97,-112.73
wikieup,az,34.70,-113.61
willcox,az,32.37,-109.86
williams,az,35.25,-112.19
willow beach,az,35.83,-114.44
window rock,az,35.68,-109.05
winkelman,az,33.01,-110.77
winslow,az,35.16,-110.51
wittmann,az,33.73,-112.45
woodruff,az,34.51,-110.08
yarnell,az,34.41,-112.62
young,az,34.10,-110.96
youngtown,az,33.59,-112.30
yucca,az,34.87,-114.15
yuma,az,32.70,-114.64
acampo,ca,38.20,-121.22
acton,ca,34.48,-118.20
adelanto,ca,34.58,-117.42
adin,ca,41.22,-120.94
agoura hills,ca,34.16,-118.76
aguanga,ca,33.45,-116.80
ahwahnee,ca,37.41,-119.72
alameda,ca,37.76,-122.26
alamo,ca,37.85,-122.02
albany,ca,37.89,-122.30
albion,ca,39.22,-123.72
alderpoint,ca,40.18,-123.61
alhambra,ca,34.09,-118.13
aliso viejo,ca,33.57,-117.71
alleghany,ca,39.51,-120.73
alpaugh,ca,35.89,-119.49
alpine,ca,32.83,-116.75
alta,ca,39.23,-120.77
altadena,ca,34.19,-118.14
altaville,ca,38.08,-120.55
alturas,ca,41.48,-120.55
alviso,ca,37.43,-121.97
amador city,ca,38.42,-120.82
amboy,ca,34.60,-115.77
american canyon,ca,38.17,-122.26
anaheim,ca,33.84,-117.95
anderson,ca,40.46,-122.33
angels camp,ca,38.06,-120.55
angelus oaks,ca,34.15,-116.95
angwin,ca,38.58,-122.45
annapolis,ca,38.71,-123.31
antelope,ca,38.71,-121.33
antioch,ca,37.99,-121.81
anza,ca,33.57,-116.71
apple valley,ca,34.53,-117.21
applegate,ca,39.00,-120.99
aptos,ca,36.98,-121.90
arbuckle,ca,39.01,-122.03
arcadia,ca,34.13,-118.03
arcata,ca,40.87,-124.08
armona,ca,36.31,-119.71
arnold,ca,38.24,-120.34
aromas,ca,36.88,-121.64
arroyo grande,ca,35.11,-120.57
artesia,ca,33.87,-118.07
artois,ca,39.62,-122.19
arvin,ca,35.20,-118.83
atascadero,ca,35.48,-120.66
atherton,ca,37.46,-122.20
atwater,ca,37.35,-120.60
atwood,ca,33.87,-117.83
auberry,ca,37.07,-119.46
auburn,ca,38.98,-121.09
avalon,ca,33.33,-118.34
avenal,ca,35.99,-120.12
avery,ca,38.20,-120.37
avila beach,ca,35.18,-120.73
azusa,ca,34.12,-117.90
badger,ca,36.63,-119.01
baker,ca,35.36,-116.06
bakersfield,ca,35.39,-119.02
baldwin park,ca,34.08,-117.97
ballico,ca,37.45,-120.70
bangor,ca,39.42,-121.35
banning,ca,33.93,-116.89
bard,ca,32.79,-114.56
barstow,ca,34.89,-117.04
bass lake,ca,37.32,-119.56
bayside,ca,40.82,-124.03
beale afb,ca,39.15,-121.59
beaumont,ca,33.95,-116.97
beckwourth,ca,39.82,-120.38
belden,ca,39.92,-121.33
bell,ca,33.97,-118.17
bell gardens,ca,33.98,-118.19
bella vista,ca,40.74,-122.07
bellflower,ca,33.89,-118.13
belmont,ca,37.52,-122.29
belvedere tiburon,ca,37.89,-122.47
ben lomond,ca,37.09,-122.08
benicia,ca,38.07,-122.16
benton,ca,37.80,-118.50
berkeley,ca,37.87,-122.27
berry creek,ca,39.64,-121.39
bethel island,ca,38.02,-121.64
beverly hills,ca,34.07,-118.39
bieber,ca,41.12,-121.14
big bar,ca,40.75,-123.23
big bear city,ca,34.24,-116.92
big bear lake,ca,34.24,-116.91
big bend,ca,41.02,-121.91
big creek,ca,37.20,-119.25
big oak flat,ca,37.82,-120.26
big pine,ca,37.17,-118.29
big sur,ca,36.25,-121.70
biggs,ca,39.41,-121.70
biola,ca,36.80,-120.02
birds landing,ca,38.15,-121.84
bishop,ca,37.39,-118.44
blairsden graeagle,ca,39.78,-120.63
blocksburg,ca,40.28,-123.64
bloomington,ca,34.07,-117.40
blue jay,ca,34.25,-117.21
blue lake,ca,40.93,-123.90
blythe,ca,33.61,-114.60
bodega,ca,38.34,-122.95
bodega bay,ca,38.33,-123.04
bodfish,ca,35.59,-118.48
bolinas,ca,37.91,-122.69
bonita,ca,32.67,-117.02
bonsall,ca,33.29,-117.19
boonville,ca,39.04,-123.40
boron,ca,35.00,-117.66
borrego springs,ca,33.24,-116.35
boulder creek,ca,37.15,-122.13
boulevard,ca,32.67,-116.32
boyes hot springs,ca,38.31,-122.48
bradley,ca,35.81,-120.97
brandeis,ca,34.32,-118.70
branscomb,ca,39.70,-123.55
brawley,ca,32.98,-115.53
brea,ca,33.93,-117.89
brentwood,ca,37.93,-121.69
bridgeport,ca,38.26,-119.21
bridgeville,ca,40.47,-123.55
brisbane,ca,37.68,-122.40
brookdale,ca,37.11,-122.11
brooks,ca,38.74,-122.13
browns valley,ca,39.28,-121.35
brownsville,ca,39.45,-121.26
bryn mawr,ca,34.05,-117.23
buellton,ca,34.62,-120.19
buena park,ca,33.84,-118.01
burbank,ca,34.19,-118.30
burlingame,ca,37.58,-122.36
burney,ca,40.89,-121.66
burnt ranch,ca,40.77,-123.46
burrel,ca,36.49,-119.98
burson,ca,38.18,-120.89
butte city,ca,39.46,-121.98
buttonwillow,ca,35.40,-119.47
byron,ca,37.90,-121.60
cabazon,ca,33.91,-116.77
calabasas,ca,34.14,-118.66
calexico,ca,32.68,-115.50
caliente,ca,35.36,-118.41
california city,ca,35.13,-117.98
california hot springs,ca,35.89,-118.65
calimesa,ca,33.99,-117.04
calipatria,ca,33.17,-115.51
calistoga,ca,38.58,-122.58
callahan,ca,41.38,-122.76
calpella,ca,39.15,-123.21
calpine,ca,39.65,-120.44
camarillo,ca,34.23,-119.05
cambria,ca,35.56,-121.08
camino,ca,38.74,-120.67
camp meeker,ca,38.43,-122.96
camp nelson,ca,36.13,-118.82
camp pendleton,ca,33.33,-117.41
campbell,ca,37.28,-121.96
campo,ca,32.66,-116.49
campo seco,ca,38.23,-120.85
camptonville,ca,39.45,-121.02
canby,ca,41.47,-120.92
canoga park,ca,34.20,-118.60
cantil,ca,35.28,-117.99
cantua creek,ca,36.49,-120.34
canyon,ca,37.83,-122.19
canyon country,ca,34.43,-118.45
canyon dam,ca,40.21,-121.16
capay,ca,38.70,-122.10
capistrano beach,ca,33.46,-117.66
capitola,ca,36.98,-121.95
cardiff by the sea,ca,33.03,-117.27
carlotta,ca,40.51,-123.97
carlsbad,ca,33.16,-117.32
carmel,ca,36.45,-121.84
carmel by the sea,ca,36.55,-121.92
carmel valley,ca,36.48,-121.72
carmichael,ca,38.63,-121.33
carnelian bay,ca,39.23,-120.08
carpinteria,ca,34.40,-119.52
carson,ca,33.82,-118.27
caruthers,ca,36.54,-119.84
casmalia,ca,34.84,-120.53
caspar,ca,39.37,-123.80
cassel,ca,40.91,-121.52
castaic,ca,34.49,-118.62
castella,ca,41.14,-122.32
castro valley,ca,37.70,-122.08
castroville,ca,36.77,-121.75
cathedral city,ca,33.81,-116.47
catheys valley,ca,37.44,-120.07
cayucos,ca,35.44,-120.89
cazadero,ca,38.57,-123.18
cedar glen,ca,34.25,-117.16
cedar ridge,ca,39.20,-121.02
cedarpines park,ca,34.25,-117.33
cedarville,ca,41.48,-120.15
ceres,ca,37.59,-120.95
cerritos,ca,33.86,-118.06
challenge,ca,39.49,-121.22
chatsworth,ca,34.26,-118.59
chester,ca,40.30,-121.23
chicago park,ca,39.15,-120.97
chico,ca,39.76,-121.85
chilcoot,ca,39.81,-120.18
chinese camp,ca,37.86,-120.41
chino,ca,34.01,-117.69
chino hills,ca,33.98,-117.73
chowchilla,ca,37.10,-120.27
chualar,ca,36.60,-121.43
chula vista,ca,32.64,-117.08
cima,ca,35.24,-115.50
citrus heights,ca,38.69,-121.27
city of industry,ca,34.02,-117.96
claremont,ca,34.11,-117.72
clarksburg,ca,38.40,-121.56
clayton,ca,37.92,-121.91
clearlake,ca,38.96,-122.64
clearlake oaks,ca,39.03,-122.67
clearlake park,ca,38.97,-122.65
clements,ca,38.19,-121.09
clio,ca,39.74,-120.56
clipper mills,ca,39.53,-121.16
cloverdale,ca,38.80,-123.01
clovis,ca,36.82,-119.68
coachella,ca,33.67,-116.18
coalinga,ca,36.16,-120.35
coarsegold,ca,37.22,-119.75
cobb,ca,38.82,-122.72
coleville,ca,38.50,-119.48
colfax,ca,39.08,-120.96
coloma,ca,38.80,-120.89
colton,ca,34.06,-117.32
columbia,ca,38.04,-120.41
colusa,ca,39.21,-122.01
comptche,ca,39.25,-123.59
compton,ca,33.89,-118.24
concord,ca,37.95,-122.03
cool,ca,38.90,-120.97
copperopolis,ca,37.94,-120.64
corcoran,ca,36.09,-119.56
corning,ca,39.93,-122.20
corona,ca,33.88,-117.61
corona del mar,ca,33.60,-117.87
coronado,ca,32.68,-117.17
corte madera,ca,37.92,-122.51
costa mesa,ca,33.68,-117.91
cotati,ca,38.33,-122.70
cottonwood,ca,40.37,-122.34
coulterville,ca,37.74,-119.99
courtland,ca,38.31,-121.55
covelo,ca,39.80,-123.22
covina,ca,34.10,-117.91
coyote,ca,37.22,-121.75
crescent city,ca,41.79,-124.18
crescent mills,ca,40.08,-120.88
cressey,ca,37.42,-120.67
crest park,ca,34.23,-117.20
crestline,ca,34.24,-117.28
creston,ca,35.49,-120.55
crockett,ca,38.05,-122.22
crows landing,ca,37.44,-121.02
culver city,ca,33.99,-118.40
cupertino,ca,37.32,-122.04
cutler,ca,36.52,-119.29
cutten,ca,40.77,-124.14
cypress,ca,33.82,-118.04
daggett,ca,34.87,-116.89
daly city,ca,37.71,-122.46
dana point,ca,33.48,-117.70
danville,ca,37.82,-121.91
dardanelle,ca,38.34,-119.83
darwin,ca,36.27,-117.59
davenport,ca,37.06,-122.23
davis,ca,38.55,-121.75
davis creek,ca,41.86,-120.32
death valley,ca,36.47,-116.89
deer park,ca,38.58,-122.45
del mar,ca,32.97,-117.24
del rey,ca,36.65,-119.59
delano,ca,35.77,-119.25
delhi,ca,37.43,-120.78
denair,ca,37.54,-120.80
descanso,ca,32.87,-116.60
desert center,ca,33.60,-115.05
desert hot springs,ca,33.90,-116.37
diablo,ca,37.84,-121.96
diamond bar,ca,34.01,-117.81
diamond springs,ca,38.66,-120.84
dillon beach,ca,38.25,-122.96
dinuba,ca,36.53,-119.39
discovery bay,ca,37.91,-121.60
dixon,ca,38.46,-121.82
dobbins,ca,39.37,-121.23
dorris,ca,41.97,-121.92
dos palos,ca,37.00,-120.63
dos rios,ca,39.71,-123.30
douglas city,ca,40.63,-122.92
douglas flat,ca,38.09,-120.47
downey,ca,33.94,-118.13
downieville,ca,39.57,-120.68
doyle,ca,40.00,-120.11
drytown,ca,38.39,-120.80
duarte,ca,34.14,-117.98
dublin,ca,37.72,-121.92
ducor,ca,35.89,-119.05
dulzura,ca,32.62,-116.73
duncans mills,ca,38.45,-123.05
dunlap,ca,36.74,-119.09
dunnigan,ca,38.89,-122.00
dunsmuir,ca,41.21,-122.27
durham,ca,39.64,-121.79
dutch flat,ca,39.20,-120.83
eagleville,ca,41.32,-120.11
earlimart,ca,35.85,-119.25
earp,ca,34.15,-114.34
east irvine,ca,33.68,-117.76
echo lake,ca,38.81,-120.07
edison,ca,35.35,-118.87
edwards,ca,34.93,-117.92
el cajon,ca,32.78,-116.92
el centro,ca,32.79,-115.57
el cerrito,ca,37.92,-122.30
el dorado,ca,38.68,-120.85
el dorado hills,ca,38.69,-121.07
el granada,ca,37.50,-122.47
el monte,ca,34.08,-118.04
el nido,ca,37.13,-120.48
el portal,ca,37.67,-119.78
el segundo,ca,33.92,-118.41
el sobrante,ca,37.97,-122.29
el toro,ca,33.63,-117.69
el verano,ca,38.30,-122.49
eldridge,ca,38.35,-122.51
elk,ca,39.16,-123.72
elk creek,ca,39.60,-122.56
elk grove,ca,38.41,-121.36
elmira,ca,38.35,-121.91
elverta,ca,38.72,-121.43
emeryville,ca,37.84,-122.28
emigrant gap,ca,39.29,-120.66
empire,ca,37.64,-120.90
encinitas,ca,33.04,-117.29
encino,ca,34.17,-118.52
escalon,ca,37.80,-120.99
escondido,ca,33.11,-117.07
esparto,ca,38.69,-122.02
essex,ca,34.56,-115.28
etna,ca,41.47,-122.91
eureka,ca,40.78,-124.16
exeter,ca,36.30,-119.13
fair oaks,ca,38.66,-121.26
fairfax,ca,37.99,-122.59
fairfield,ca,38.27,-122.04
fall river mills,ca,41.04,-121.46
fallbrook,ca,33.37,-117.23
farmersville,ca,36.30,-119.21
farmington,ca,37.94,-120.85
fawnskin,ca,34.27,-116.94
feather falls,ca,39.59,-121.26
fellows,ca,35.20,-119.56
felton,ca,37.06,-122.06
ferndale,ca,40.57,-124.25
fiddletown,ca,38.53,-120.72
fields landing,ca,40.72,-124.21
fillmore,ca,34.40,-118.90
finley,ca,39.00,-122.87
firebaugh,ca,36.87,-120.47
fish camp,ca,37.52,-119.64
five points,ca,36.43,-120.10
floriston,ca,39.45,-120.03
flournoy,ca,39.92,-122.44
folsom,ca,38.69,-121.14
fontana,ca,34.06,-117.44
foothill ranch,ca,33.67,-117.66
forbestown,ca,39.54,-121.21
forest falls,ca,34.09,-116.91
forest knolls,ca,38.01,-122.69
forest ranch,ca,40.13,-121.50
foresthill,ca,39.00,-120.86
forestville,ca,38.49,-122.90
forks of salmon,ca,41.26,-123.10
ft bidwell,ca,41.86,-120.16
ft bragg,ca,39.44,-123.79
ft dick,ca,41.84,-124.17
ft irwin,ca,35.40,-116.64
ft jones,ca,41.62,-122.88
fortuna,ca,40.58,-124.14
fountain valley,ca,33.71,-117.95
fowler,ca,36.63,-119.67
frazier park,ca,34.82,-118.94
freedom,ca,36.94,-121.78
fremont,ca,37.56,-122.00
french camp,ca,37.88,-121.28
french gulch,ca,40.70,-122.62
fresno,ca,36.84,-119.80
friant,ca,37.00,-119.70
fullerton,ca,33.88,-117.90
fulton,ca,38.49,-122.78
galt,ca,38.27,-121.29
garberville,ca,40.10,-123.79
garden grove,ca,33.79,-117.93
garden valley,ca,38.87,-120.86
gardena,ca,33.89,-118.30
gasquet,ca,41.86,-123.91
gazelle,ca,41.51,-122.54
georgetown,ca,38.92,-120.79
gerber,ca,40.04,-122.16
geyserville,ca,38.70,-122.89
gilroy,ca,37.02,-121.58
glen ellen,ca,38.36,-122.52
glencoe,ca,38.35,-120.59
glendale,ca,34.17,-118.29
glendora,ca,34.13,-117.86
glenhaven,ca,38.99,-122.52
glenn,ca,39.61,-122.04
glennville,ca,35.74,-118.72
gold run,ca,39.18,-120.86
goleta,ca,34.49,-120.04
gonzales,ca,36.49,-121.41
goodyears bar,ca,39.57,-120.82
goshen,ca,36.35,-119.42
granada hills,ca,34.28,-118.50
grand terrace,ca,34.03,-117.31
granite bay,ca,38.74,-121.19
grass valley,ca,39.21,-121.04
graton,ca,38.43,-122.87
green valley lake,ca,34.24,-117.08
greenbrae,ca,37.95,-122.54
greenfield,ca,36.32,-121.25
greenview,ca,41.55,-122.90
greenville,ca,40.14,-120.93
greenwood,ca,38.94,-120.92
grenada,ca,41.61,-122.53
gridley,ca,39.36,-121.69
grimes,ca,39.07,-121.89
grizzly flats,ca,38.63,-120.54
groveland,ca,37.84,-120.19
grover beach,ca,35.12,-120.62
guadalupe,ca,34.96,-120.57
gualala,ca,38.80,-123.55
guasti,ca,34.06,-117.59
guatay,ca,32.85,-116.56
guerneville,ca,38.51,-122.99
guinda,ca,38.82,-122.19
gustine,ca,37.24,-121.00
hacienda heights,ca,34.00,-117.97
half moon bay,ca,37.48,-122.45
hamilton city,ca,39.74,-122.01
hanford,ca,36.33,-119.65
happy camp,ca,41.80,-123.39
harbor city,ca,33.80,-118.30
harmony,ca,35.51,-121.02
hat creek,ca,40.77,-121.46
hathaway pines,ca,38.19,-120.36
hawaiian gardens,ca,33.83,-118.07
hawthorne,ca,33.91,-118.35
hayfork,ca,40.55,-123.16
hayward,ca,37.66,-122.10
healdsburg,ca,38.62,-122.86
heber,ca,32.70,-115.43
helendale,ca,34.75,-117.34
helm,ca,36.50,-120.09
hemet,ca,33.74,-116.97
herald,ca,38.31,-121.16
hercules,ca,38.01,-122.26
herlong,ca,40.15,-120.17
hermosa beach,ca,33.86,-118.40
hesperia,ca,34.43,-117.30
hickman,ca,37.62,-120.72
hidden valley lake,ca,39.96,-123.81
highland,ca,34.13,-117.21
hilmar,ca,37.41,-120.86
hinkley,ca,34.93,-117.18
hollister,ca,36.85,-121.39
holt,ca,37.93,-121.43
holtville,ca,32.81,-115.38
holy city,ca,37.16,-121.98
homeland,ca,33.75,-117.11
homewood,ca,39.08,-120.18
honeydew,ca,40.24,-124.12
hood,ca,38.37,-121.52
hoopa,ca,41.11,-123.69
hopland,ca,38.97,-123.12
hornbrook,ca,41.91,-122.53
hornitos,ca,37.49,-120.23
hughson,ca,37.59,-120.87
hume,ca,36.78,-118.91
huntington beach,ca,33.72,-118.01
huntington park,ca,33.98,-118.22
huron,ca,36.24,-120.10
hyampom,ca,40.62,-123.45
hydesville,ca,40.55,-124.08
idyllwild,ca,33.73,-116.71
igo,ca,40.43,-122.65
imperial,ca,32.85,-115.57
imperial beach,ca,32.58,-117.11
independence,ca,36.84,-118.20
indian wells,ca,33.72,-116.34
indio,ca,33.72,-116.24
inglewood,ca,33.96,-118.36
inverness,ca,38.08,-122.86
inyokern,ca,35.67,-117.83
ione,ca,38.35,-120.94
irvine,ca,33.74,-117.77
isleton,ca,38.16,-121.60
ivanhoe,ca,36.39,-119.22
jackson,ca,38.36,-120.75
jacumba,ca,32.62,-116.20
jamestown,ca,37.91,-120.49
jamul,ca,32.72,-116.83
janesville,ca,40.30,-120.51
jenner,ca,38.47,-123.14
johannesburg,ca,35.37,-117.64
jolon,ca,35.97,-121.17
joshua tree,ca,34.15,-116.30
julian,ca,33.05,-116.57
junction city,ca,40.77,-123.06
june lake,ca,37.78,-119.08
kaweah,ca,36.47,-118.92
keeler,ca,36.49,-117.87
keene,ca,35.24,-118.61
kelseyville,ca,38.95,-122.78
kentfield,ca,37.95,-122.56
kenwood,ca,38.42,-122.55
kerman,ca,36.73,-120.07
kernville,ca,35.76,-118.40
kettleman city,ca,36.02,-119.96
keyes,ca,37.56,-120.91
king city,ca,36.20,-121.13
kings beach,ca,39.24,-120.02
kings canyon national pk,ca,36.78,-119.07
kingsburg,ca,36.51,-119.54
kirkwood,ca,38.70,-120.07
kit carson,ca,38.43,-120.57
klamath,ca,41.54,-124.03
klamath river,ca,41.86,-122.82
kneeland,ca,40.71,-123.95
knights landing,ca,38.82,-121.72
knightsen,ca,37.98,-121.67
korbel,ca,40.82,-123.86
kyburz,ca,38.78,-120.26
la canada flintridge,ca,34.21,-118.20
la crescenta,ca,34.23,-118.25
la grange,ca,37.68,-120.36
la habra,ca,33.93,-117.95
la honda,ca,37.27,-122.29
la jolla,ca,32.85,-117.25
la mesa,ca,32.76,-117.01
la mirada,ca,33.90,-118.00
la palma,ca,33.85,-118.04
la puente,ca,34.03,-117.93
la quinta,ca,34.33,-118.64
la verne,ca,34.12,-117.77
ladera ranch,ca,33.56,-117.64
lafayette,ca,37.90,-122.11
laguna beach,ca,33.54,-117.77
laguna hills,ca,33.60,-117.71
laguna niguel,ca,33.52,-117.71
laguna woods,ca,33.61,-117.73
lagunitas,ca,38.01,-122.70
lake arrowhead,ca,34.25,-117.19
lake city,ca,41.67,-120.18
lake elsinore,ca,33.66,-117.35
lake forest,ca,33.64,-117.69
lake hughes,ca,34.67,-118.44
lake isabella,ca,35.62,-118.44
lakehead,ca,40.96,-122.36
lakeport,ca,39.06,-122.92
lakeshore,ca,37.25,-119.17
lakeside,ca,32.86,-116.92
lakewood,ca,33.85,-118.13
lamont,ca,35.26,-118.91
lancaster,ca,34.69,-118.15
landers,ca,34.40,-116.59
larkspur,ca,37.94,-122.54
lathrop,ca,37.82,-121.28
laton,ca,36.44,-119.72
lawndale,ca,33.89,-118.35
laytonville,ca,39.67,-123.49
le grand,ca,37.23,-120.25
lebec,ca,34.83,-118.88
lee vining,ca,37.99,-119.12
leggett,ca,39.87,-123.71
lemon cove,ca,36.40,-119.00
lemon grove,ca,32.73,-117.03
lemoore,ca,36.31,-119.83
lewiston,ca,40.75,-122.84
likely,ca,41.23,-120.50
lincoln,ca,38.90,-121.30
lincoln acres,ca,32.67,-117.07
linden,ca,38.02,-121.07
lindsay,ca,36.21,-119.09
litchfield,ca,40.36,-120.25
little lake,ca,35.94,-117.91
little river,ca,39.27,-123.75
littlerock,ca,34.55,-117.96
live oak,ca,39.27,-121.66
livermore,ca,37.68,-121.76
livingston,ca,37.38,-120.72
llano,ca,34.50,-117.80
lockeford,ca,38.16,-121.14
lockwood,ca,35.99,-121.21
lodi,ca,38.12,-121.26
loleta,ca,40.65,-124.23
loma linda,ca,34.05,-117.26
loma mar,ca,37.25,-122.28
lomita,ca,33.79,-118.32
lompoc,ca,34.66,-120.45
lone pine,ca,36.58,-118.06
long barn,ca,38.20,-120.00
long beach,ca,33.77,-118.19
lookout,ca,41.21,-121.15
loomis,ca,38.81,-121.17
los alamitos,ca,33.80,-118.07
los alamos,ca,34.74,-120.28
los altos,ca,37.38,-122.13
los angeles,ca,33.97,-118.25
los banos,ca,37.06,-120.85
los gatos,ca,37.21,-121.98
los molinos,ca,40.05,-122.10
los olivos,ca,34.67,-120.11
los osos,ca,35.32,-120.83
lost hills,ca,35.61,-119.72
lotus,ca,38.80,-120.93
lower lake,ca,38.86,-122.58
loyalton,ca,39.66,-120.23
lucerne,ca,39.08,-122.79
lucerne valley,ca,34.45,-116.92
ludlow,ca,34.90,-116.39
lynwood,ca,33.92,-118.20
lytle creek,ca,34.26,-117.52
macdoel,ca,41.88,-121.94
mad river,ca,40.35,-123.41
madeline,ca,41.05,-120.47
madera,ca,36.95,-119.88
madison,ca,38.68,-121.97
magalia,ca,39.83,-121.60
malibu,ca,34.04,-118.71
mammoth lakes,ca,37.64,-118.98
manchester,ca,38.99,-123.67
manhattan beach,ca,33.89,-118.40
manteca,ca,37.81,-121.22
manton,ca,40.43,-121.84
march air reserve base,ca,33.90,-117.28
maricopa,ca,35.04,-119.41
marina,ca,36.68,-121.79
marina del rey,ca,33.98,-118.45
mariposa,ca,37.50,-119.89
markleeville,ca,38.76,-119.81
marshall,ca,38.18,-122.89
martell,ca,38.37,-120.80
martinez,ca,37.99,-122.11
marysville,ca,39.14,-121.52
mather,ca,38.55,-121.28
maxwell,ca,39.29,-122.20
maywood,ca,33.99,-118.19
mc farland,ca,35.68,-119.23
mc kittrick,ca,35.30,-119.64
mcarthur,ca,41.11,-121.21
mcclellan,ca,38.66,-121.40
mccloud,ca,41.25,-122.14
mckinleyville,ca,40.88,-124.08
meadow valley,ca,39.92,-121.06
meadow vista,ca,39.00,-121.03
mecca,ca,33.57,-116.08
mendocino,ca,39.32,-123.79
mendota,ca,36.74,-120.41
menifee,ca,33.66,-117.17
menlo park,ca,37.45,-122.18
mentone,ca,34.08,-117.11
merced,ca,37.30,-120.46
meridian,ca,39.12,-121.88
mi wuk village,ca,38.11,-120.13
middletown,ca,38.78,-122.64
midpines,ca,37.57,-119.95
midway city,ca,33.74,-117.98
milford,ca,40.18,-120.39
mill creek,ca,40.33,-121.52
mill valley,ca,37.90,-122.53
millbrae,ca,37.60,-122.40
millville,ca,40.57,-122.11
milpitas,ca,37.44,-121.89
mineral,ca,40.33,-121.52
mira loma,ca,33.99,-117.52
miramonte,ca,36.69,-119.05
miranda,ca,40.23,-123.82
mission hills,ca,34.26,-118.46
mission viejo,ca,33.60,-117.67
moccasin,ca,37.81,-120.30
modesto,ca,37.67,-121.01
mojave,ca,35.05,-118.17
mokelumne hill,ca,38.33,-120.57
mono hot springs,ca,37.17,-119.21
monrovia,ca,34.14,-118.00
montague,ca,41.72,-122.46
montara,ca,37.54,-122.52
montclair,ca,34.07,-117.70
monte rio,ca,38.46,-123.00
montebello,ca,34.01,-118.11
monterey,ca,36.60,-121.88
monterey park,ca,34.05,-118.13
montgomery creek,ca,40.91,-121.92
montrose,ca,34.21,-118.23
moorpark,ca,34.29,-118.88
moraga,ca,37.84,-122.12
moreno valley,ca,33.89,-117.22
morgan hill,ca,37.13,-121.65
morongo valley,ca,34.06,-116.57
morro bay,ca,35.38,-120.84
moss beach,ca,37.53,-122.51
moss landing,ca,36.80,-121.79
mt aukum,ca,38.55,-120.73
mt hamilton,ca,37.32,-121.64
mt hermon,ca,37.05,-122.06
mt laguna,ca,32.87,-116.42
mt shasta,ca,41.32,-122.32
mt wilson,ca,34.23,-118.07
mountain center,ca,33.53,-116.58
mountain pass,ca,35.47,-115.54
mountain ranch,ca,38.22,-120.55
mountain view,ca,37.41,-122.05
mt baldy,ca,34.22,-117.58
murphys,ca,38.13,-120.46
murrieta,ca,33.56,-117.27
myers flat,ca,40.19,-123.82
napa,ca,38.33,-122.31
national city,ca,32.67,-117.09
navarro,ca,39.07,-123.44
needles,ca,34.78,-114.59
nelson,ca,39.55,-121.76
nevada city,ca,39.28,-121.02
new almaden,ca,37.18,-121.82
new cuyama,ca,35.00,-119.82
newark,ca,37.54,-122.03
newberry springs,ca,34.89,-116.75
newbury park,ca,34.18,-118.91
newcastle,ca,38.87,-121.14
newhall,ca,34.38,-118.52
newman,ca,37.32,-121.03
newport beach,ca,33.64,-117.86
newport coast,ca,33.60,-117.86
nicasio,ca,38.05,-122.70
nice,ca,39.12,-122.84
nicolaus,ca,38.88,-121.55
niland,ca,33.38,-115.70
nipomo,ca,35.03,-120.49
nipton,ca,35.47,-115.48
norco,ca,33.94,-117.55
norden,ca,39.32,-120.40
north fork,ca,37.21,-119.51
north highlands,ca,38.69,-121.37
north hills,ca,34.24,-118.48
north hollywood,ca,34.17,-118.37
north palm springs,ca,33.90,-116.53
north san juan,ca,39.35,-121.13
northridge,ca,34.24,-118.55
norwalk,ca,33.91,-118.08
novato,ca,38.12,-122.57
nubieber,ca,41.10,-121.18
nuevo,ca,33.81,-117.12
o neals,ca,37.09,-119.75
oak park,ca,34.14,-118.77
oak run,ca,40.69,-122.04
oak view,ca,34.40,-119.30
oakdale,ca,37.78,-120.85
oakhurst,ca,37.35,-119.64
oakland,ca,37.78,-122.22
oakley,ca,37.99,-121.70
oakville,ca,38.44,-122.40
obrien,ca,40.81,-122.32
occidental,ca,38.40,-122.99
oceano,ca,35.10,-120.61
oceanside,ca,33.20,-117.38
ocotillo,ca,32.74,-115.99
ojai,ca,34.45,-119.26
olancha,ca,36.32,-118.03
old station,ca,40.63,-121.46
olema,ca,38.04,-122.79
olivehurst,ca,39.09,-121.55
olympic valley,ca,39.16,-120.22
ontario,ca,34.06,-117.62
onyx,ca,35.71,-118.19
orange,ca,33.79,-117.88
orange cove,ca,36.62,-119.31
orangevale,ca,38.68,-121.22
oregon house,ca,39.31,-121.21
orick,ca,41.31,-124.05
orinda,ca,37.88,-122.17
orland,ca,39.74,-122.16
orleans,ca,41.32,-123.53
oro grande,ca,34.62,-117.33
orosi,ca,36.55,-119.28
oroville,ca,39.53,-121.58
oxnard,ca,34.21,-119.17
pacific grove,ca,36.62,-121.92
pacific palisades,ca,34.05,-118.54
pacifica,ca,37.62,-122.48
pacoima,ca,34.26,-118.42
paicines,ca,36.49,-121.03
pala,ca,33.38,-117.07
palermo,ca,39.44,-121.55
palm desert,ca,33.76,-116.32
palm springs,ca,33.84,-116.53
palmdale,ca,34.57,-118.06
palo alto,ca,37.44,-122.15
palo cedro,ca,40.58,-122.24
palo verde,ca,33.43,-114.73
palomar mountain,ca,33.32,-116.88
palos verdes peninsula,ca,33.77,-118.37
panorama city,ca,34.23,-118.45
paradise,ca,39.75,-121.64
paramount,ca,33.90,-118.16
parker dam,ca,34.30,-114.16
parlier,ca,36.61,-119.54
pasadena,ca,34.15,-118.14
paskenta,ca,39.88,-122.54
paso robles,ca,35.64,-120.67
patterson,ca,37.49,-121.14
patton,ca,34.14,-117.22
pauma valley,ca,33.31,-116.96
paynes creek,ca,40.35,-121.76
pearblossom,ca,34.49,-117.90
pebble beach,ca,36.59,-121.94
penn valley,ca,39.22,-121.19
penngrove,ca,38.32,-122.67
penryn,ca,38.86,-121.18
perris,ca,33.80,-117.28
pescadero,ca,37.21,-122.36
petaluma,ca,38.24,-122.68
petrolia,ca,40.30,-124.25
phelan,ca,34.43,-117.57
phillipsville,ca,40.21,-123.78
philo,ca,39.12,-123.54
pico rivera,ca,33.99,-118.09
piedmont,ca,37.83,-122.25
piedra,ca,36.81,-119.38
piercy,ca,39.97,-123.79
pilot hill,ca,38.83,-121.03
pine grove,ca,38.40,-120.64
pine valley,ca,32.84,-116.51
pinecrest,ca,38.34,-119.87
pinole,ca,38.00,-122.29
pinon hills,ca,34.44,-117.64
pioneer,ca,38.46,-120.53
pioneertown,ca,34.16,-116.50
piru,ca,34.42,-118.79
pismo beach,ca,35.14,-120.64
pittsburg,ca,38.02,-121.91
pixley,ca,35.96,-119.26
placentia,ca,33.88,-117.86
placerville,ca,38.72,-120.80
planada,ca,37.29,-120.32
platina,ca,40.32,-122.92
playa del rey,ca,33.96,-118.44
pleasant grove,ca,38.79,-121.51
pleasant hill,ca,37.95,-122.07
pleasanton,ca,37.67,-121.88
plymouth,ca,38.49,-120.87
point arena,ca,38.92,-123.66
point mugu nawc,ca,34.12,-119.10
point reyes station,ca,38.06,-122.82
pollock pines,ca,38.75,-120.59
pomona,ca,34.04,-117.75
pope valley,ca,38.68,-122.47
port costa,ca,38.05,-122.19
port hueneme,ca,34.16,-119.20
port hueneme cbc base,ca,34.16,-119.21
porter ranch,ca,34.27,-118.54
porterville,ca,36.07,-119.03
portola,ca,39.81,-120.47
portola vally,ca,37.38,-122.21
posey,ca,35.81,-118.66
potrero,ca,32.62,-116.60
potter valley,ca,39.33,-123.10
poway,ca,32.98,-117.04
prather,ca,36.99,-119.53
princeton,ca,39.43,-122.03
proberta,ca,40.08,-122.17
quincy,ca,39.94,-120.93
rackerby,ca,39.41,-121.34
rail road flat,ca,38.34,-120.51
raisin city,ca,36.60,-119.90
ramona,ca,33.03,-116.85
ranchita,ca,33.24,-116.54
rancho cordova,ca,38.60,-121.29
rancho cucamonga,ca,34.13,-117.60
rancho mirage,ca,33.76,-116.42
rancho palos verdes,ca,33.79,-118.36
rancho santa fe,ca,33.02,-117.20
rancho santa margarita,ca,33.65,-117.59
randsburg,ca,35.35,-117.73
ravendale,ca,40.83,-120.16
raymond,ca,37.28,-119.88
red bluff,ca,40.18,-122.24
red mountain,ca,35.37,-117.63
redcrest,ca,40.41,-123.94
redding,ca,40.56,-122.41
redlands,ca,34.04,-117.18
redondo beach,ca,33.83,-118.38
redway,ca,40.11,-123.84
redwood city,ca,37.46,-122.23
redwood estates,ca,37.16,-121.99
redwood valley,ca,39.27,-123.21
reedley,ca,36.60,-119.44
represa,ca,38.69,-121.45
rescue,ca,38.72,-120.99
reseda,ca,34.20,-118.54
rialto,ca,34.11,-117.38
richgrove,ca,35.80,-119.11
richmond,ca,37.94,-122.36
richvale,ca,39.49,-121.74
ridgecrest,ca,35.63,-117.68
rimforest,ca,34.23,-117.22
rio dell,ca,40.50,-124.10
rio linda,ca,38.69,-121.45
rio nido,ca,38.52,-122.98
rio oso,ca,38.96,-121.51
rio vista,ca,38.16,-121.70
ripon,ca,37.75,-121.12
river pines,ca,38.55,-120.74
riverbank,ca,37.73,-120.94
riverdale,ca,36.43,-119.87
riverside,ca,33.99,-117.37
robbins,ca,38.87,-121.71
rocklin,ca,38.79,-121.24
rodeo,ca,38.03,-122.26
rohnert park,ca,38.33,-122.71
rosamond,ca,34.86,-118.20
rosemead,ca,34.07,-118.09
roseville,ca,38.73,-121.23
ross,ca,37.96,-122.55
rough and ready,ca,39.23,-121.15
round mountain,ca,40.79,-121.94
rowland heights,ca,33.98,-117.90
rumsey,ca,38.88,-122.25
running springs,ca,34.21,-117.11
rutherford,ca,38.46,-122.42
ryde,ca,38.24,-121.56
sacramento,ca,38.58,-121.49
st helena,ca,38.51,-122.46
salida,ca,37.71,-121.09
salinas,ca,36.67,-121.66
salton city,ca,33.30,-115.96
salyer,ca,40.89,-123.55
samoa,ca,40.80,-124.19
san andreas,ca,38.19,-120.67
san anselmo,ca,37.98,-122.57
san ardo,ca,35.99,-120.86
san bernardino,ca,34.11,-117.29
san bruno,ca,37.62,-122.43
san carlos,ca,37.50,-122.27
san clemente,ca,33.43,-117.61
san diego,ca,32.72,-117.16
san dimas,ca,34.10,-117.82
san fernando,ca,34.29,-118.44
san francisco,ca,37.77,-122.42
san gabriel,ca,34.12,-118.09
san geronimo,ca,38.02,-122.68
san gregorio,ca,37.33,-122.36
san jacinto,ca,33.78,-116.96
san joaquin,ca,36.61,-120.19
san jose,ca,37.39,-121.89
san juan bautista,ca,36.85,-121.53
san juan capistrano,ca,33.51,-117.66
san leandro,ca,37.72,-122.16
san lorenzo,ca,37.68,-122.13
san lucas,ca,36.13,-121.02
san luis obispo,ca,35.26,-120.65
san luis rey,ca,33.29,-117.31
san marcos,ca,33.14,-117.17
san marino,ca,34.12,-118.11
san martin,ca,37.09,-121.60
san mateo,ca,37.57,-122.32
san miguel,ca,35.75,-120.70
san pablo,ca,37.97,-122.34
san pedro,ca,33.73,-118.29
san quentin,ca,37.94,-122.49
san rafael,ca,37.97,-122.51
san ramon,ca,37.78,-121.98
san simeon,ca,35.67,-121.14
san ysidro,ca,32.55,-117.04
sanger,ca,36.72,-119.55
santa ana,ca,33.75,-117.86
santa barbara,ca,34.42,-119.71
santa clara,ca,37.35,-121.95
santa clarita,ca,34.46,-118.49
santa cruz,ca,36.98,-122.04
santa fe springs,ca,33.95,-118.08
santa margarita,ca,35.34,-120.32
santa maria,ca,34.95,-120.43
santa monica,ca,34.02,-118.49
santa paula,ca,34.35,-119.07
santa rita park,ca,37.05,-120.59
santa rosa,ca,38.44,-122.75
santa ynez,ca,34.62,-120.07
santa ysabel,ca,33.15,-116.70
santee,ca,32.85,-116.99
saratoga,ca,37.27,-122.02
sausalito,ca,37.86,-122.49
scotia,ca,40.45,-124.04
scott bar,ca,41.77,-122.99
scotts valley,ca,37.06,-122.01
seal beach,ca,33.76,-118.08
seaside,ca,36.61,-121.84
sebastopol,ca,38.39,-122.84
seeley,ca,32.79,-115.69
seiad valley,ca,41.89,-123.24
selma,ca,36.57,-119.62
sequoia national park,ca,36.57,-118.77
shafter,ca,35.50,-119.28
shandon,ca,35.65,-120.37
shasta,ca,40.61,-122.50
shasta lake,ca,40.68,-122.37
shaver lake,ca,37.14,-119.27
sheep ranch,ca,38.21,-120.46
sheridan,ca,38.99,-121.36
sherman oaks,ca,34.15,-118.46
shingle springs,ca,38.67,-120.98
shingletown,ca,40.50,-121.89
shoshone,ca,35.90,-116.26
sierra city,ca,39.56,-120.62
sierra madre,ca,34.17,-118.05
sierraville,ca,39.59,-120.35
signal hill,ca,33.80,-118.17
silverado,ca,33.75,-117.64
simi valley,ca,34.27,-118.78
skyforest,ca,34.24,-117.18
sloughhouse,ca,38.51,-121.09
smartville,ca,39.20,-121.27
smith river,ca,41.94,-124.17
snelling,ca,37.51,-120.48
soda springs,ca,39.34,-120.47
solana beach,ca,32.99,-117.26
soledad,ca,36.42,-121.32
solvang,ca,34.61,-120.13
somerset,ca,38.61,-120.67
somes bar,ca,41.43,-123.48
somis,ca,34.28,-119.01
sonoma,ca,38.30,-122.47
sonora,ca,38.00,-120.34
soquel,ca,37.00,-121.95
soulsbyville,ca,37.99,-120.26
south dos palos,ca,36.96,-120.65
south el monte,ca,34.06,-118.04
south gate,ca,33.95,-118.20
south lake tahoe,ca,38.92,-119.99
south pasadena,ca,34.11,-118.15
south san francisco,ca,37.65,-122.43
spreckels,ca,36.62,-121.65
spring valley,ca,32.74,-117.00
springville,ca,36.14,-118.80
squaw valley,ca,36.71,-119.18
standard,ca,37.98,-120.38
standish,ca,40.35,-120.41
stanford,ca,37.42,-122.16
stanton,ca,33.80,-117.99
stevenson ranch,ca,34.38,-118.58
stevinson,ca,37.33,-120.87
stewarts point,ca,38.65,-123.40
stinson beach,ca,37.90,-122.64
stirling city,ca,39.91,-121.53
stockton,ca,37.96,-121.29
stonyford,ca,39.33,-122.52
storrie,ca,39.51,-121.56
stratford,ca,36.18,-119.82
strathmore,ca,36.15,-119.08
strawberry,ca,38.20,-120.00
strawberry valley,ca,39.60,-121.07
studio city,ca,34.14,-118.39
sugarloaf,ca,34.26,-116.84
suisun city,ca,38.24,-122.04
sultana,ca,36.55,-119.34
summerland,ca,34.42,-119.60
sun city,ca,33.74,-117.17
sun valley,ca,34.22,-118.37
sunland,ca,34.26,-118.32
sunnyvale,ca,37.37,-122.04
sunol,ca,37.61,-121.90
sunset beach,ca,33.72,-118.07
surfside,ca,33.73,-118.08
susanville,ca,40.42,-120.65
sutter,ca,39.17,-121.76
sutter creek,ca,38.42,-120.79
sylmar,ca,34.31,-118.43
taft,ca,35.15,-119.46
tahoe city,ca,39.18,-120.14
tahoe vista,ca,39.24,-120.05
tahoma,ca,39.06,-120.14
talmage,ca,39.13,-123.17
tarzana,ca,34.17,-118.54
taylorsville,ca,40.06,-120.80
tecate,ca,32.59,-116.61
tecopa,ca,35.90,-115.83
tehachapi,ca,35.13,-118.52
tehama,ca,40.03,-122.12
temecula,ca,33.49,-117.15
temple city,ca,34.10,-118.05
templeton,ca,35.56,-120.71
termo,ca,40.95,-120.52
terra bella,ca,35.96,-119.03
the sea ranch,ca,38.73,-123.47
thermal,ca,33.54,-116.12
thornton,ca,38.23,-121.42
thousand oaks,ca,34.17,-118.84
thousand palms,ca,33.81,-116.37
three rivers,ca,36.44,-118.89
tipton,ca,36.05,-119.31
tollhouse,ca,36.99,-119.39
toluca lake,ca,34.16,-118.38
tomales,ca,38.25,-122.90
topanga,ca,34.11,-118.60
topaz,ca,38.64,-119.51
torrance,ca,33.83,-118.31
trabuco canyon,ca,33.66,-117.59
tracy,ca,37.75,-121.37
tranquillity,ca,36.66,-120.26
traver,ca,36.46,-119.48
travis afb,ca,38.27,-121.95
tres pinos,ca,36.79,-121.32
trinidad,ca,41.09,-124.10
trinity center,ca,41.06,-122.72
trona,ca,35.76,-117.38
truckee,ca,39.33,-120.18
tujunga,ca,34.25,-118.28
tulare,ca,36.20,-119.34
tulelake,ca,41.93,-121.43
tuolumne,ca,37.97,-120.24
tupman,ca,35.29,-119.34
turlock,ca,37.50,-120.85
tustin,ca,33.74,-117.82
twain,ca,40.00,-121.15
twain harte,ca,38.04,-120.22
twentynine palms,ca,34.15,-116.06
twin bridges,ca,38.81,-120.13
twin peaks,ca,34.24,-117.23
ukiah,ca,39.15,-123.20
union city,ca,37.59,-122.05
universal city,ca,34.14,-118.36
upland,ca,34.14,-117.66
upper lake,ca,39.16,-122.90
vacaville,ca,38.34,-121.96
valencia,ca,34.45,-118.54
vallecito,ca,38.10,-120.47
vallejo,ca,38.15,-122.25
valley center,ca,33.25,-117.01
valley ford,ca,38.32,-122.92
valley springs,ca,38.15,-120.86
valley village,ca,34.17,-118.40
valyermo,ca,34.34,-117.83
van nuys,ca,34.20,-118.47
venice,ca,33.99,-118.46
ventura,ca,34.29,-119.29
verdugo city,ca,34.21,-118.24
vernalis,ca,37.62,-121.26
victor,ca,38.14,-121.20
victorville,ca,34.50,-117.32
vidal,ca,34.16,-114.57
villa grande,ca,38.47,-123.02
villa park,ca,33.82,-117.81
vina,ca,39.93,-122.05
vineburg,ca,38.27,-122.44
vinton,ca,39.72,-120.20
visalia,ca,36.31,-119.31
vista,ca,33.17,-117.24
volcano,ca,38.48,-120.62
wallace,ca,38.19,-120.98
walnut,ca,34.02,-117.86
walnut creek,ca,37.88,-122.07
walnut grove,ca,38.24,-121.52
warner springs,ca,33.30,-116.72
wasco,ca,35.59,-119.34
washington,ca,39.36,-120.80
waterford,ca,37.65,-120.75
watsonville,ca,36.92,-121.76
waukena,ca,36.10,-119.56
weaverville,ca,40.73,-122.94
weed,ca,41.44,-122.38
weimar,ca,39.04,-120.97
weldon,ca,35.64,-118.29
wendel,ca,40.35,-120.35
weott,ca,40.32,-123.92
west covina,ca,34.07,-117.94
west hills,ca,34.20,-118.64
west hollywood,ca,34.09,-118.38
west point,ca,38.41,-120.52
west sacramento,ca,38.59,-121.53
westlake village,ca,34.15,-118.80
westley,ca,37.55,-121.20
westminster,ca,33.75,-117.99
westmorland,ca,33.04,-115.63
westport,ca,39.64,-123.76
westwood,ca,40.27,-121.11
wheatland,ca,39.02,-121.42
whiskeytown,ca,40.64,-122.56
white water,ca,33.93,-116.69
whitethorn,ca,40.02,-123.94
whitmore,ca,40.65,-121.88
whittier,ca,34.00,-118.04
wildomar,ca,33.60,-117.26
williams,ca,39.15,-122.16
willits,ca,39.41,-123.35
willow creek,ca,40.94,-123.63
willows,ca,39.52,-122.20
wilmington,ca,33.79,-118.26
wilseyville,ca,38.38,-120.44
wilton,ca,38.41,-121.23
winchester,ca,33.62,-117.09
windsor,ca,38.54,-122.80
winnetka,ca,34.21,-118.57
winterhaven,ca,32.83,-114.64
winters,ca,38.53,-121.97
winton,ca,37.39,-120.61
wishon,ca,37.28,-119.56
witter springs,ca,39.18,-122.97
wofford heights,ca,35.72,-118.46
woodacre,ca,38.01,-122.64
woodbridge,ca,38.16,-121.31
woodlake,ca,36.43,-119.09
woodland,ca,38.67,-121.78
woodland hills,ca,34.16,-118.60
woody,ca,35.71,-118.84
wrightwood,ca,34.36,-117.62
yermo,ca,34.91,-116.82
yettem,ca,36.49,-119.26
yolo,ca,38.73,-121.81
yorba linda,ca,33.89,-117.82
yorkville,ca,38.91,-123.23
yosemite national park,ca,37.75,-119.58
yountville,ca,38.40,-122.36
yreka,ca,41.72,-122.64
yuba city,ca,39.13,-121.62
yucaipa,ca,34.03,-117.05
yucca valley,ca,34.16,-116.43
zamora,ca,38.80,-121.91
zenia,ca,40.21,-123.49
agate,co,39.42,-103.98
aguilar,co,37.39,-104.68
akron,co,40.18,-103.23
alamosa,co,37.47,-105.88
allenspark,co,40.23,-105.52
alma,co,39.28,-106.06
almont,co,38.65,-106.63
amherst,co,40.68,-102.17
anton,co,39.69,-103.43
antonito,co,37.09,-106.04
arapahoe,co,38.84,-102.19
arboles,co,37.10,-107.39
arlington,co,38.41,-103.37
arriba,co,39.30,-103.27
arvada,co,39.80,-105.09
aspen,co,39.20,-106.82
atwood,co,40.52,-103.04
ault,co,40.59,-104.74
aurora,co,39.74,-104.82
austin,co,38.80,-107.97
avon,co,39.63,-106.52
avondale,co,38.21,-104.36
bailey,co,39.45,-105.47
basalt,co,39.35,-107.00
battlement mesa,co,39.36,-107.91
bayfield,co,37.26,-107.61
bedrock,co,38.38,-108.95
bellvue,co,40.63,-105.26
bennett,co,39.73,-104.43
berthoud,co,40.30,-105.11
bethune,co,39.34,-102.43
beulah,co,38.08,-104.97
black hawk,co,39.80,-105.50
blanca,co,37.43,-105.52
boncarbo,co,37.22,-104.69
bond,co,39.87,-106.68
boone,co,38.26,-104.26
boulder,co,40.05,-105.21
branson,co,37.05,-103.87
breckenridge,co,39.48,-106.04
briggsdale,co,40.64,-104.29
brighton,co,39.98,-104.81
broomfield,co,39.92,-105.06
brush,co,40.26,-103.63
buena vista,co,38.84,-106.15
buffalo creek,co,39.33,-105.37
burlington,co,39.31,-102.26
burns,co,39.87,-106.89
byers,co,39.70,-104.20
cahone,co,37.69,-108.58
calhan,co,38.96,-104.36
campo,co,37.12,-102.55
canon city,co,38.45,-105.22
capulin,co,37.28,-106.11
carbondale,co,39.39,-107.17
carr,co,40.87,-104.89
cascade,co,38.92,-104.99
castle rock,co,39.39,-104.86
cedaredge,co,38.91,-107.93
center,co,37.73,-106.09
central city,co,39.80,-105.51
chama,co,37.16,-105.38
cheraw,co,38.11,-103.51
cheyenne wells,co,38.82,-102.36
chimney rock,co,37.19,-107.30
chromo,co,37.04,-106.84
cimarron,co,38.39,-107.48
clark,co,40.73,-106.92
clifton,co,39.08,-108.45
climax,co,39.30,-106.26
coal creek,co,38.36,-105.15
coaldale,co,38.37,-105.76
coalmont,co,40.54,-106.53
collbran,co,39.25,-107.92
colorado city,co,37.95,-104.83
colorado springs,co,38.83,-104.82
commerce city,co,39.83,-104.91
como,co,39.32,-105.89
conejos,co,37.09,-106.02
conifer,co,39.52,-105.32
cope,co,39.75,-102.99
cortez,co,37.35,-108.58
cory,co,38.79,-107.99
cotopaxi,co,38.37,-105.69
cowdrey,co,40.86,-106.31
craig,co,40.52,-107.56
crawford,co,38.69,-107.61
creede,co,37.82,-106.93
crested butte,co,38.87,-106.96
crestone,co,38.00,-105.70
cripple creek,co,38.75,-105.18
crook,co,40.87,-102.85
crowley,co,38.19,-103.86
dacono,co,40.08,-104.93
de beque,co,39.31,-108.23
deer trail,co,39.59,-104.07
del norte,co,37.67,-106.35
delta,co,38.73,-108.06
denver,co,39.84,-105.01
dillon,co,39.57,-106.06
dinosaur,co,40.26,-108.97
divide,co,38.96,-105.20
dolores,co,37.47,-108.47
dove creek,co,37.76,-108.92
drake,co,40.44,-105.30
dumont,co,39.76,-105.60
dupont,co,39.84,-104.91
durango,co,37.29,-107.86
eads,co,38.44,-102.51
eagle,co,39.63,-106.76
eastlake,co,39.93,-104.95
eaton,co,40.53,-104.71
eckert,co,38.84,-107.96
eckley,co,40.11,-102.48
edwards,co,39.65,-106.59
egnar,co,37.93,-108.93
elbert,co,39.10,-104.57
eldorado springs,co,39.93,-105.28
elizabeth,co,39.38,-104.59
empire,co,39.76,-105.68
englewood,co,39.65,-104.99
erie,co,40.06,-105.07
estes park,co,40.39,-105.49
evans,co,40.38,-104.70
evergreen,co,39.63,-105.32
fairplay,co,39.23,-106.00
firestone,co,40.11,-104.94
flagler,co,39.31,-103.06
fleming,co,40.64,-102.87
florence,co,38.39,-105.12
florissant,co,38.83,-105.23
ft collins,co,40.58,-105.10
ft garland,co,37.43,-105.40
ft lupton,co,40.08,-104.87
ft lyon,co,39.10,-103.15
ft morgan,co,40.25,-103.80
fountain,co,38.70,-104.70
fowler,co,38.12,-104.03
franktown,co,39.37,-104.73
fraser,co,39.95,-105.82
frederick,co,40.10,-104.94
frisco,co,39.47,-106.16
fruita,co,39.16,-108.72
galeton,co,40.52,-104.60
garcia,co,37.00,-105.54
gardner,co,37.76,-105.24
gateway,co,38.92,-108.79
genoa,co,39.34,-103.46
georgetown,co,39.71,-105.70
gilcrest,co,40.28,-104.78
gill,co,40.47,-104.50
glade park,co,38.99,-108.74
glen haven,co,40.45,-105.45
glenwood springs,co,39.53,-107.33
golden,co,39.73,-105.19
granada,co,38.05,-102.33
granby,co,40.01,-105.89
grand junction,co,39.08,-108.55
grand lake,co,40.23,-105.86
granite,co,39.10,-106.31
grant,co,39.46,-105.66
greeley,co,40.41,-104.70
green mountain falls,co,38.93,-105.02
grover,co,40.87,-104.23
guffey,co,38.81,-105.58
gunnison,co,38.55,-106.93
gypsum,co,39.66,-106.97
hamilton,co,40.33,-107.58
hartman,co,38.15,-102.19
hartsel,co,39.02,-105.80
hasty,co,38.11,-102.93
haswell,co,38.45,-103.15
haxtun,co,40.64,-102.61
hayden,co,40.49,-107.26
henderson,co,39.90,-104.87
hereford,co,40.98,-104.31
hesperus,co,37.17,-108.12
hillrose,co,40.31,-103.54
hillside,co,38.27,-105.61
hoehne,co,37.28,-104.38
holly,co,38.02,-102.14
holyoke,co,40.58,-102.28
homelake,co,37.58,-106.10
hooper,co,37.72,-105.87
hot sulphur springs,co,40.07,-106.10
hotchkiss,co,38.81,-107.75
howard,co,38.39,-105.75
hudson,co,40.06,-104.65
hugo,co,39.08,-103.50
hygiene,co,40.19,-105.18
idaho springs,co,39.74,-105.60
idalia,co,39.73,-102.21
idledale,co,39.67,-105.24
ignacio,co,37.13,-107.64
iliff,co,40.77,-103.10
indian hills,co,39.62,-105.24
jamestown,co,40.10,-105.42
jaroso,co,37.00,-105.62
jefferson,co,39.30,-105.79
joes,co,39.67,-102.62
johnstown,co,40.34,-104.92
julesburg,co,40.97,-102.26
karval,co,38.71,-103.50
keenesburg,co,40.10,-104.45
kersey,co,40.40,-104.53
kim,co,37.33,-103.36
kiowa,co,39.32,-104.45
kirk,co,39.62,-102.48
kit carson,co,38.80,-102.82
kittredge,co,39.65,-105.30
kremmling,co,40.06,-106.40
la jara,co,37.29,-106.01
la junta,co,37.99,-103.55
la salle,co,40.32,-104.73
la veta,co,37.50,-105.01
lafayette,co,40.00,-105.10
lake city,co,37.99,-107.30
lake george,co,39.03,-105.43
lamar,co,38.08,-102.62
laporte,co,40.63,-105.15
larkspur,co,39.20,-104.85
las animas,co,38.07,-103.21
lazear,co,38.78,-107.78
leadville,co,39.25,-106.30
lewis,co,37.47,-108.62
limon,co,39.26,-103.69
lindon,co,39.83,-103.31
littleton,co,39.60,-105.00
livermore,co,40.78,-105.37
log lane village,co,40.25,-103.80
loma,co,39.23,-108.81
longmont,co,40.18,-105.10
louisville,co,39.98,-105.15
louviers,co,39.48,-105.01
loveland,co,40.38,-105.09
lucerne,co,40.48,-104.70
lyons,co,40.24,-105.32
mack,co,39.26,-108.93
manassa,co,37.17,-105.94
mancos,co,37.35,-108.30
manitou springs,co,38.85,-104.91
manzanola,co,38.11,-103.88
marvel,co,37.11,-108.13
masonville,co,40.49,-105.21
matheson,co,39.13,-103.91
maybell,co,40.65,-108.27
mc clave,co,38.15,-102.82
mc coy,co,39.91,-106.73
mead,co,40.23,-105.00
meeker,co,40.04,-107.89
meredith,co,39.34,-106.68
merino,co,40.51,-103.34
mesa,co,39.16,-108.10
mesa verde national park,co,37.23,-108.48
milliken,co,40.31,-104.88
minturn,co,39.53,-106.39
model,co,37.48,-104.13
moffat,co,38.05,-105.84
molina,co,39.19,-108.06
monarch,co,38.53,-106.05
monte vista,co,37.57,-106.14
montrose,co,38.47,-107.88
monument,co,39.10,-104.85
morrison,co,39.61,-105.17
mosca,co,37.64,-105.81
nathrop,co,38.71,-106.12
naturita,co,38.22,-108.57
nederland,co,39.97,-105.48
new castle,co,39.57,-107.54
new raymer,co,40.69,-103.84
niwot,co,40.10,-105.17
norwood,co,38.11,-108.28
nucla,co,38.27,-108.55
nunn,co,40.73,-104.79
oak creek,co,40.26,-106.93
ohio city,co,38.55,-106.59
olathe,co,38.60,-107.99
olney springs,co,38.20,-103.94
ophir,co,37.86,-107.85
orchard,co,40.36,-104.10
ordway,co,38.21,-103.80
otis,co,40.20,-102.94
ouray,co,38.03,-107.67
ovid,co,40.95,-102.39
padroni,co,40.95,-103.36
pagosa springs,co,37.25,-107.04
palisade,co,39.10,-108.37
palmer lake,co,39.12,-104.91
paoli,co,40.61,-102.47
paonia,co,38.86,-107.60
parachute,co,39.44,-108.04
paradox,co,38.37,-108.96
parker,co,39.51,-104.73
parlin,co,38.51,-106.68
parshall,co,40.05,-106.23
peetz,co,40.95,-103.12
penrose,co,38.43,-105.01
peyton,co,38.95,-104.55
phippsburg,co,40.23,-106.94
pierce,co,40.64,-104.76
pine,co,39.47,-105.37
pinecliffe,co,39.94,-105.35
pitkin,co,38.61,-106.52
placerville,co,38.01,-108.02
platteville,co,40.21,-104.80
pleasant view,co,37.59,-108.81
poncha springs,co,38.51,-106.08
powderhorn,co,38.28,-107.11
pritchett,co,37.36,-102.89
pueblo,co,38.29,-104.58
ramah,co,39.07,-104.12
rand,co,40.45,-106.18
rangely,co,40.08,-108.80
red cliff,co,39.51,-106.37
red feather lakes,co,40.80,-105.62
redvale,co,38.19,-108.39
rico,co,37.69,-108.03
ridgway,co,38.14,-107.75
rifle,co,39.55,-107.79
rockvale,co,38.12,-105.16
rocky ford,co,38.05,-103.73
roggen,co,40.21,-104.32
rollinsville,co,39.91,-105.47
romeo,co,37.17,-105.98
rush,co,38.76,-104.02
rye,co,37.94,-104.89
saguache,co,38.10,-106.19
salida,co,38.53,-106.00
san luis,co,37.05,-105.58
san pablo,co,37.13,-105.35
sanford,co,37.21,-105.93
sargents,co,38.40,-106.41
sedalia,co,39.33,-105.01
sedgwick,co,40.91,-102.53
seibert,co,39.32,-102.88
severance,co,40.52,-104.85
shawnee,co,39.42,-105.55
sheridan lake,co,38.46,-102.30
silt,co,39.54,-107.66
silver plume,co,39.70,-105.73
silverthorne,co,39.64,-106.06
silverton,co,37.81,-107.67
simla,co,39.15,-104.09
slater,co,40.95,-107.50
snowmass,co,39.25,-106.95
snowmass village,co,39.21,-106.94
snyder,co,40.33,-103.60
somerset,co,38.95,-107.38
south fork,co,37.67,-106.61
springfield,co,37.41,-102.62
steamboat springs,co,40.48,-106.83
sterling,co,40.63,-103.22
stoneham,co,40.69,-103.64
strasburg,co,39.78,-104.27
stratton,co,39.31,-102.60
sugar city,co,38.24,-103.66
swink,co,38.01,-103.63
tabernash,co,39.99,-105.84
telluride,co,37.94,-107.82
timnath,co,40.53,-104.98
toponas,co,40.12,-106.91
towaoc,co,37.21,-108.72
trinchera,co,37.08,-104.12
trinidad,co,37.18,-104.50
twin lakes,co,39.09,-106.44
two buttes,co,37.57,-102.32
u s a f academy,co,38.99,-104.86
vail,co,39.62,-106.46
vernon,co,39.93,-102.32
victor,co,38.71,-105.14
vilas,co,37.37,-102.44
villa grove,co,38.30,-106.11
vona,co,39.32,-102.74
walden,co,40.71,-106.28
walsenburg,co,37.64,-104.80
walsh,co,37.35,-102.25
ward,co,40.07,-105.51
watkins,co,39.76,-104.58
weldona,co,40.37,-103.97
wellington,co,40.73,-105.03
westcliffe,co,38.12,-105.43
westminster,co,39.85,-105.04
weston,co,37.17,-104.82
wetmore,co,38.19,-105.11
wheat ridge,co,39.77,-105.10
whitewater,co,38.97,-108.40
wiggins,co,40.21,-104.05
wild horse,co,38.83,-103.01
wiley,co,38.16,-102.71
windsor,co,40.48,-104.90
winter park,co,39.89,-105.76
wolcott,co,39.70,-106.68
woodland park,co,39.00,-105.06
woodrow,co,39.94,-103.58
woody creek,co,39.28,-106.89
wray,co,40.10,-102.23
yampa,co,40.15,-106.91
yellow jacket,co,37.50,-108.79
yoder,co,38.78,-104.22
yuma,co,40.13,-102.71
abington,ct,41.86,-72.01
amston,ct,41.63,-72.36
andover,ct,41.73,-72.38
ansonia,ct,41.34,-73.07
ashford,ct,41.86,-72.16
avon,ct,41.79,-72.87
ballouville,ct,41.88,-71.86
baltic,ct,41.63,-72.08
bantam,ct,41.72,-73.25
barkhamsted,ct,41.92,-72.98
beacon falls,ct,41.44,-73.06
berlin,ct,41.62,-72.77
bethany,ct,41.43,-73.00
bethel,ct,41.38,-73.40
bethlehem,ct,41.64,-73.21
bloomfield,ct,41.83,-72.72
bolton,ct,41.77,-72.44
botsford,ct,41.37,-73.26
bozrah,ct,41.55,-72.17
branford,ct,41.28,-72.81
bridgeport,ct,41.17,-73.21
bridgewater,ct,41.53,-73.36
bristol,ct,41.68,-72.93
broad brook,ct,41.91,-72.54
brookfield,ct,41.47,-73.40
brooklyn,ct,41.78,-71.95
burlington,ct,41.76,-72.94
canaan,ct,42.02,-73.32
canterbury,ct,41.68,-72.00
canton,ct,41.84,-72.90
canton center,ct,41.87,-72.91
centerbrook,ct,41.35,-72.42
central village,ct,41.72,-71.91
chaplin,ct,41.80,-72.14
cheshire,ct,41.51,-72.90
chester,ct,41.40,-72.46
clinton,ct,41.29,-72.53
cobalt,ct,41.56,-72.56
colchester,ct,41.57,-72.34
colebrook,ct,42.03,-73.10
collinsville,ct,41.85,-72.93
columbia,ct,41.70,-72.31
cornwall,ct,41.84,-73.33
cornwall bridge,ct,41.77,-73.37
cos cob,ct,41.05,-73.59
coventry,ct,41.78,-72.33
cromwell,ct,41.61,-72.67
danbury,ct,41.39,-73.45
danielson,ct,41.80,-71.88
darien,ct,41.08,-73.49
dayville,ct,41.85,-71.87
deep river,ct,41.38,-72.45
derby,ct,41.32,-73.08
durham,ct,41.46,-72.69
east berlin,ct,41.61,-72.72
east canaan,ct,42.01,-73.28
east glastonbury,ct,41.69,-72.53
east granby,ct,41.93,-72.75
east haddam,ct,41.47,-72.41
east hampton,ct,41.58,-72.51
east hartford,ct,41.78,-72.62
east hartland,ct,42.00,-72.92
east haven,ct,41.28,-72.87
east killingly,ct,41.85,-71.80
east lyme,ct,41.37,-72.23
east windsor,ct,41.91,-72.60
east windsor hill,ct,41.86,-72.60
east woodstock,ct,41.98,-71.98
eastford,ct,41.88,-72.09
easton,ct,41.25,-73.29
ellington,ct,41.91,-72.46
enfield,ct,41.99,-72.57
essex,ct,41.35,-72.40
fabyan,ct,42.01,-71.94
fairfield,ct,41.16,-73.27
falls village,ct,41.96,-73.35
farmington,ct,41.73,-72.79
gales ferry,ct,41.43,-72.07
gaylordsville,ct,41.65,-73.48
georgetown,ct,41.26,-73.44
gilman,ct,41.58,-72.13
glastonbury,ct,41.71,-72.57
goshen,ct,41.83,-73.24
granby,ct,41.96,-72.80
greens farms,ct,41.12,-73.32
greenwich,ct,41.03,-73.63
grosvenor dale,ct,41.97,-71.90
groton,ct,41.36,-72.06
guilford,ct,41.32,-72.70
haddam,ct,41.46,-72.50
hadlyme,ct,41.42,-72.41
hamden,ct,41.36,-72.94
hampton,ct,41.76,-72.07
hanover,ct,41.64,-72.07
hartford,ct,41.76,-72.69
harwinton,ct,41.77,-73.07
hawleyville,ct,41.43,-73.36
hebron,ct,41.68,-72.40
higganum,ct,41.47,-72.58
ivoryton,ct,41.34,-72.44
jewett city,ct,41.61,-71.98
kent,ct,41.73,-73.46
killingworth,ct,41.37,-72.57
lakeside,ct,41.69,-73.24
lakeville,ct,41.95,-73.44
lebanon,ct,41.63,-72.24
ledyard,ct,41.44,-72.00
litchfield,ct,41.75,-73.20
madison,ct,41.31,-72.62
manchester,ct,41.78,-72.52
mansfield center,ct,41.77,-72.20
mansfield depot,ct,41.80,-72.31
marion,ct,41.56,-72.93
marlborough,ct,41.64,-72.46
mashantucket,ct,41.48,-71.96
meriden,ct,41.53,-72.80
middle haddam,ct,41.55,-72.55
middlebury,ct,41.53,-73.11
middlefield,ct,41.52,-72.72
middletown,ct,41.56,-72.67
milford,ct,41.22,-73.05
milldale,ct,41.57,-72.89
monroe,ct,41.33,-73.22
montville,ct,41.45,-72.13
moodus,ct,41.51,-72.44
moosup,ct,41.72,-71.88
morris,ct,41.69,-73.18
mystic,ct,41.36,-71.98
naugatuck,ct,41.49,-73.05
new britain,ct,41.66,-72.78
new canaan,ct,41.15,-73.49
new fairfield,ct,41.47,-73.50
new hartford,ct,41.85,-73.01
new haven,ct,41.31,-72.93
new london,ct,41.35,-72.11
new milford,ct,41.58,-73.41
new preston marble dale,ct,41.69,-73.35
newington,ct,41.69,-72.73
newtown,ct,41.39,-73.32
niantic,ct,41.33,-72.21
norfolk,ct,41.99,-73.20
north branford,ct,41.33,-72.78
north canton,ct,41.92,-72.90
north franklin,ct,41.62,-72.14
north granby,ct,42.02,-72.84
north grosvenordale,ct,41.99,-71.90
north haven,ct,41.38,-72.86
north stonington,ct,41.45,-71.87
north westchester,ct,41.58,-72.40
north windham,ct,41.75,-72.16
northfield,ct,41.71,-73.13
northford,ct,41.40,-72.78
norwalk,ct,41.12,-73.44
norwich,ct,41.54,-72.08
oakdale,ct,41.47,-72.19
oakville,ct,41.59,-73.09
old greenwich,ct,41.04,-73.57
old lyme,ct,41.33,-72.31
old mystic,ct,41.39,-71.96
old saybrook,ct,41.29,-72.39
oneco,ct,41.69,-71.81
orange,ct,41.28,-73.03
oxford,ct,41.42,-73.13
pawcatuck,ct,41.37,-71.85
pequabuck,ct,41.67,-72.99
pine meadow,ct,41.88,-72.97
plainfield,ct,41.68,-71.92
plainville,ct,41.67,-72.86
plantsville,ct,41.58,-72.90
plymouth,ct,41.66,-73.04
pomfret,ct,41.90,-71.96
pomfret center,ct,41.87,-71.98
poquonock,ct,41.90,-72.68
portland,ct,41.59,-72.61
preston,ct,41.52,-72.02
prospect,ct,41.50,-72.98
putnam,ct,41.92,-71.90
quaker hill,ct,41.40,-72.12
quinebaug,ct,42.02,-71.94
redding,ct,41.31,-73.39
redding center,ct,41.30,-73.38
redding ridge,ct,41.31,-73.35
ridgefield,ct,41.30,-73.50
riverside,ct,41.04,-73.58
riverton,ct,41.96,-73.03
rockfall,ct,41.53,-72.70
rocky hill,ct,41.66,-72.66
rogers,ct,41.84,-71.91
roxbury,ct,41.55,-73.30
salem,ct,41.50,-72.27
salisbury,ct,42.00,-73.42
sandy hook,ct,41.41,-73.25
scotland,ct,41.69,-72.08
seymour,ct,41.39,-73.08
sharon,ct,41.87,-73.46
shelton,ct,41.30,-73.13
sherman,ct,41.57,-73.49
simsbury,ct,41.87,-72.82
somers,ct,42.00,-72.46
somersville,ct,41.98,-72.49
south britain,ct,41.47,-73.25
south glastonbury,ct,41.66,-72.55
south kent,ct,41.70,-73.47
south lyme,ct,41.31,-72.26
south willington,ct,41.86,-72.30
south windham,ct,41.67,-72.17
south windsor,ct,41.83,-72.56
south woodstock,ct,41.94,-71.96
southbury,ct,41.48,-73.22
southington,ct,41.61,-72.87
southport,ct,41.14,-73.28
stafford,ct,41.98,-72.29
stafford springs,ct,41.97,-72.29
staffordville,ct,41.99,-72.26
stamford,ct,41.05,-73.54
sterling,ct,41.72,-71.82
stevenson,ct,41.38,-73.19
stonington,ct,41.37,-71.92
storrs mansfield,ct,41.81,-72.26
stratford,ct,41.20,-73.14
suffield,ct,41.99,-72.64
taconic,ct,42.04,-73.41
taftville,ct,41.57,-72.05
tariffville,ct,41.91,-72.77
terryville,ct,41.68,-73.01
thomaston,ct,41.68,-73.09
thompson,ct,41.98,-71.84
tolland,ct,41.87,-72.37
torrington,ct,41.81,-73.12
trumbull,ct,41.26,-73.21
uncasville,ct,41.46,-72.11
unionville,ct,41.75,-72.89
vernon rockville,ct,41.85,-72.46
versailles,ct,41.60,-72.04
voluntown,ct,41.58,-71.86
wallingford,ct,41.46,-72.82
washington,ct,41.63,-73.29
washington depot,ct,41.66,-73.33
waterbury,ct,41.56,-73.05
waterford,ct,41.35,-72.15
watertown,ct,41.61,-73.12
wauregan,ct,41.74,-71.91
weatogue,ct,41.84,-72.83
west cornwall,ct,41.87,-73.33
west granby,ct,41.97,-72.86
west hartford,ct,41.76,-72.75
west hartland,ct,42.01,-72.97
west haven,ct,41.27,-72.96
west mystic,ct,41.35,-71.97
west simsbury,ct,41.87,-72.86
west suffield,ct,42.01,-72.74
westbrook,ct,41.29,-72.46
weston,ct,41.22,-73.37
westport,ct,41.14,-73.35
wethersfield,ct,41.70,-72.68
willimantic,ct,41.71,-72.21
willington,ct,41.87,-72.27
wilton,ct,41.20,-73.44
winchester center,ct,41.90,-73.14
windham,ct,41.70,-72.15
windsor,ct,41.85,-72.64
windsor locks,ct,41.93,-72.65
winsted,ct,41.93,-73.07
wolcott,ct,41.60,-72.98
woodbridge,ct,41.35,-73.01
woodbury,ct,41.55,-73.21
woodstock,ct,41.96,-72.00
woodstock valley,ct,41.92,-72.09
yantic,ct,41.56,-72.12
naval anacost annex,dc,38.90,-77.04
washington,dc,38.91,-77.02
washington navy yard,dc,38.87,-76.99
bear,de,39.61,-75.67
bethany beach,de,38.53,-75.07
bethel,de,38.57,-75.62
bridgeville,de,38.74,-75.61
camden wyoming,de,39.10,-75.60
cheswold,de,39.22,-75.59
claymont,de,39.80,-75.46
clayton,de,39.26,-75.69
dagsboro,de,38.56,-75.21
delaware city,de,39.58,-75.59
delmar,de,38.48,-75.58
dover,de,39.16,-75.54
dover afb,de,39.12,-75.48
ellendale,de,38.81,-75.41
felton,de,39.02,-75.58
fenwick island,de,38.46,-75.22
frankford,de,38.52,-75.20
frederica,de,39.03,-75.45
georgetown,de,38.68,-75.39
greenwood,de,38.82,-75.59
harbeson,de,38.67,-75.22
harrington,de,38.92,-75.58
hartly,de,39.15,-75.69
hockessin,de,39.78,-75.69
houston,de,38.91,-75.51
kenton,de,39.23,-75.66
kirkwood,de,39.57,-75.70
laurel,de,38.55,-75.56
lewes,de,38.74,-75.17
lincoln,de,38.86,-75.40
little creek,de,39.17,-75.45
magnolia,de,39.07,-75.51
marydel,de,39.10,-75.73
middletown,de,39.48,-75.68
milford,de,38.92,-75.43
millsboro,de,38.59,-75.26
millville,de,38.56,-75.11
milton,de,38.77,-75.30
montchanin,de,39.79,-75.59
nassau,de,38.75,-75.19
new castle,de,39.68,-75.59
newark,de,39.63,-75.70
ocean view,de,38.56,-75.10
odessa,de,39.46,-75.66
port penn,de,39.52,-75.58
rehoboth beach,de,38.71,-75.11
rockland,de,39.80,-75.57
st georges,de,39.55,-75.65
seaford,de,38.64,-75.60
selbyville,de,38.47,-75.16
smyrna,de,39.29,-75.60
townsend,de,39.38,-75.68
viola,de,39.04,-75.57
wilmington,de,39.74,-75.55
winterthur,de,39.80,-75.59
woodside,de,39.07,-75.57
yorklyn,de,39.81,-75.68
alachua,fl,29.80,-82.48
alford,fl,30.71,-85.35
altamonte springs,fl,28.66,-81.37
altha,fl,30.53,-85.17
altoona,fl,29.02,-81.63
alturas,fl,27.87,-81.72
alva,fl,26.71,-81.64
anna maria,fl,27.53,-82.73
anthony,fl,29.30,-82.13
apalachicola,fl,29.73,-85.01
apollo beach,fl,27.77,-82.41
apopka,fl,28.66,-81.49
arcadia,fl,27.19,-81.81
archer,fl,29.56,-82.51
argyle,fl,30.72,-86.04
aripeka,fl,28.43,-82.66
astatula,fl,28.71,-81.72
astor,fl,29.17,-81.54
atlantic beach,fl,30.35,-81.42
auburndale,fl,28.07,-81.81
avon park,fl,27.60,-81.50
babson park,fl,27.83,-81.53
bagdad,fl,30.60,-87.03
baker,fl,30.83,-86.68
balm,fl,27.76,-82.26
barberville,fl,29.19,-81.42
bartow,fl,27.90,-81.81
bascom,fl,30.95,-85.10
bay pines,fl,27.81,-82.78
bell,fl,29.78,-82.87
belle glade,fl,26.68,-80.67
belleair beach,fl,27.92,-82.84
belleview,fl,29.05,-82.04
beverly hills,fl,28.92,-82.46
big pine key,fl,24.68,-81.36
blountstown,fl,30.44,-85.06
boca grande,fl,26.75,-82.26
boca raton,fl,26.36,-80.08
bokeelia,fl,26.66,-82.14
bonifay,fl,30.85,-85.69
bonita springs,fl,26.39,-81.73
bostwick,fl,29.77,-81.64
bowling green,fl,27.63,-81.85
boynton beach,fl,26.52,-80.07
bradenton,fl,27.50,-82.51
bradenton beach,fl,27.52,-82.72
bradley,fl,27.79,-81.86
brandon,fl,27.94,-82.29
branford,fl,29.94,-82.90
bristol,fl,30.42,-84.95
bronson,fl,29.46,-82.64
brooker,fl,29.92,-82.30
brooksville,fl,28.57,-82.37
bryant,fl,26.86,-80.63
bryceville,fl,30.42,-81.97
bunnell,fl,29.46,-81.32
bushnell,fl,28.66,-82.16
callahan,fl,30.55,-81.81
campbellton,fl,30.96,-85.38
canal point,fl,26.86,-80.63
candler,fl,29.07,-81.97
cantonment,fl,30.61,-87.33
cape canaveral,fl,28.39,-80.60
cape coral,fl,26.58,-81.95
captiva,fl,26.75,-82.26
carrabelle,fl,29.87,-84.64
caryville,fl,30.80,-85.80
cassadaga,fl,28.97,-81.24
casselberry,fl,28.66,-81.31
cedar key,fl,29.17,-83.02
center hill,fl,28.66,-82.00
century,fl,30.97,-87.32
chattahoochee,fl,30.68,-84.83
chiefland,fl,29.48,-82.88
chipley,fl,30.71,-85.55
chokoloskee,fl,25.81,-81.36
christmas,fl,28.55,-81.01
citra,fl,29.39,-82.11
clarcona,fl,28.61,-81.50
clarksville,fl,30.36,-85.19
clearwater,fl,27.98,-82.78
clearwater beach,fl,27.98,-82.82
clermont,fl,28.55,-81.76
clewiston,fl,26.72,-80.95
cocoa,fl,28.37,-80.75
cocoa beach,fl,28.33,-80.61
coconut creek,fl,26.24,-80.21
coleman,fl,28.80,-82.07
copeland,fl,25.95,-81.36
cortez,fl,27.47,-82.70
cottondale,fl,30.80,-85.38
crawfordville,fl,30.18,-84.38
crescent city,fl,29.45,-81.56
crestview,fl,30.77,-86.55
cross city,fl,29.63,-83.13
crystal beach,fl,28.09,-82.78
crystal river,fl,28.96,-82.63
crystal springs,fl,28.18,-82.16
cypress,fl,30.71,-85.07
dade city,fl,28.43,-82.21
dania,fl,26.05,-80.14
davenport,fl,28.22,-81.62
day,fl,30.15,-83.29
daytona beach,fl,29.20,-81.04
de leon springs,fl,29.12,-81.35
debary,fl,28.88,-81.31
deerfield beach,fl,26.31,-80.10
defuniak springs,fl,30.75,-86.14
deland,fl,29.03,-81.33
delray beach,fl,26.46,-80.08
deltona,fl,28.90,-81.25
destin,fl,30.39,-86.48
doctors inlet,fl,30.10,-81.78
dover,fl,27.99,-82.21
dundee,fl,28.02,-81.62
dunedin,fl,28.02,-82.77
dunnellon,fl,29.00,-82.51
durant,fl,27.91,-82.19
eagle lake,fl,27.98,-81.76
earleton,fl,29.72,-82.11
east palatka,fl,29.66,-81.59
eastlake weir,fl,29.02,-81.91
eastpoint,fl,29.73,-84.87
eaton park,fl,28.01,-81.91
ebro,fl,30.44,-85.89
edgar,fl,29.62,-81.89
edgewater,fl,28.98,-80.91
eglin afb,fl,30.48,-86.62
el jobean,fl,26.98,-82.20
elfers,fl,28.22,-82.72
elkton,fl,29.79,-81.46
ellenton,fl,27.54,-82.50
englewood,fl,26.93,-82.31
estero,fl,26.44,-81.81
eustis,fl,28.86,-81.65
everglades city,fl,25.86,-81.38
evinston,fl,29.49,-82.23
fairfield,fl,29.37,-82.25
fedhaven,fl,27.87,-81.47
felda,fl,26.54,-81.44
fellsmere,fl,27.76,-80.60
fernandina beach,fl,30.64,-81.47
ferndale,fl,28.60,-81.67
flagler beach,fl,29.47,-81.13
fleming island,fl,30.11,-81.72
florahome,fl,29.76,-81.86
floral city,fl,28.75,-82.30
ft lauderdale,fl,26.12,-80.13
ft mc coy,fl,29.28,-81.89
ft meade,fl,27.75,-81.78
ft myers,fl,26.62,-81.87
ft myers beach,fl,26.45,-81.92
ft ogden,fl,27.09,-81.95
ft pierce,fl,27.44,-80.44
ft walton beach,fl,30.45,-86.63
ft white,fl,29.92,-82.69
fountain,fl,30.48,-85.43
freeport,fl,30.49,-86.17
frostproof,fl,27.72,-81.51
fruitland park,fl,28.86,-81.90
gainesville,fl,29.65,-82.31
geneva,fl,28.75,-81.11
georgetown,fl,29.40,-81.63
gibsonton,fl,27.84,-82.37
glen st mary,fl,30.29,-82.20
glenwood,fl,29.09,-81.35
goldenrod,fl,28.61,-81.29
gonzalez,fl,30.58,-87.29
goodland,fl,25.92,-81.65
gotha,fl,28.53,-81.52
graceville,fl,30.94,-85.51
graham,fl,29.86,-82.22
grand island,fl,28.89,-81.74
grand ridge,fl,30.71,-85.02
grandin,fl,29.73,-81.92
grant,fl,27.93,-80.53
green cove springs,fl,30.00,-81.73
greensboro,fl,30.57,-84.74
greenville,fl,30.45,-83.65
greenwood,fl,30.85,-85.16
gretna,fl,30.62,-84.66
groveland,fl,28.56,-81.87
gulf breeze,fl,30.38,-87.04
gulf hammock,fl,29.25,-82.73
haines city,fl,28.10,-81.61
hallandale,fl,25.98,-80.15
hampton,fl,29.86,-82.15
hastings,fl,29.71,-81.49
havana,fl,30.61,-84.41
hawthorne,fl,29.57,-82.11
hernando,fl,28.90,-82.37
hialeah,fl,25.91,-80.30
high springs,fl,29.84,-82.62
highland city,fl,27.96,-81.88
hilliard,fl,30.69,-81.93
hobe sound,fl,27.08,-80.15
holder,fl,28.97,-82.42
holiday,fl,28.19,-82.73
hollister,fl,29.62,-81.81
hollywood,fl,26.01,-80.12
holmes beach,fl,27.47,-82.70
holt,fl,30.73,-86.70
homeland,fl,27.82,-81.82
homestead,fl,25.48,-80.48
homosassa,fl,28.75,-82.53
homosassa springs,fl,28.80,-82.58
horseshoe beach,fl,29.49,-83.26
hosford,fl,30.36,-84.81
howey in the hills,fl,28.71,-81.79
hudson,fl,28.36,-82.68
hurlburt field,fl,30.43,-86.69
immokalee,fl,26.38,-81.37
indialantic,fl,28.11,-80.58
indian lake estates,fl,27.81,-81.38
indian rocks beach,fl,27.88,-82.85
indiantown,fl,27.06,-80.48
inglis,fl,29.03,-82.67
intercession city,fl,28.26,-81.51
interlachen,fl,29.63,-81.89
inverness,fl,28.83,-82.29
islamorada,fl,24.92,-80.63
island grove,fl,29.45,-82.11
istachatta,fl,28.66,-82.28
jacksonville,fl,30.32,-81.42
jacksonville beach,fl,30.29,-81.39
jasper,fl,30.50,-82.93
jay,fl,30.90,-87.13
jennings,fl,30.55,-83.13
jensen beach,fl,27.24,-80.23
jupiter,fl,26.93,-80.12
kathleen,fl,28.21,-82.04
kenansville,fl,27.88,-81.05
key biscayne,fl,25.69,-80.16
key colony beach,fl,24.72,-81.02
key largo,fl,25.14,-80.41
key west,fl,24.57,-81.76
keystone heights,fl,29.80,-81.99
killarney,fl,28.55,-81.65
kissimmee,fl,28.31,-81.42
la crosse,fl,29.84,-82.41
labelle,fl,26.73,-81.43
lacoochee,fl,28.47,-82.17
lady lake,fl,28.92,-81.92
lake alfred,fl,28.09,-81.73
lake butler,fl,30.00,-82.38
lake city,fl,30.09,-82.71
lake como,fl,29.48,-81.57
lake geneva,fl,29.77,-82.01
lake hamilton,fl,28.04,-81.63
lake harbor,fl,26.69,-80.81
lake helen,fl,28.98,-81.23
lake mary,fl,28.75,-81.34
lake monroe,fl,28.82,-81.33
lake panasoffkee,fl,28.80,-82.14
lake placid,fl,27.29,-81.36
lake wales,fl,27.90,-81.55
lake worth,fl,26.62,-80.15
lakeland,fl,28.04,-81.94
lamont,fl,30.37,-83.90
lanark village,fl,29.88,-84.60
land o lakes,fl,28.27,-82.47
largo,fl,27.92,-82.80
laurel,fl,27.13,-82.45
laurel hill,fl,30.95,-86.40
lawtey,fl,30.05,-82.11
lecanto,fl,28.93,-82.49
lee,fl,30.40,-83.28
leesburg,fl,28.81,-81.89
lehigh acres,fl,26.62,-81.61
lighthouse point,fl,26.28,-80.11
lithia,fl,27.83,-82.14
live oak,fl,30.29,-83.02
lloyd,fl,30.48,-84.02
lochloosa,fl,29.51,-82.10
long key,fl,24.62,-82.86
longboat key,fl,27.39,-82.64
longwood,fl,28.71,-81.36
lorida,fl,27.41,-81.20
loughman,fl,28.24,-81.57
lowell,fl,29.33,-82.19
loxahatchee,fl,26.74,-80.28
lulu,fl,30.08,-82.54
lutz,fl,28.14,-82.48
lynn haven,fl,30.24,-85.65
macclenny,fl,30.27,-82.13
madison,fl,30.48,-83.41
maitland,fl,28.63,-81.35
malabar,fl,28.00,-80.57
malone,fl,30.96,-85.16
mango,fl,27.98,-82.31
marathon,fl,24.73,-81.04
marathon shores,fl,24.71,-81.09
marco island,fl,25.94,-81.72
marianna,fl,30.76,-85.23
mary esther,fl,30.41,-86.71
mascotte,fl,28.58,-81.89
mayo,fl,30.04,-83.15
mc alpin,fl,30.15,-82.97
mc david,fl,30.87,-87.45
mc intosh,fl,29.45,-82.22
melbourne,fl,28.07,-80.62
melbourne beach,fl,28.02,-80.54
melrose,fl,29.73,-82.03
merritt island,fl,28.33,-80.68
mexico beach,fl,29.95,-85.42
miami,fl,25.78,-80.20
miami beach,fl,25.76,-80.14
micanopy,fl,29.53,-82.28
mid florida,fl,28.75,-81.67
middleburg,fl,30.07,-81.86
midway,fl,30.50,-84.45
milligan,fl,30.75,-86.64
milton,fl,30.66,-87.05
mims,fl,28.70,-80.87
minneola,fl,28.57,-81.75
miramar beach,fl,30.38,-86.35
molino,fl,30.72,-87.31
monticello,fl,30.52,-83.89
montverde,fl,28.60,-81.68
moore haven,fl,26.83,-81.22
morriston,fl,29.28,-82.49
mossy head,fl,30.76,-86.32
mt dora,fl,28.80,-81.64
mulberry,fl,27.90,-82.00
murdock,fl,27.01,-82.15
myakka city,fl,27.36,-82.18
nalcrest,fl,27.86,-81.43
naples,fl,26.14,-81.80
navarre,fl,30.59,-86.94
neptune beach,fl,30.32,-81.41
new port richey,fl,28.23,-82.73
new smyrna beach,fl,29.02,-80.96
newberry,fl,29.66,-82.59
niceville,fl,30.50,-86.41
nichols,fl,27.89,-82.03
nobleton,fl,28.65,-82.26
nocatee,fl,27.16,-81.88
nokomis,fl,27.12,-82.44
noma,fl,30.98,-85.62
north ft myers,fl,26.68,-81.91
north miami beach,fl,25.94,-80.14
north palm beach,fl,26.83,-80.06
north port,fl,27.08,-82.17
o brien,fl,30.04,-82.93
oak hill,fl,28.87,-80.86
oakland,fl,28.55,-81.63
ocala,fl,29.20,-82.10
ochopee,fl,25.98,-81.12
ocklawaha,fl,29.06,-81.89
ocoee,fl,28.58,-81.53
odessa,fl,28.14,-82.59
okahumpka,fl,28.74,-81.88
okeechobee,fl,27.31,-80.85
old town,fl,29.62,-83.06
oldsmar,fl,28.05,-82.68
olustee,fl,30.20,-82.43
ona,fl,27.41,-81.93
oneco,fl,27.45,-82.55
opa locka,fl,25.91,-80.25
orange city,fl,28.95,-81.30
orange lake,fl,29.43,-82.22
orange park,fl,30.10,-81.71
orange springs,fl,29.51,-81.95
orlando,fl,28.50,-80.58
ormond beach,fl,29.29,-81.06
osprey,fl,27.18,-82.49
osteen,fl,28.84,-81.16
otter creek,fl,29.32,-82.77
oviedo,fl,28.67,-81.21
oxford,fl,28.93,-82.04
ozona,fl,28.07,-82.78
pahokee,fl,26.81,-80.66
paisley,fl,29.00,-81.50
palatka,fl,29.66,-81.66
palm bay,fl,28.01,-80.60
palm beach,fl,26.72,-80.04
palm beach gardens,fl,26.84,-80.09
palm city,fl,27.17,-80.29
palm coast,fl,29.58,-81.21
palm harbor,fl,28.08,-82.76
palmdale,fl,26.95,-81.32
palmetto,fl,27.52,-82.57
panacea,fl,30.02,-84.39
panama city,fl,30.16,-85.65
panama city beach,fl,30.19,-85.79
parrish,fl,27.56,-82.40
patrick afb,fl,28.26,-80.61
paxton,fl,30.98,-86.31
pembroke pines,fl,26.02,-80.30
penney farms,fl,29.98,-81.81
pensacola,fl,30.42,-87.22
perry,fl,30.10,-83.59
pierson,fl,29.22,-81.44
pineland,fl,26.66,-82.15
pinellas park,fl,27.84,-82.72
pinetta,fl,30.60,-83.34
placida,fl,26.82,-82.26
plant city,fl,28.02,-82.13
plymouth,fl,28.69,-81.55
point washington,fl,30.37,-86.11
polk city,fl,28.20,-81.81
pomona park,fl,29.50,-81.63
pompano beach,fl,26.23,-80.12
ponce de leon,fl,30.70,-85.95
ponte vedra,fl,30.10,-81.44
ponte vedra beach,fl,30.24,-81.39
port charlotte,fl,26.98,-82.14
port orange,fl,29.12,-80.98
port richey,fl,28.30,-82.69
port st joe,fl,29.84,-85.30
port st lucie,fl,27.29,-80.30
port salerno,fl,27.14,-80.20
punta gorda,fl,26.92,-82.05
putnam hall,fl,29.74,-81.96
quincy,fl,30.59,-84.61
raiford,fl,30.06,-82.24
reddick,fl,29.38,-82.24
river ranch,fl,27.88,-81.47
riverview,fl,27.87,-82.33
rockledge,fl,28.31,-80.73
roseland,fl,27.84,-80.49
rosemary beach,fl,30.28,-86.03
rotonda west,fl,26.90,-82.29
ruskin,fl,27.70,-82.44
safety harbor,fl,28.01,-82.70
st augustine,fl,29.84,-81.27
st cloud,fl,28.25,-81.29
st james city,fl,26.53,-82.09
st johns,fl,30.10,-81.62
st leo,fl,28.34,-82.26
st marks,fl,30.16,-84.21
st petersburg,fl,27.77,-82.64
salem,fl,29.82,-83.39
san antonio,fl,28.34,-82.29
san mateo,fl,29.59,-81.59
sanderson,fl,30.30,-82.34
sanford,fl,28.80,-81.29
sanibel,fl,26.45,-82.09
santa rosa beach,fl,30.37,-86.25
sarasota,fl,27.41,-82.53
satellite beach,fl,28.18,-80.60
satsuma,fl,29.56,-81.64
scottsmoor,fl,28.77,-80.88
sebastian,fl,27.88,-80.52
sebring,fl,27.49,-81.44
seffner,fl,27.98,-82.28
seminole,fl,27.84,-82.79
seville,fl,29.32,-81.53
shady grove,fl,30.29,-83.63
shalimar,fl,30.45,-86.57
sharpes,fl,28.43,-80.76
silver springs,fl,29.21,-81.92
sneads,fl,30.73,-84.93
sopchoppy,fl,30.07,-84.45
sorrento,fl,28.80,-81.53
south bay,fl,26.67,-80.73
sparr,fl,29.34,-82.11
spring hill,fl,28.47,-82.60
starke,fl,29.96,-82.12
steinhatchee,fl,29.67,-83.37
stuart,fl,27.20,-80.25
sumatra,fl,30.02,-84.98
summerfield,fl,29.00,-82.02
summerland key,fl,24.66,-81.49
sumterville,fl,28.74,-82.06
sun city,fl,27.68,-82.48
sun city center,fl,27.72,-82.43
suwannee,fl,29.33,-83.14
sydney,fl,27.96,-82.21
tallahassee,fl,30.43,-84.26
tallevast,fl,27.40,-82.54
tampa,fl,28.09,-82.46
tangerine,fl,28.76,-81.63
tarpon springs,fl,28.15,-82.76
tavares,fl,28.80,-81.73
tavernier,fl,25.01,-80.52
telogia,fl,30.35,-84.82
terra ceia,fl,27.58,-82.58
the villages,fl,28.93,-82.00
thonotosassa,fl,28.06,-82.31
titusville,fl,28.57,-80.82
trenton,fl,29.63,-82.81
trilby,fl,28.46,-82.19
umatilla,fl,28.93,-81.67
valparaiso,fl,30.51,-86.50
valrico,fl,27.91,-82.25
vanderbilt beach,fl,26.16,-81.79
venice,fl,27.10,-82.45
venus,fl,27.13,-81.36
vernon,fl,30.63,-85.76
vero beach,fl,27.63,-80.40
wabasso,fl,27.75,-80.44
wacissa,fl,30.36,-83.99
waldo,fl,29.79,-82.16
wauchula,fl,27.55,-81.81
wausau,fl,30.63,-85.59
waverly,fl,27.98,-81.61
webster,fl,28.58,-82.09
weirsdale,fl,28.98,-81.89
welaka,fl,29.48,-81.67
wellborn,fl,30.18,-82.85
wesley chapel,fl,28.21,-82.29
west palm beach,fl,26.71,-80.07
westville,fl,30.87,-85.91
wewahitchka,fl,30.26,-85.21
white springs,fl,30.34,-82.78
wildwood,fl,28.85,-82.03
williston,fl,29.40,-82.49
wimauma,fl,27.70,-82.32
windermere,fl,28.50,-81.54
winter beach,fl,27.72,-80.42
winter garden,fl,28.49,-81.61
winter haven,fl,28.00,-81.75
winter park,fl,28.60,-81.35
winter springs,fl,28.68,-81.28
woodville,fl,30.31,-84.25
worthington springs,fl,29.93,-82.42
yalaha,fl,28.74,-81.83
yankeetown,fl,29.03,-82.72
youngstown,fl,30.33,-85.52
yulee,fl,30.63,-81.61
zellwood,fl,28.72,-81.58
zephyrhills,fl,28.23,-82.18
zolfo springs,fl,27.48,-81.74
abbeville,ga,31.96,-83.31
acworth,ga,34.07,-84.68
adairsville,ga,34.36,-84.92
adel,ga,31.13,-83.42
adrian,ga,32.56,-82.57
ailey,ga,32.21,-82.48
alamo,ga,32.13,-82.79
alapaha,ga,31.39,-83.21
albany,ga,31.57,-84.16
allenhurst,ga,31.77,-81.62
allentown,ga,32.65,-83.19
alma,ga,31.55,-82.46
alpharetta,ga,34.10,-84.29
alston,ga,32.08,-82.48
alto,ga,34.46,-83.60
ambrose,ga,31.54,-83.00
americus,ga,32.09,-84.24
andersonville,ga,32.13,-84.10
appling,ga,33.63,-82.29
arabi,ga,31.86,-83.73
aragon,ga,34.07,-85.07
argyle,ga,31.07,-82.65
arlington,ga,31.44,-84.72
armuchee,ga,34.44,-85.18
arnoldsville,ga,33.88,-83.23
ashburn,ga,31.71,-83.66
athens,ga,33.98,-83.36
atlanta,ga,33.75,-84.32
attapulgus,ga,30.75,-84.48
auburn,ga,34.01,-83.83
augusta,ga,33.51,-82.10
austell,ga,33.83,-84.63
avera,ga,33.14,-82.51
avondale estates,ga,33.77,-84.26
axson,ga,31.30,-82.73
baconton,ga,31.39,-84.11
bainbridge,ga,30.94,-84.58
baldwin,ga,34.46,-83.53
ball ground,ga,34.34,-84.38
barnesville,ga,33.05,-84.15
barney,ga,31.01,-83.52
bartow,ga,32.86,-82.47
barwick,ga,30.89,-83.74
baxley,ga,31.78,-82.35
bellville,ga,32.15,-81.97
berlin,ga,31.07,-83.62
bethlehem,ga,33.93,-83.73
bishop,ga,33.81,-83.48
blackshear,ga,31.29,-82.26
blairsville,ga,34.88,-83.99
blakely,ga,31.38,-84.93
bloomingdale,ga,32.12,-81.31
blue ridge,ga,34.86,-84.33
bluffton,ga,31.52,-84.87
blythe,ga,33.29,-82.20
bogart,ga,33.93,-83.51
bolingbroke,ga,32.95,-83.80
bonaire,ga,32.55,-83.60
boneville,ga,33.43,-82.44
boston,ga,30.79,-83.80
bostwick,ga,33.74,-83.51
bowdon,ga,33.54,-85.25
bowdon junction,ga,33.66,-85.15
bowersville,ga,34.40,-83.05
bowman,ga,34.19,-83.03
box springs,ga,32.57,-84.61
braselton,ga,34.14,-83.78
bremen,ga,33.73,-85.13
brinson,ga,30.98,-84.74
bristol,ga,31.40,-82.25
bronwood,ga,31.83,-84.36
brookfield,ga,31.42,-83.39
brooklet,ga,32.29,-81.63
brooks,ga,33.30,-84.48
broxton,ga,31.65,-82.90
brunswick,ga,31.17,-81.49
buchanan,ga,33.83,-85.15
buckhead,ga,33.54,-83.34
buena vista,ga,32.35,-84.53
buford,ga,34.13,-84.03
butler,ga,32.57,-84.23
byromville,ga,32.19,-83.90
byron,ga,32.65,-83.76
cadwell,ga,32.32,-83.03
cairo,ga,30.95,-84.20
calhoun,ga,34.50,-84.93
calvary,ga,30.73,-84.35
camak,ga,33.45,-82.65
camilla,ga,31.22,-84.23
canon,ga,34.35,-83.13
canton,ga,34.21,-84.46
carlton,ga,33.99,-83.00
carnesville,ga,34.39,-83.28
carrollton,ga,33.58,-85.08
cartersville,ga,34.19,-84.82
cassville,ga,34.24,-84.85
cataula,ga,32.62,-84.92
cave spring,ga,34.12,-85.34
cecil,ga,31.05,-83.39
cedar springs,ga,31.18,-85.04
cedartown,ga,34.01,-85.25
centerville,ga,32.63,-83.68
chatsworth,ga,34.76,-84.79
chauncey,ga,32.08,-83.05
cherrylog,ga,34.77,-84.44
chester,ga,32.40,-83.17
chestnut mountain,ga,34.23,-83.88
chickamauga,ga,34.86,-85.32
chula,ga,31.54,-83.55
cisco,ga,34.85,-84.72
clarkdale,ga,33.83,-84.65
clarkesville,ga,34.64,-83.52
clarkston,ga,33.81,-84.24
claxton,ga,32.17,-81.91
clayton,ga,34.88,-83.41
clermont,ga,34.48,-83.79
cleveland,ga,34.58,-83.75
climax,ga,30.88,-84.43
clinchfield,ga,32.41,-83.64
clyo,ga,32.51,-81.31
cobb,ga,31.96,-83.96
cobbtown,ga,32.26,-82.13
cochran,ga,32.40,-83.32
cohutta,ga,34.93,-84.95
colbert,ga,34.04,-83.22
coleman,ga,31.67,-84.89
collins,ga,32.19,-82.11
colquitt,ga,31.17,-84.73
columbus,ga,32.47,-84.98
comer,ga,34.09,-83.12
commerce,ga,34.22,-83.39
concord,ga,33.10,-84.45
conley,ga,33.64,-84.33
conyers,ga,33.69,-84.02
coolidge,ga,30.99,-83.88
coosa,ga,34.25,-85.35
cordele,ga,31.96,-83.78
cornelia,ga,34.52,-83.55
cotton,ga,31.16,-84.07
covington,ga,33.58,-83.85
crandall,ga,34.94,-84.76
crawford,ga,33.91,-83.19
crawfordville,ga,33.57,-82.89
crescent,ga,31.50,-81.39
culloden,ga,32.83,-84.05
cumming,ga,34.25,-84.18
cusseta,ga,32.30,-84.76
cuthbert,ga,31.77,-84.79
dacula,ga,33.99,-83.90
dahlonega,ga,34.53,-83.98
daisy,ga,32.15,-81.83
dallas,ga,33.92,-84.83
dalton,ga,34.77,-84.97
damascus,ga,31.30,-84.72
danielsville,ga,34.17,-83.28
danville,ga,32.59,-83.30
darien,ga,31.38,-81.43
davisboro,ga,32.94,-82.62
dawson,ga,31.77,-84.45
dawsonville,ga,34.39,-84.10
de soto,ga,31.95,-84.03
dearing,ga,33.41,-82.40
decatur,ga,33.77,-84.30
demorest,ga,34.58,-83.57
denton,ga,31.75,-82.72
dewy rose,ga,34.17,-82.94
dexter,ga,32.44,-83.05
dillard,ga,34.98,-83.38
dixie,ga,30.77,-83.68
doerun,ga,31.31,-83.93
donalsonville,ga,31.04,-84.88
douglas,ga,31.50,-82.85
douglasville,ga,33.75,-84.75
dover,ga,32.58,-81.72
dry branch,ga,32.70,-83.50
du pont,ga,31.00,-82.86
dublin,ga,32.55,-82.90
dudley,ga,32.53,-83.09
duluth,ga,34.02,-84.15
east dublin,ga,32.55,-82.87
east ellijay,ga,34.68,-84.47
eastanollee,ga,34.50,-83.26
eastman,ga,32.21,-83.19
eatonton,ga,33.31,-83.36
eden,ga,32.17,-81.39
edison,ga,31.56,-84.74
elberton,ga,34.11,-82.84
elko,ga,32.33,-83.73
ellabell,ga,32.13,-81.50
ellaville,ga,32.24,-84.30
ellenton,ga,31.18,-83.59
ellenwood,ga,33.61,-84.29
ellerslie,ga,32.66,-84.88
ellijay,ga,34.67,-84.50
emerson,ga,34.12,-84.76
enigma,ga,31.37,-83.36
epworth,ga,34.94,-84.44
esom hill,ga,33.95,-85.39
eton,ga,34.83,-84.76
evans,ga,33.54,-82.14
experiment,ga,33.27,-84.28
fairburn,ga,33.56,-84.58
fairmount,ga,34.47,-84.77
fargo,ga,30.72,-82.58
farmington,ga,33.78,-83.42
fayetteville,ga,33.45,-84.46
felton,ga,33.89,-85.22
fitzgerald,ga,31.72,-83.25
fleming,ga,31.86,-81.42
flintstone,ga,34.93,-85.35
flovilla,ga,33.25,-83.91
flowery branch,ga,34.18,-83.90
folkston,ga,30.85,-82.01
forest park,ga,33.62,-84.37
forsyth,ga,33.05,-83.94
ft benning,ga,32.37,-84.95
ft gaines,ga,31.61,-85.05
ft oglethorpe,ga,34.96,-85.24
ft stewart,ga,31.98,-81.44
ft valley,ga,32.55,-83.89
fortson,ga,32.63,-85.00
fowlstown,ga,30.80,-84.55
franklin,ga,33.29,-85.11
franklin springs,ga,34.28,-83.14
funston,ga,31.20,-83.87
gainesville,ga,34.31,-83.83
garfield,ga,32.60,-82.09
gay,ga,33.15,-84.58
geneva,ga,32.58,-84.55
georgetown,ga,31.98,-81.23
gibson,ga,33.25,-82.58
gillsville,ga,34.30,-83.68
girard,ga,33.04,-81.71
glenn,ga,33.15,-85.20
glennville,ga,31.95,-81.95
glenwood,ga,32.16,-82.68
good hope,ga,33.76,-83.59
gordon,ga,32.91,-83.32
gough,ga,33.09,-82.23
gracewood,ga,33.37,-82.03
grantville,ga,33.25,-84.83
gray,ga,33.02,-83.54
grayson,ga,33.89,-83.96
graysville,ga,34.98,-85.14
greensboro,ga,33.56,-83.17
greenville,ga,33.04,-84.74
griffin,ga,33.25,-84.27
grovetown,ga,33.48,-82.24
guyton,ga,32.31,-81.39
haddock,ga,33.05,-83.43
hagan,ga,32.16,-81.93
hahira,ga,30.94,-83.36
hamilton,ga,32.74,-84.88
hampton,ga,33.41,-84.29
haralson,ga,33.23,-84.57
hardwick,ga,33.07,-83.22
harlem,ga,33.42,-82.31
harrison,ga,32.84,-82.72
hartsfield,ga,31.22,-83.97
hartwell,ga,34.36,-82.93
hawkinsville,ga,32.28,-83.49
hazlehurst,ga,31.86,-82.59
helen,ga,34.69,-83.74
helena,ga,32.08,-82.92
hephzibah,ga,33.34,-82.09
hiawassee,ga,34.94,-83.75
high shoals,ga,33.82,-83.51
hillsboro,ga,33.18,-83.69
hinesville,ga,31.85,-81.60
hiram,ga,33.87,-84.77
hoboken,ga,31.18,-82.18
hogansville,ga,33.16,-84.93
holly springs,ga,34.17,-84.50
homer,ga,34.36,-83.50
homerville,ga,31.04,-82.74
hortense,ga,31.32,-81.96
hoschton,ga,34.09,-83.78
howard,ga,32.60,-84.38
hull,ga,34.05,-83.31
ideal,ga,32.39,-84.15
ila,ga,34.17,-83.29
iron city,ga,31.01,-84.81
irwinton,ga,32.81,-83.17
irwinville,ga,31.65,-83.40
jackson,ga,33.28,-83.98
jacksonville,ga,31.85,-82.98
jakin,ga,31.09,-84.98
jasper,ga,34.46,-84.48
jefferson,ga,34.11,-83.57
jeffersonville,ga,32.74,-83.39
jekyll island,ga,31.07,-81.41
jenkinsburg,ga,33.32,-84.03
jersey,ga,33.72,-83.80
jesup,ga,31.60,-81.89
jewell,ga,33.33,-82.73
jonesboro,ga,33.52,-84.36
juliette,ga,33.12,-83.82
junction city,ga,32.61,-84.46
kathleen,ga,32.47,-83.61
kennesaw,ga,34.03,-84.60
keysville,ga,33.17,-82.18
kings bay,ga,30.79,-81.50
kingsland,ga,30.80,-81.71
kingston,ga,34.25,-85.00
kite,ga,32.71,-82.53
knoxville,ga,32.65,-83.94
la fayette,ga,34.69,-85.26
lagrange,ga,33.03,-85.04
lake park,ga,30.69,-83.18
lakeland,ga,31.04,-83.09
lakemont,ga,34.76,-83.40
lavonia,ga,34.45,-83.11
lawrenceville,ga,33.94,-83.96
leary,ga,31.49,-84.51
lebanon,ga,34.14,-84.51
leesburg,ga,31.68,-84.16
lenox,ga,31.27,-83.45
leslie,ga,31.95,-84.08
lexington,ga,33.88,-83.09
lilburn,ga,33.87,-84.12
lilly,ga,32.15,-83.88
lincolnton,ga,33.78,-82.44
lindale,ga,34.17,-85.18
lithia springs,ga,33.79,-84.66
lithonia,ga,33.68,-84.16
lizella,ga,32.78,-83.83
locust grove,ga,33.34,-84.10
loganville,ga,33.84,-83.90
lookout mountain,ga,34.93,-85.38
louisville,ga,33.02,-82.38
louvale,ga,32.17,-84.83
lovejoy,ga,33.44,-84.31
ludowici,ga,31.77,-81.75
lula,ga,34.40,-83.69
lumber city,ga,31.93,-82.71
lumpkin,ga,32.04,-84.80
luthersville,ga,33.18,-84.76
lyerly,ga,34.40,-85.40
lyons,ga,32.17,-82.31
mableton,ga,33.82,-84.58
macon,ga,32.84,-83.60
madison,ga,33.59,-83.46
manassas,ga,32.10,-82.05
manchester,ga,32.87,-84.63
manor,ga,31.11,-82.57
mansfield,ga,33.52,-83.74
marble hill,ga,34.42,-84.34
marietta,ga,33.90,-84.47
marshallville,ga,32.45,-83.94
martin,ga,34.52,-83.17
matthews,ga,33.22,-82.29
mauk,ga,32.51,-84.40
maxeys,ga,33.75,-83.17
maysville,ga,34.27,-83.58
mc caysville,ga,34.95,-84.37
mc intyre,ga,32.85,-83.20
mc rae,ga,32.04,-82.89
mcdonough,ga,33.45,-84.16
meansville,ga,33.01,-84.32
meigs,ga,31.06,-84.08
meldrim,ga,32.14,-81.38
menlo,ga,34.57,-85.46
meridian,ga,31.41,-81.42
mershon,ga,31.48,-82.22
mesena,ga,33.46,-82.59
metter,ga,32.40,-82.06
midland,ga,32.56,-84.86
midville,ga,32.86,-82.20
midway,ga,31.80,-81.39
milan,ga,31.96,-83.06
milledgeville,ga,33.08,-83.30
millen,ga,32.79,-81.96
millwood,ga,31.25,-82.64
milner,ga,33.14,-84.18
mineral bluff,ga,34.93,-84.25
mitchell,ga,33.21,-82.68
molena,ga,33.00,-84.46
monroe,ga,33.81,-83.71
montezuma,ga,32.30,-84.00
monticello,ga,33.31,-83.71
montrose,ga,32.56,-83.16
moody a f b,ga,30.96,-83.20
moreland,ga,33.27,-84.76
morgan,ga,31.54,-84.60
morganton,ga,34.87,-84.21
morris,ga,31.79,-84.95
morrow,ga,33.58,-84.32
morven,ga,30.89,-83.45
moultrie,ga,31.18,-83.76
mt airy,ga,34.57,-83.47
mt berry,ga,34.27,-85.18
mt vernon,ga,32.18,-82.59
mt zion,ga,33.63,-85.19
mountain city,ga,34.92,-83.39
murrayville,ga,34.43,-83.89
musella,ga,32.82,-84.05
mystic,ga,31.62,-83.34
nahunta,ga,31.18,-81.97
nashville,ga,31.21,-83.23
naylor,ga,30.90,-83.12
nelson,ga,34.38,-84.37
newborn,ga,33.52,-83.70
newington,ga,32.59,-81.53
newnan,ga,33.39,-84.82
newton,ga,31.31,-84.34
nicholls,ga,31.45,-82.60
nicholson,ga,34.10,-83.42
norcross,ga,33.94,-84.21
norman park,ga,31.07,-83.94
norristown,ga,32.50,-82.49
north metro,ga,33.98,-84.15
norwood,ga,33.48,-82.74
nunez,ga,32.49,-82.35
oakfield,ga,31.78,-83.97
oakman,ga,34.57,-84.71
oakwood,ga,34.24,-83.89
ochlocknee,ga,30.96,-84.03
ocilla,ga,31.59,-83.26
oconee,ga,32.86,-82.95
odum,ga,31.70,-81.99
offerman,ga,31.41,-82.11
oglethorpe,ga,32.28,-84.08
oliver,ga,32.52,-81.53
omaha,ga,32.17,-84.90
omega,ga,31.36,-83.59
orchard hill,ga,33.19,-84.21
oxford,ga,33.62,-83.87
palmetto,ga,33.52,-84.68
parrott,ga,31.89,-84.51
patterson,ga,31.39,-82.13
pavo,ga,30.94,-83.74
peachtree city,ga,33.39,-84.56
pearson,ga,31.31,-82.86
pelham,ga,31.13,-84.16
pembroke,ga,32.16,-81.55
pendergrass,ga,34.18,-83.66
perkins,ga,32.91,-81.87
perry,ga,32.46,-83.73
pine lake,ga,33.79,-84.21
pine mountain,ga,32.87,-84.90
pine mountain valley,ga,32.79,-84.82
pinehurst,ga,32.20,-83.72
pineview,ga,32.09,-83.52
pitts,ga,31.94,-83.56
plains,ga,32.03,-84.36
plainville,ga,34.41,-85.03
pooler,ga,32.11,-81.25
portal,ga,32.56,-81.91
porterdale,ga,33.58,-83.89
poulan,ga,31.47,-83.76
powder springs,ga,33.86,-84.68
preston,ga,32.07,-84.55
pulaski,ga,32.39,-81.96
putney,ga,31.47,-84.12
quitman,ga,30.78,-83.56
rabun gap,ga,34.96,-83.39
ranger,ga,34.54,-84.73
ray city,ga,31.08,-83.21
rayle,ga,33.78,-82.91
rebecca,ga,31.80,-83.52
red oak,ga,33.62,-84.50
redan,ga,33.75,-84.13
register,ga,32.34,-81.87
reidsville,ga,32.05,-82.15
rentz,ga,32.36,-82.91
resaca,ga,34.59,-84.92
rex,ga,33.58,-84.28
reynolds,ga,32.55,-84.10
rhine,ga,32.01,-83.20
riceboro,ga,31.74,-81.47
richland,ga,32.08,-84.67
richmond hill,ga,31.90,-81.29
rincon,ga,32.24,-81.29
ringgold,ga,34.92,-85.15
rising fawn,ga,34.85,-85.47
riverdale,ga,33.55,-84.40
roberta,ga,32.72,-84.05
rochelle,ga,31.95,-83.44
rock spring,ga,34.81,-85.24
rockledge,ga,32.39,-82.75
rockmart,ga,34.00,-85.06
rocky face,ga,34.77,-85.06
rocky ford,ga,32.66,-81.74
rome,ga,34.25,-85.15
roopville,ga,33.43,-85.17
rossville,ga,34.95,-85.30
roswell,ga,34.04,-84.39
royston,ga,34.28,-83.14
rupert,ga,32.43,-84.27
rutledge,ga,33.62,-83.60
rydal,ga,34.39,-84.78
st george,ga,30.52,-82.04
st marys,ga,30.77,-81.57
st simons island,ga,31.17,-81.38
sale city,ga,31.26,-84.04
sandersville,ga,32.99,-82.82
sapelo island,ga,31.42,-81.27
sardis,ga,32.98,-81.77
sargent,ga,33.43,-84.87
sasser,ga,31.72,-84.35
sautee nacoochee,ga,34.72,-83.69
savannah,ga,32.07,-81.10
scotland,ga,32.05,-82.82
scottdale,ga,33.79,-84.26
screven,ga,31.52,-82.04
sea island,ga,31.20,-81.34
senoia,ga,33.28,-84.59
seville,ga,31.96,-83.60
shady dale,ga,33.40,-83.70
shannon,ga,34.34,-85.07
sharon,ga,33.56,-82.80
sharpsburg,ga,33.40,-84.65
shellman,ga,31.76,-84.62
shiloh,ga,32.81,-84.74
siloam,ga,33.54,-83.08
silver creek,ga,34.16,-85.14
smarr,ga,32.99,-83.88
smithville,ga,31.88,-84.23
smyrna,ga,33.88,-84.50
snellville,ga,33.80,-84.04
social circle,ga,33.66,-83.72
soperton,ga,32.39,-82.59
sparks,ga,31.18,-83.45
sparta,ga,33.27,-82.99
springfield,ga,32.41,-81.33
stapleton,ga,33.19,-82.46
statenville,ga,30.73,-82.98
statesboro,ga,32.44,-81.77
statham,ga,33.96,-83.59
stephens,ga,33.77,-83.12
stillmore,ga,32.44,-82.22
stockbridge,ga,33.56,-84.22
stockton,ga,31.02,-83.01
stone mountain,ga,33.79,-84.20
suches,ga,34.73,-84.05
sugar valley,ga,34.55,-85.03
summerville,ga,34.49,-85.34
sumner,ga,31.54,-83.72
sunny side,ga,33.34,-84.29
surrency,ga,31.65,-82.20
suwanee,ga,34.05,-84.07
swainsboro,ga,32.58,-82.34
sycamore,ga,31.66,-83.61
sylvania,ga,32.78,-81.63
sylvester,ga,31.54,-83.86
talbotton,ga,32.68,-84.55
talking rock,ga,34.54,-84.49
tallapoosa,ga,33.76,-85.30
tallulah falls,ga,34.73,-83.39
talmo,ga,34.20,-83.72
tarrytown,ga,32.29,-82.52
tate,ga,34.42,-84.37
taylorsville,ga,34.12,-84.97
temple,ga,33.77,-85.01
tennga,ga,34.99,-84.74
tennille,ga,32.91,-82.84
the rock,ga,32.97,-84.24
thomaston,ga,32.90,-84.33
thomasville,ga,30.87,-83.92
thomson,ga,33.48,-82.49
tifton,ga,31.45,-83.51
tiger,ga,34.82,-83.43
tignall,ga,33.88,-82.70
toccoa,ga,34.57,-83.31
toccoa falls,ga,34.59,-83.36
toomsboro,ga,32.82,-83.08
townsend,ga,31.57,-81.42
trenton,ga,34.90,-85.52
trion,ga,34.55,-85.31
tucker,ga,33.86,-84.22
tunnel hill,ga,34.85,-85.05
turin,ga,33.33,-84.64
turnerville,ga,34.69,-83.43
twin city,ga,32.61,-82.20
ty ty,ga,31.46,-83.62
tybee island,ga,32.01,-80.85
tyrone,ga,33.47,-84.59
unadilla,ga,32.26,-83.74
union city,ga,33.58,-84.55
union point,ga,33.63,-83.09
upatoi,ga,32.56,-84.74
uvalda,ga,32.05,-82.51
valdosta,ga,30.81,-83.28
varnell,ga,34.90,-84.97
vidalia,ga,32.19,-82.41
vienna,ga,32.09,-83.79
villa rica,ga,33.72,-84.93
waco,ga,33.68,-85.22
wadley,ga,32.87,-82.40
waleska,ga,34.32,-84.56
walthourville,ga,31.77,-81.63
waresboro,ga,31.25,-82.47
warm springs,ga,32.90,-84.82
warner robins,ga,32.59,-83.64
warrenton,ga,33.41,-82.64
warthen,ga,33.13,-82.80
warwick,ga,31.73,-83.92
washington,ga,33.73,-82.74
watkinsville,ga,33.85,-83.41
waverly,ga,31.04,-81.57
waverly hall,ga,32.68,-84.74
waycross,ga,31.22,-82.36
waynesboro,ga,33.10,-81.99
waynesville,ga,31.24,-81.80
west green,ga,31.59,-82.76
west point,ga,32.83,-85.12
weston,ga,31.96,-84.58
whigham,ga,30.88,-84.32
white,ga,34.27,-84.74
white oak,ga,31.03,-81.81
white plains,ga,33.48,-83.09
whitesburg,ga,33.51,-84.93
wildwood,ga,34.98,-85.43
wiley,ga,34.80,-83.42
willacoochee,ga,31.35,-83.04
williamson,ga,33.16,-84.38
winder,ga,34.00,-83.71
winston,ga,33.66,-84.86
winterville,ga,33.95,-83.29
woodbine,ga,30.94,-81.68
woodbury,ga,32.98,-84.60
woodland,ga,32.81,-84.60
woodstock,ga,34.11,-84.51
wray,ga,31.60,-83.11
wrens,ga,33.21,-82.38
wrightsville,ga,32.72,-82.73
yatesville,ga,32.92,-84.16
young harris,ga,34.96,-83.87
zebulon,ga,33.10,-84.31
aiea,hi,21.39,-157.93
anahola,hi,22.15,-159.32
camp h m smith,hi,21.39,-157.91
captain cook,hi,19.44,-155.89
eleele,hi,21.92,-159.54
ewa beach,hi,21.33,-158.01
ft shafter,hi,21.34,-157.89
haiku,hi,20.91,-156.30
hakalau,hi,19.89,-155.13
haleiwa,hi,21.63,-158.07
hana,hi,20.76,-156.04
hanalei,hi,22.21,-159.50
hanamaulu,hi,22.00,-159.36
hanapepe,hi,21.92,-159.59
hauula,hi,21.61,-157.92
hawaii national park,hi,19.43,-155.28
hawi,hi,20.24,-155.84
hickam afb,hi,21.31,-157.93
hilo,hi,19.70,-155.09
holualoa,hi,19.61,-155.92
honaunau,hi,19.45,-155.89
honokaa,hi,20.08,-155.49
honolulu,hi,21.31,-157.86
honomu,hi,19.87,-155.12
hoolehua,hi,21.17,-157.08
kaaawa,hi,21.57,-157.87
kahuku,hi,21.68,-157.95
kahului,hi,20.88,-156.48
kailua,hi,21.41,-157.74
kailua kona,hi,19.65,-155.98
kalaheo,hi,21.93,-159.53
kalaupapa,hi,21.19,-156.98
kamuela,hi,20.01,-155.71
kaneohe,hi,21.42,-157.81
kapaa,hi,22.09,-159.34
kapaau,hi,20.22,-155.80
kapolei,hi,21.35,-158.09
kaumakani,hi,21.92,-159.62
kaunakakai,hi,21.09,-156.97
keaau,hi,19.59,-154.99
kealakekua,hi,19.53,-155.93
kealia,hi,22.10,-159.31
keauhou,hi,19.05,-155.57
kekaha,hi,21.97,-159.72
kihei,hi,20.74,-156.45
kilauea,hi,22.21,-159.41
koloa,hi,21.91,-159.47
kualapuu,hi,21.16,-157.03
kula,hi,20.75,-156.33
kunia,hi,21.48,-158.07
kurtistown,hi,19.57,-155.02
lahaina,hi,20.92,-156.68
laie,hi,21.66,-157.94
lanai city,hi,20.83,-156.92
laupahoehoe,hi,19.98,-155.23
lawai,hi,21.92,-159.51
lihue,hi,21.98,-159.37
m c b h kaneohe bay,hi,21.45,-157.77
makawao,hi,20.85,-156.33
makaweli,hi,21.93,-159.79
maunaloa,hi,21.14,-157.22
mililani,hi,21.45,-158.02
mountain view,hi,19.55,-155.09
naalehu,hi,19.07,-155.66
ninole,hi,19.90,-155.16
ocean view,hi,19.50,-155.92
ookala,hi,20.01,-155.27
paauilo,hi,20.03,-155.37
pahala,hi,19.21,-155.48
pahoa,hi,19.51,-154.92
paia,hi,20.92,-156.38
papaaloa,hi,19.90,-155.22
papaikou,hi,19.79,-155.10
pearl city,hi,21.41,-157.97
pearl harbor,hi,21.36,-157.97
pepeekeo,hi,19.84,-155.11
princeville,hi,22.22,-159.46
pukalani,hi,20.84,-156.34
puunene,hi,20.86,-156.45
schofield barracks,hi,21.50,-158.06
tripler army medical center,hi,21.36,-157.89
volcano,hi,19.48,-155.20
wahiawa,hi,21.50,-158.04
waialua,hi,21.58,-158.13
waianae,hi,21.44,-158.18
waikoloa,hi,19.93,-155.68
wailuku,hi,20.90,-156.50
waimanalo,hi,21.34,-157.71
waimea,hi,21.97,-159.67
waipahu,hi,21.40,-158.01
wake island,hi,19.28,-166.60
wheeler army airfield,hi,21.49,-158.04
ackley,ia,42.55,-93.06
ackworth,ia,41.37,-93.38
adair,ia,41.51,-94.64
adel,ia,41.62,-94.04
afton,ia,41.04,-94.19
agency,ia,41.00,-92.32
ainsworth,ia,41.32,-91.55
akron,ia,42.84,-96.52
albert city,ia,42.78,-94.98
albia,ia,41.03,-92.79
albion,ia,42.11,-92.99
alburnett,ia,42.16,-91.64
alden,ia,42.52,-93.38
alexander,ia,42.81,-93.44
algona,ia,43.07,-94.23
alleman,ia,41.82,-93.61
allerton,ia,40.70,-93.37
allison,ia,42.76,-92.78
alta,ia,42.68,-95.31
alta vista,ia,43.15,-92.42
alton,ia,42.98,-96.02
altoona,ia,41.65,-93.47
alvord,ia,43.32,-96.29
amana,ia,41.83,-91.89
ames,ia,42.03,-93.64
anamosa,ia,42.11,-91.29
andover,ia,41.99,-90.24
andrew,ia,42.16,-90.60
anita,ia,41.45,-94.78
ankeny,ia,41.73,-93.60
anthon,ia,42.39,-95.89
aplington,ia,42.59,-92.88
arcadia,ia,42.06,-95.04
archer,ia,43.12,-95.74
aredale,ia,42.85,-92.98
argyle,ia,40.57,-91.56
arion,ia,41.95,-95.46
arispe,ia,40.95,-94.22
arlington,ia,42.73,-91.67
armstrong,ia,43.40,-94.49
arnolds park,ia,43.36,-95.13
arthur,ia,42.34,-95.37
ashton,ia,43.31,-95.77
aspinwall,ia,41.91,-95.15
atalissa,ia,41.56,-91.17
atkins,ia,41.99,-91.88
atlantic,ia,41.40,-95.01
auburn,ia,42.28,-94.90
audubon,ia,41.73,-94.92
aurelia,ia,42.69,-95.44
aurora,ia,42.62,-91.73
austinville,ia,42.60,-92.96
avoca,ia,41.48,-95.35
ayrshire,ia,43.04,-94.85
badger,ia,42.60,-94.16
bagley,ia,41.83,-94.44
baldwin,ia,42.07,-90.82
bancroft,ia,43.29,-94.21
barnes city,ia,41.49,-92.47
barnum,ia,42.52,-94.37
batavia,ia,40.99,-92.14
battle creek,ia,42.33,-95.60
baxter,ia,41.82,-93.16
bayard,ia,41.84,-94.59
beacon,ia,41.29,-92.73
beaman,ia,42.24,-92.82
beaver,ia,42.04,-94.10
bedford,ia,40.67,-94.73
belle plaine,ia,41.90,-92.26
bellevue,ia,42.26,-90.44
belmond,ia,42.85,-93.62
bennett,ia,41.74,-90.97
benton,ia,40.73,-94.39
bernard,ia,42.33,-90.86
berwick,ia,41.66,-93.54
bettendorf,ia,41.55,-90.49
bevington,ia,41.37,-93.81
birmingham,ia,40.86,-91.95
blairsburg,ia,42.49,-93.66
blairstown,ia,41.91,-92.08
blakesburg,ia,40.98,-92.59
blanchard,ia,40.61,-95.21
blencoe,ia,41.92,-96.08
blockton,ia,40.62,-94.50
bloomfield,ia,40.73,-92.40
blue grass,ia,41.51,-90.74
bode,ia,42.87,-94.28
bonaparte,ia,40.71,-91.79
bondurant,ia,41.70,-93.45
boone,ia,42.07,-93.88
booneville,ia,41.53,-93.88
bouton,ia,41.83,-94.00
boxholm,ia,42.17,-94.11
boyden,ia,43.20,-95.98
braddyville,ia,40.60,-95.00
bradford,ia,42.61,-93.22
bradgate,ia,42.78,-94.40
brandon,ia,42.33,-92.01
brayton,ia,41.55,-94.97
breda,ia,42.18,-95.00
bridgewater,ia,41.16,-94.64
brighton,ia,41.15,-91.83
bristow,ia,42.77,-92.89
britt,ia,43.10,-93.78
bronson,ia,42.43,-96.20
brooklyn,ia,41.73,-92.43
brunsville,ia,42.81,-96.27
bryant,ia,41.96,-90.34
buckeye,ia,42.42,-93.37
buckingham,ia,42.26,-92.41
buffalo,ia,41.46,-90.72
buffalo center,ia,43.37,-93.94
burlington,ia,40.81,-91.12
burnside,ia,42.34,-94.11
burt,ia,43.21,-94.21
bussey,ia,41.21,-92.90
calamus,ia,41.81,-90.74
callender,ia,42.35,-94.28
calmar,ia,43.20,-91.91
calumet,ia,42.95,-95.55
camanche,ia,41.79,-90.27
cambridge,ia,41.90,-93.53
cantril,ia,40.65,-92.05
carbon,ia,41.05,-94.82
carlisle,ia,41.48,-93.49
carpenter,ia,43.41,-93.01
carroll,ia,42.07,-94.87
carson,ia,41.23,-95.37
carter lake,ia,41.29,-95.91
cascade,ia,42.29,-91.01
casey,ia,41.50,-94.41
castalia,ia,43.16,-91.66
castana,ia,42.11,-95.94
cedar,ia,41.21,-92.51
cedar falls,ia,42.52,-92.45
cedar rapids,ia,41.97,-91.66
center junction,ia,42.09,-91.07
center point,ia,42.19,-91.78
centerville,ia,40.73,-92.87
central city,ia,42.20,-91.49
chapin,ia,42.83,-93.22
chariton,ia,41.02,-93.30
charles city,ia,43.07,-92.68
charlotte,ia,41.98,-90.48
charter oak,ia,42.07,-95.60
chatsworth,ia,42.92,-96.52
chelsea,ia,41.91,-92.41
cherokee,ia,42.75,-95.56
chester,ia,43.47,-92.42
chillicothe,ia,41.08,-92.53
churdan,ia,42.16,-94.49
cincinnati,ia,40.63,-92.92
clare,ia,42.60,-94.31
clarence,ia,41.89,-91.06
clarinda,ia,40.75,-95.04
clarion,ia,42.73,-93.73
clarksville,ia,42.80,-92.66
clear lake,ia,43.14,-93.38
clearfield,ia,40.79,-94.49
cleghorn,ia,42.81,-95.71
clemons,ia,42.09,-93.17
clermont,ia,43.01,-91.66
climbing hill,ia,42.34,-96.08
clinton,ia,41.85,-90.21
clio,ia,40.68,-93.49
clive,ia,41.61,-93.75
clutier,ia,42.08,-92.38
coggon,ia,42.28,-91.54
coin,ia,40.67,-95.22
colesburg,ia,42.64,-91.20
colfax,ia,41.68,-93.26
college springs,ia,40.62,-95.10
collins,ia,41.90,-93.30
colo,ia,42.01,-93.31
columbia,ia,41.18,-93.16
columbus city,ia,41.26,-91.37
columbus junction,ia,41.28,-91.37
colwell,ia,43.16,-92.59
conesville,ia,41.38,-91.35
conrad,ia,42.23,-92.89
conroy,ia,41.74,-91.97
coon rapids,ia,41.89,-94.68
cooper,ia,41.90,-94.34
coralville,ia,41.69,-91.59
corning,ia,40.99,-94.74
correctionville,ia,42.47,-95.78
corwith,ia,42.99,-93.93
corydon,ia,40.76,-93.32
coulter,ia,42.74,-93.37
council bluffs,ia,41.25,-95.88
crawfordsville,ia,41.21,-91.54
crescent,ia,41.36,-95.83
cresco,ia,43.36,-92.13
creston,ia,41.06,-94.37
cromwell,ia,41.04,-94.46
crystal lake,ia,43.22,-93.79
cumberland,ia,41.26,-94.87
cumming,ia,41.48,-93.75
curlew,ia,42.96,-94.80
cushing,ia,42.46,-95.68
cylinder,ia,43.15,-94.51
dakota city,ia,42.72,-94.20
dallas,ia,41.22,-93.25
dallas center,ia,41.69,-93.97
dana,ia,42.11,-94.23
danbury,ia,42.27,-95.73
danville,ia,40.85,-91.31
davenport,ia,41.52,-90.57
davis city,ia,40.63,-93.81
dawson,ia,41.83,-94.22
dayton,ia,42.26,-94.06
de soto,ia,41.53,-94.03
de witt,ia,41.83,-90.52
decatur,ia,40.76,-93.83
decorah,ia,43.32,-91.79
dedham,ia,41.91,-94.81
deep river,ia,41.57,-92.36
defiance,ia,41.83,-95.34
delaware,ia,42.48,-91.35
delhi,ia,42.43,-91.27
delmar,ia,42.00,-90.61
deloit,ia,42.09,-95.29
delta,ia,41.32,-92.34
denison,ia,42.02,-95.36
denmark,ia,40.75,-91.33
denver,ia,42.67,-92.34
derby,ia,40.94,-93.48
des moines,ia,41.60,-93.61
dewar,ia,42.53,-92.22
dexter,ia,41.52,-94.21
diagonal,ia,40.82,-94.36
dickens,ia,43.15,-94.99
dike,ia,42.47,-92.61
dixon,ia,41.74,-90.78
dolliver,ia,43.47,-94.62
donahue,ia,41.71,-90.68
donnellson,ia,40.66,-91.57
doon,ia,43.29,-96.20
dorchester,ia,43.44,-91.51
douds,ia,40.80,-92.05
dougherty,ia,42.94,-93.07
dow city,ia,41.91,-95.49
dows,ia,42.66,-93.51
drakesville,ia,40.83,-92.51
dubuque,ia,42.51,-90.68
dumont,ia,42.74,-92.97
duncombe,ia,42.45,-94.06
dundee,ia,42.59,-91.55
dunkerton,ia,42.58,-92.16
dunlap,ia,41.84,-95.62
durango,ia,42.55,-90.86
durant,ia,41.61,-90.91
dyersville,ia,42.48,-91.12
dysart,ia,42.17,-92.32
eagle grove,ia,42.66,-93.90
earlham,ia,41.47,-94.13
earling,ia,41.79,-95.42
earlville,ia,42.50,-91.26
early,ia,42.45,-95.17
eddyville,ia,41.15,-92.62
edgewood,ia,42.65,-91.39
elberon,ia,42.01,-92.33
eldon,ia,40.93,-92.23
eldora,ia,42.36,-93.10
eldridge,ia,41.66,-90.56
elgin,ia,42.95,-91.65
elk horn,ia,41.58,-95.07
elkader,ia,42.85,-91.41
elkhart,ia,41.81,-93.49
elkport,ia,42.74,-91.28
elliott,ia,41.13,-95.16
ellston,ia,40.85,-94.08
ellsworth,ia,42.30,-93.55
elma,ia,43.28,-92.40
ely,ia,41.89,-91.57
emerson,ia,41.03,-95.41
emmetsburg,ia,43.11,-94.68
epworth,ia,42.44,-90.93
essex,ia,40.84,-95.29
estherville,ia,43.40,-94.82
evansdale,ia,42.48,-92.28
everly,ia,43.16,-95.32
exira,ia,41.58,-94.86
exline,ia,40.64,-92.83
fairbank,ia,42.62,-92.03
fairfax,ia,41.92,-91.78
fairfield,ia,41.00,-91.96
farley,ia,42.45,-91.01
farmersburg,ia,42.95,-91.34
farmington,ia,40.64,-91.74
farnhamville,ia,42.27,-94.42
farragut,ia,40.73,-95.46
fayette,ia,42.85,-91.81
fenton,ia,43.24,-94.40
ferguson,ia,41.94,-92.87
fertile,ia,43.28,-93.43
floris,ia,40.86,-92.32
floyd,ia,43.14,-92.72
fonda,ia,42.61,-94.83
fontanelle,ia,41.29,-94.54
forest city,ia,43.27,-93.64
ft atkinson,ia,43.13,-91.91
ft dodge,ia,42.51,-94.18
ft madison,ia,40.63,-91.34
fostoria,ia,43.23,-95.19
fredericksburg,ia,42.96,-92.20
frederika,ia,42.88,-92.31
fremont,ia,41.21,-92.44
fruitland,ia,41.36,-91.13
galt,ia,42.69,-93.60
galva,ia,42.51,-95.43
garber,ia,42.75,-91.26
garden city,ia,42.25,-93.40
garden grove,ia,40.77,-93.61
garnavillo,ia,42.88,-91.22
garner,ia,43.11,-93.59
garrison,ia,42.16,-92.16
garwin,ia,42.09,-92.69
geneva,ia,42.68,-93.10
george,ia,43.34,-95.99
gibson,ia,41.46,-92.35
gifford,ia,42.29,-93.09
gilbert,ia,42.11,-93.65
gilbertville,ia,42.42,-92.21
gillett grove,ia,43.02,-95.04
gilman,ia,41.90,-92.81
gilmore city,ia,42.71,-94.41
gladbrook,ia,42.18,-92.71
glenwood,ia,41.05,-95.74
glidden,ia,42.06,-94.71
goldfield,ia,42.76,-93.92
goodell,ia,42.94,-93.58
goose lake,ia,41.98,-90.38
gowrie,ia,42.28,-94.30
graettinger,ia,43.23,-94.73
grafton,ia,43.31,-93.08
grand junction,ia,42.03,-94.23
grand mound,ia,41.82,-90.63
grand river,ia,40.81,-93.95
grandview,ia,41.28,-91.19
granger,ia,41.75,-93.84
grant,ia,41.13,-94.98
granville,ia,42.97,-95.90
gravity,ia,40.79,-94.75
gray,ia,41.83,-95.02
greeley,ia,42.59,-91.32
greene,ia,42.92,-92.76
greenfield,ia,41.31,-94.44
greenville,ia,43.03,-95.06
grimes,ia,41.70,-93.78
grinnell,ia,41.74,-92.73
griswold,ia,41.22,-95.10
grundy center,ia,42.37,-92.78
gruver,ia,43.39,-94.70
guernsey,ia,41.65,-92.34
guthrie center,ia,41.68,-94.49
guttenberg,ia,42.76,-91.12
halbur,ia,42.00,-94.94
hamburg,ia,40.61,-95.63
hamilton,ia,41.18,-92.92
hamlin,ia,41.65,-94.92
hampton,ia,42.74,-93.21
hancock,ia,41.38,-95.34
hanlontown,ia,43.31,-93.34
harcourt,ia,42.25,-94.20
hardy,ia,42.78,-94.03
harlan,ia,41.64,-95.31
harper,ia,41.37,-92.04
harpers ferry,ia,43.17,-91.22
harris,ia,43.46,-95.44
hartford,ia,41.46,-93.40
hartley,ia,43.18,-95.48
hartwick,ia,41.81,-92.35
harvey,ia,41.30,-92.93
hastings,ia,40.96,-95.55
havelock,ia,42.84,-94.73
haverhill,ia,41.93,-92.95
hawarden,ia,43.00,-96.47
hawkeye,ia,42.95,-91.96
hayesville,ia,41.26,-92.25
hazleton,ia,42.61,-91.91
hedrick,ia,41.18,-92.31
henderson,ia,41.13,-95.46
hiawatha,ia,42.04,-91.68
highlandville,ia,43.44,-91.67
hills,ia,41.55,-91.53
hillsboro,ia,40.84,-91.71
hinton,ia,42.60,-96.31
holland,ia,42.40,-92.80
holstein,ia,42.49,-95.56
holy cross,ia,42.58,-90.97
homestead,ia,41.73,-91.88
honey creek,ia,41.46,-95.88
hopkinton,ia,42.34,-91.25
hornick,ia,42.29,-96.08
hospers,ia,43.08,-95.91
houghton,ia,40.78,-91.64
hubbard,ia,42.30,-93.29
hudson,ia,42.39,-92.45
hull,ia,43.20,-96.14
humboldt,ia,42.72,-94.21
humeston,ia,40.85,-93.51
huxley,ia,41.90,-93.60
ida grove,ia,42.34,-95.46
imogene,ia,40.86,-95.44
independence,ia,42.47,-91.88
indianola,ia,41.36,-93.57
inwood,ia,43.30,-96.44
ionia,ia,43.04,-92.49
iowa city,ia,41.65,-91.51
iowa falls,ia,42.51,-93.27
ira,ia,41.73,-93.16
ireton,ia,42.97,-96.32
irwin,ia,41.79,-95.20
jamaica,ia,41.84,-94.32
janesville,ia,42.65,-92.48
jefferson,ia,42.01,-94.39
jesup,ia,42.48,-92.05
jewell,ia,42.31,-93.64
johnston,ia,41.67,-93.70
joice,ia,43.38,-93.45
jolley,ia,42.51,-94.74
kalona,ia,41.48,-91.71
kamrar,ia,42.39,-93.73
kanawha,ia,42.94,-93.77
kellerton,ia,40.69,-94.06
kelley,ia,41.95,-93.66
kellogg,ia,41.72,-92.91
kensett,ia,43.37,-93.17
keokuk,ia,40.41,-91.40
keosauqua,ia,40.74,-91.97
keota,ia,41.35,-91.96
kesley,ia,42.69,-92.85
keswick,ia,41.46,-92.24
keystone,ia,42.02,-92.22
killduff,ia,41.61,-92.90
kimballton,ia,41.64,-95.06
kingsley,ia,42.62,-95.98
kirkman,ia,41.73,-95.27
kirkville,ia,41.12,-92.47
kiron,ia,42.18,-95.31
klemme,ia,43.01,-93.59
knierim,ia,42.43,-94.45
knoxville,ia,41.32,-93.10
la motte,ia,42.30,-90.62
la porte city,ia,42.34,-92.19
lacona,ia,41.20,-93.38
ladora,ia,41.76,-92.19
lake city,ia,42.27,-94.75
lake mills,ia,43.42,-93.53
lake park,ia,43.45,-95.32
lake view,ia,42.32,-95.05
lakota,ia,43.40,-94.07
lamoni,ia,40.62,-93.93
lamont,ia,42.59,-91.67
lanesboro,ia,42.17,-94.69
langworthy,ia,42.19,-91.22
lansing,ia,43.37,-91.27
larchwood,ia,43.44,-96.43
larrabee,ia,42.86,-95.58
latimer,ia,42.76,-93.35
laurel,ia,41.88,-92.93
laurens,ia,42.84,-94.85
lawler,ia,43.09,-92.14
lawton,ia,42.50,-96.22
le claire,ia,41.61,-90.36
le grand,ia,42.01,-92.78
le mars,ia,42.80,-96.17
ledyard,ia,43.43,-94.15
lehigh,ia,42.35,-94.03
leighton,ia,41.36,-92.81
leland,ia,43.31,-93.75
lenox,ia,40.88,-94.56
leon,ia,40.74,-93.74
lester,ia,43.44,-96.33
letts,ia,41.29,-91.20
lewis,ia,41.30,-95.06
liberty center,ia,41.21,-93.50
libertyville,ia,40.95,-92.02
lidderdale,ia,42.15,-94.80
lime springs,ia,43.46,-92.27
lincoln,ia,42.26,-92.70
linden,ia,41.64,-94.24
lineville,ia,40.60,-93.49
linn grove,ia,42.87,-95.25
lisbon,ia,41.92,-91.39
liscomb,ia,42.18,-92.98
little cedar,ia,43.39,-92.73
little rock,ia,43.45,-95.89
little sioux,ia,41.81,-96.03
livermore,ia,42.87,-94.17
lockridge,ia,41.01,-91.76
logan,ia,41.62,-95.75
lohrville,ia,42.26,-94.56
lone rock,ia,43.17,-94.36
lone tree,ia,41.50,-91.44
long grove,ia,41.72,-90.55
lorimor,ia,41.12,-94.06
lost nation,ia,41.97,-90.83
lovilia,ia,41.13,-92.93
low moor,ia,41.80,-90.35
lowden,ia,41.86,-90.94
lu verne,ia,42.99,-94.10
luana,ia,43.05,-91.46
lucas,ia,41.06,-93.48
luther,ia,41.99,-93.86
luxemburg,ia,42.60,-91.07
luzerne,ia,41.91,-92.18
lynnville,ia,41.57,-92.79
lytton,ia,42.43,-94.81
macedonia,ia,41.19,-95.43
macksburg,ia,41.20,-94.19
madrid,ia,41.88,-93.84
magnolia,ia,41.71,-95.85
malcom,ia,41.77,-92.54
mallard,ia,42.94,-94.67
malvern,ia,41.01,-95.58
manchester,ia,42.48,-91.45
manilla,ia,41.89,-95.24
manly,ia,43.29,-93.20
manning,ia,41.91,-95.06
manson,ia,42.53,-94.53
mapleton,ia,42.16,-95.79
maquoketa,ia,42.08,-90.68
marathon,ia,42.86,-94.98
marble rock,ia,42.96,-92.89
marcus,ia,42.82,-95.80
marengo,ia,41.79,-92.07
marion,ia,42.04,-91.59
marne,ia,41.45,-95.10
marquette,ia,43.05,-91.19
marshalltown,ia,42.04,-92.91
martelle,ia,42.00,-91.32
martensdale,ia,41.37,-93.74
martinsburg,ia,41.18,-92.25
mason city,ia,43.15,-93.20
masonville,ia,42.50,-91.55
massena,ia,41.25,-94.76
matlock,ia,43.24,-95.94
maurice,ia,42.96,-96.17
maxwell,ia,41.90,-93.40
maynard,ia,42.78,-91.89
mc callsburg,ia,42.17,-93.40
mc causland,ia,41.74,-90.44
mc clelland,ia,41.29,-95.68
mc gregor,ia,43.02,-91.19
mc intire,ia,43.45,-92.60
mechanicsville,ia,41.90,-91.28
mediapolis,ia,41.01,-91.13
melbourne,ia,41.93,-93.09
melcher,ia,41.22,-93.22
melrose,ia,40.97,-93.01
melvin,ia,43.28,-95.59
menlo,ia,41.53,-94.41
meriden,ia,42.79,-95.64
merrill,ia,42.70,-96.23
meservey,ia,42.91,-93.48
middle amana,ia,41.80,-91.88
middletown,ia,40.83,-91.26
miles,ia,42.10,-90.34
milford,ia,43.32,-95.16
millersburg,ia,41.58,-92.16
millerton,ia,40.85,-93.28
milo,ia,41.29,-93.45
milton,ia,40.67,-92.14
minburn,ia,41.76,-94.02
minden,ia,41.47,-95.55
mineola,ia,41.11,-95.76
mingo,ia,41.79,-93.29
missouri valley,ia,41.56,-95.89
mitchellville,ia,41.66,-93.37
modale,ia,41.64,-95.99
mondamin,ia,41.71,-96.01
monmouth,ia,42.08,-90.88
monona,ia,43.07,-91.46
monroe,ia,41.54,-93.07
montezuma,ia,41.59,-92.53
monticello,ia,42.23,-91.20
montour,ia,41.97,-92.70
montpelier,ia,41.46,-90.81
montrose,ia,40.51,-91.42
moorhead,ia,41.92,-95.83
moorland,ia,42.43,-94.32
moravia,ia,40.88,-92.85
morley,ia,42.01,-91.25
morning sun,ia,41.10,-91.26
morrison,ia,42.34,-92.67
moscow,ia,41.56,-91.09
moulton,ia,40.69,-92.68
mt auburn,ia,42.26,-92.16
mt ayr,ia,40.71,-94.23
mt pleasant,ia,40.96,-91.56
mt sterling,ia,40.65,-91.90
mt union,ia,41.04,-91.41
mt vernon,ia,41.93,-91.43
moville,ia,42.48,-96.07
murray,ia,41.04,-93.95
muscatine,ia,41.43,-91.05
mystic,ia,40.79,-92.93
nashua,ia,42.95,-92.53
nemaha,ia,42.52,-95.09
neola,ia,41.46,-95.68
nevada,ia,42.02,-93.45
new albin,ia,43.49,-91.29
new hampton,ia,43.06,-92.31
new hartford,ia,42.58,-92.62
new liberty,ia,41.71,-90.86
new london,ia,40.92,-91.40
new market,ia,40.74,-94.89
new providence,ia,42.27,-93.18
new sharon,ia,41.46,-92.68
new vienna,ia,42.57,-91.10
new virginia,ia,41.16,-93.71
newell,ia,42.62,-94.99
newhall,ia,41.99,-91.98
newton,ia,41.70,-93.05
nichols,ia,41.48,-91.29
nodaway,ia,40.95,-94.87
nora springs,ia,43.15,-93.00
north buena vista,ia,42.67,-90.96
north english,ia,41.52,-92.09
north liberty,ia,41.74,-91.61
north washington,ia,43.06,-92.32
northboro,ia,40.61,-95.31
northwood,ia,43.45,-93.24
norwalk,ia,41.49,-93.66
norway,ia,41.90,-91.89
oakdale,ia,41.71,-91.60
oakland,ia,41.31,-95.38
oakville,ia,41.10,-91.04
ocheyedan,ia,43.39,-95.52
odebolt,ia,42.31,-95.25
oelwein,ia,42.68,-91.91
ogden,ia,42.04,-94.01
okoboji,ia,43.38,-95.15
olds,ia,41.12,-91.55
olin,ia,42.00,-91.14
ollie,ia,41.20,-92.14
onawa,ia,42.04,-96.11
onslow,ia,42.12,-90.97
oran,ia,42.70,-92.07
orange city,ia,43.02,-96.06
orchard,ia,43.24,-92.72
orient,ia,41.22,-94.37
osage,ia,43.29,-92.81
osceola,ia,41.03,-93.77
oskaloosa,ia,41.29,-92.64
ossian,ia,43.14,-91.77
otho,ia,42.43,-94.17
otley,ia,41.45,-93.03
oto,ia,42.26,-95.86
ottosen,ia,42.88,-94.38
ottumwa,ia,41.02,-92.41
oxford,ia,41.65,-91.77
oxford junction,ia,41.99,-90.95
oyens,ia,42.82,-96.06
pacific junction,ia,41.03,-95.80
packwood,ia,41.12,-92.07
palmer,ia,42.64,-94.54
palo,ia,42.04,-91.79
panama,ia,41.73,-95.49
panora,ia,41.70,-94.36
parkersburg,ia,42.57,-92.77
parnell,ia,41.57,-92.01
paton,ia,42.17,-94.27
patterson,ia,41.35,-93.88
paullina,ia,42.97,-95.71
pella,ia,41.41,-92.92
peosta,ia,42.44,-90.81
percival,ia,40.74,-95.81
perry,ia,41.84,-94.10
persia,ia,41.56,-95.57
peru,ia,41.21,-93.94
peterson,ia,42.93,-95.34
pierson,ia,42.53,-95.89
pilot grove,ia,40.76,-91.54
pilot mound,ia,42.16,-94.01
pisgah,ia,41.82,-95.92
plainfield,ia,42.85,-92.51
plano,ia,40.78,-93.04
pleasant valley,ia,41.57,-90.42
pleasantville,ia,41.37,-93.27
plover,ia,42.87,-94.62
plymouth,ia,43.25,-93.12
pocahontas,ia,42.73,-94.67
polk city,ia,41.75,-93.69
pomeroy,ia,42.53,-94.66
popejoy,ia,42.60,-93.43
portsmouth,ia,41.65,-95.51
postville,ia,43.00,-91.55
prairie city,ia,41.59,-93.24
prairieburg,ia,42.24,-91.42
prescott,ia,41.02,-94.52
preston,ia,42.05,-90.40
primghar,ia,43.08,-95.65
princeton,ia,41.69,-90.37
prole,ia,41.38,-93.73
promise city,ia,40.76,-93.15
protivin,ia,43.22,-92.09
pulaski,ia,40.69,-92.26
quasqueton,ia,42.40,-91.77
quimby,ia,42.63,-95.68
radcliffe,ia,42.32,-93.42
rake,ia,43.48,-93.92
ralston,ia,42.08,-94.57
randalia,ia,42.86,-91.88
randall,ia,42.25,-93.62
randolph,ia,40.87,-95.56
raymond,ia,42.47,-92.22
readlyn,ia,42.69,-92.22
reasnor,ia,41.58,-93.02
red oak,ia,41.01,-95.23
redding,ia,40.61,-94.36
redfield,ia,41.59,-94.19
reinbeck,ia,42.31,-92.59
rembrandt,ia,42.83,-95.17
remsen,ia,42.81,-95.95
renwick,ia,42.85,-94.01
rhodes,ia,41.92,-93.18
riceville,ia,43.37,-92.56
richland,ia,41.19,-91.97
ricketts,ia,42.15,-95.60
ridgeway,ia,43.30,-92.00
ringsted,ia,43.30,-94.53
rippey,ia,41.93,-94.21
riverside,ia,41.48,-91.57
riverton,ia,40.69,-95.56
robins,ia,42.07,-91.66
rock falls,ia,43.20,-93.08
rock rapids,ia,43.43,-96.18
rock valley,ia,43.20,-96.31
rockford,ia,43.06,-92.95
rockwell,ia,43.00,-93.22
rockwell city,ia,42.40,-94.63
rodney,ia,42.20,-95.95
roland,ia,42.16,-93.51
rolfe,ia,42.81,-94.52
rome,ia,40.98,-91.68
rose hill,ia,41.33,-92.47
rowan,ia,42.76,-93.56
rowley,ia,42.34,-91.79
royal,ia,43.05,-95.27
rudd,ia,43.14,-92.89
runnells,ia,41.55,-93.42
russell,ia,40.95,-93.18
ruthven,ia,43.14,-94.88
rutland,ia,42.76,-94.27
ryan,ia,42.34,-91.48
sabula,ia,42.07,-90.20
sac city,ia,42.43,-94.98
st ansgar,ia,43.41,-92.92
st anthony,ia,42.15,-93.18
st charles,ia,41.29,-93.82
st donatus,ia,42.33,-90.48
st lucas,ia,43.05,-91.91
st marys,ia,41.30,-93.74
st olaf,ia,42.95,-91.42
st paul,ia,40.77,-91.54
salem,ia,40.86,-91.63
salix,ia,42.33,-96.29
sanborn,ia,43.19,-95.66
scarville,ia,43.47,-93.64
schaller,ia,42.51,-95.28
schleswig,ia,42.16,-95.44
scranton,ia,42.01,-94.55
searsboro,ia,41.57,-92.70
selma,ia,40.85,-92.11
sergeant bluff,ia,42.40,-96.35
seymour,ia,40.67,-93.14
shambaugh,ia,40.68,-95.06
shannon city,ia,40.94,-94.25
sharpsburg,ia,40.80,-94.64
sheffield,ia,42.88,-93.22
shelby,ia,41.53,-95.45
sheldahl,ia,41.86,-93.70
sheldon,ia,43.18,-95.84
shell rock,ia,42.71,-92.59
shellsburg,ia,42.08,-91.87
shenandoah,ia,40.76,-95.36
sherrill,ia,42.62,-90.81
sibley,ia,43.41,-95.74
sidney,ia,40.75,-95.64
sigourney,ia,41.33,-92.20
silver city,ia,41.11,-95.63
sioux center,ia,43.08,-96.18
sioux city,ia,42.50,-96.40
sioux rapids,ia,42.91,-95.14
slater,ia,41.88,-93.68
sloan,ia,42.24,-96.23
smithland,ia,42.24,-95.95
soldier,ia,41.99,-95.78
solon,ia,41.81,-91.51
somers,ia,42.36,-94.45
south amana,ia,41.76,-91.93
south english,ia,41.46,-92.10
spencer,ia,43.15,-95.15
sperry,ia,40.94,-91.19
spillville,ia,43.20,-91.95
spirit lake,ia,43.43,-95.11
spragueville,ia,42.07,-90.47
springbrook,ia,42.17,-90.48
springville,ia,42.06,-91.44
stacyville,ia,43.45,-92.76
stanhope,ia,42.29,-93.78
stanley,ia,42.64,-91.81
stanton,ia,40.99,-95.10
stanwood,ia,41.90,-91.17
state center,ia,42.01,-93.17
steamboat rock,ia,42.42,-93.06
stockport,ia,40.86,-91.80
stockton,ia,41.56,-90.85
storm lake,ia,42.65,-95.20
story city,ia,42.18,-93.60
stout,ia,42.50,-92.71
stratford,ia,42.28,-93.90
strawberry point,ia,42.68,-91.54
stuart,ia,41.52,-94.30
sully,ia,41.57,-92.85
sumner,ia,42.84,-92.12
superior,ia,43.45,-94.96
sutherland,ia,42.98,-95.48
swaledale,ia,42.96,-93.31
swan,ia,41.47,-93.23
swea city,ia,43.40,-94.32
swedesburg,ia,41.11,-91.55
swisher,ia,41.83,-91.67
tabor,ia,40.90,-95.67
tama,ia,41.96,-92.58
teeds grove,ia,42.01,-90.25
templeton,ia,41.91,-94.93
terril,ia,43.32,-94.97
thayer,ia,41.00,-94.07
thompson,ia,43.39,-93.75
thor,ia,42.69,-94.04
thornburg,ia,41.45,-92.34
thornton,ia,42.97,-93.41
thurman,ia,40.84,-95.76
tiffin,ia,41.71,-91.66
tingley,ia,40.85,-94.19
tipton,ia,41.76,-91.14
titonka,ia,43.25,-94.04
toddville,ia,42.10,-91.73
toeterville,ia,43.44,-92.89
toledo,ia,42.01,-92.57
tracy,ia,41.28,-92.88
traer,ia,42.18,-92.48
treynor,ia,41.22,-95.62
tripoli,ia,42.81,-92.27
troy mills,ia,42.29,-91.68
truesdale,ia,42.73,-95.18
truro,ia,41.21,-93.84
udell,ia,40.78,-92.72
underwood,ia,41.36,-95.63
union,ia,42.25,-93.06
unionville,ia,40.84,-92.69
university park,ia,41.29,-92.62
urbana,ia,42.22,-91.87
urbandale,ia,41.63,-93.72
ute,ia,42.06,-95.71
vail,ia,42.03,-95.18
van horne,ia,42.02,-92.10
van meter,ia,41.54,-93.95
van wert,ia,40.86,-93.81
varina,ia,42.66,-94.90
ventura,ia,43.13,-93.47
victor,ia,41.73,-92.28
villisca,ia,40.94,-94.98
vincent,ia,42.56,-94.03
vining,ia,41.98,-92.37
vinton,ia,42.17,-91.99
viola,ia,42.09,-91.39
volga,ia,42.79,-91.54
wadena,ia,42.85,-91.66
walcott,ia,41.65,-90.73
walford,ia,41.88,-91.83
walker,ia,42.27,-91.73
wall lake,ia,42.27,-95.09
wallingford,ia,43.31,-94.82
walnut,ia,41.46,-95.22
wapello,ia,41.21,-91.17
washington,ia,41.30,-91.70
washta,ia,42.58,-95.73
waterloo,ia,42.48,-92.37
waterville,ia,43.26,-91.26
watkins,ia,41.90,-92.00
waucoma,ia,43.04,-92.03
waukee,ia,41.59,-93.86
waukon,ia,43.26,-91.48
waverly,ia,42.74,-92.47
wayland,ia,41.14,-91.66
webb,ia,42.95,-95.00
webster,ia,41.44,-92.18
webster city,ia,42.47,-93.83
weldon,ia,40.87,-93.74
wellman,ia,41.47,-91.84
wellsburg,ia,42.45,-92.94
welton,ia,41.91,-90.61
wesley,ia,43.10,-94.00
west bend,ia,42.96,-94.46
west branch,ia,41.67,-91.31
west burlington,ia,40.83,-91.18
west chester,ia,41.36,-91.86
west des moines,ia,41.58,-93.74
west grove,ia,40.72,-92.55
west liberty,ia,41.57,-91.27
west point,ia,40.71,-91.44
west union,ia,42.97,-91.80
westfield,ia,42.70,-96.49
westgate,ia,42.81,-92.02
westphalia,ia,41.72,-95.39
westside,ia,42.11,-95.13
wever,ia,40.71,-91.23
what cheer,ia,41.40,-92.35
wheatland,ia,41.83,-90.84
whiting,ia,42.15,-96.18
whittemore,ia,43.03,-94.41
whitten,ia,42.26,-93.01
williams,ia,42.46,-93.57
williamsburg,ia,41.64,-92.02
williamson,ia,41.10,-93.27
wilton,ia,41.59,-91.01
winfield,ia,41.13,-91.44
winterset,ia,41.34,-94.01
winthrop,ia,42.49,-91.73
wiota,ia,41.38,-94.84
woden,ia,43.22,-93.91
woodbine,ia,41.74,-95.70
woodburn,ia,41.00,-93.61
woodward,ia,41.85,-93.91
woolstock,ia,42.58,-93.82
worthington,ia,42.39,-91.11
wyoming,ia,42.06,-90.99
yale,ia,41.78,-94.35
yarmouth,ia,41.03,-91.32
yorktown,ia,40.77,-95.22
zearing,ia,42.15,-93.29
zwingle,ia,42.28,-90.75
aberdeen,id,42.98,-112.82
ahsahka,id,46.51,-116.37
albion,id,42.41,-113.58
almo,id,42.10,-113.63
american falls,id,42.79,-112.87
arbon,id,42.50,-112.56
arco,id,43.64,-113.32
arimo,id,42.56,-112.17
ashton,id,43.99,-111.62
athol,id,47.93,-116.73
atlanta,id,43.57,-115.36
atomic city,id,43.45,-112.81
avery,id,47.27,-115.87
bancroft,id,42.72,-111.84
banks,id,44.15,-115.98
basalt,id,43.32,-112.16
bayview,id,47.97,-116.57
bellevue,id,43.44,-114.25
bern,id,42.32,-111.39
blackfoot,id,43.19,-112.36
blanchard,id,48.02,-116.99
bliss,id,42.94,-114.91
bloomington,id,42.19,-111.40
boise,id,43.61,-116.20
bonners ferry,id,48.73,-116.33
bovill,id,46.86,-116.39
bruneau,id,42.76,-115.68
buhl,id,42.60,-114.78
burley,id,42.52,-113.79
calder,id,47.27,-116.22
caldwell,id,43.66,-116.70
cambridge,id,44.59,-116.68
carey,id,43.27,-113.89
careywood,id,48.06,-116.60
carmen,id,45.26,-113.86
cascade,id,44.49,-116.03
castleford,id,42.52,-114.87
cataldo,id,47.55,-116.44
challis,id,44.50,-114.19
chester,id,44.00,-111.57
clark fork,id,48.14,-116.17
clarkia,id,47.04,-116.28
clayton,id,44.27,-114.41
clifton,id,42.22,-112.00
cobalt,id,45.00,-114.33
cocolalla,id,48.12,-116.66
coeur d alene,id,47.69,-116.78
colburn,id,48.40,-116.53
conda,id,42.72,-111.54
coolin,id,48.52,-116.84
corral,id,43.31,-115.01
cottonwood,id,46.04,-116.37
council,id,44.76,-116.45
craigmont,id,46.25,-116.47
culdesac,id,46.38,-116.65
dayton,id,42.12,-111.99
deary,id,46.81,-116.52
declo,id,42.52,-113.64
desmet,id,47.13,-116.89
dietrich,id,42.91,-114.27
dingle,id,42.22,-111.27
donnelly,id,44.75,-116.09
dover,id,48.25,-116.61
downey,id,42.42,-112.11
driggs,id,43.73,-111.12
dubois,id,44.19,-112.33
eagle,id,43.71,-116.36
eastport,id,49.00,-116.18
eden,id,42.58,-114.16
elk city,id,45.89,-115.36
elk river,id,46.78,-116.18
ellis,id,44.88,-114.00
emmett,id,43.88,-116.51
fairfield,id,43.37,-114.79
felt,id,43.87,-111.19
fenn,id,45.93,-116.12
ferdinand,id,46.13,-116.40
fernwood,id,47.12,-116.38
filer,id,42.57,-114.61
firth,id,43.30,-112.16
fish haven,id,42.05,-111.46
ft hall,id,42.99,-112.46
franklin,id,42.03,-111.82
fruitland,id,44.00,-116.91
garden city,id,43.64,-116.27
garden valley,id,44.09,-115.82
genesee,id,46.57,-116.93
geneva,id,42.31,-111.07
georgetown,id,42.47,-111.40
gibbonsville,id,45.48,-113.96
glenns ferry,id,42.96,-115.32
gooding,id,42.94,-114.71
grace,id,42.55,-111.74
grand view,id,42.81,-116.08
grangeville,id,45.93,-116.11
greencreek,id,46.12,-116.27
greenleaf,id,43.67,-116.82
hagerman,id,42.81,-114.89
hailey,id,43.52,-114.31
hamer,id,43.93,-112.19
hammett,id,42.98,-115.57
hansen,id,42.52,-114.30
harrison,id,47.50,-116.74
harvard,id,46.94,-116.70
hayden,id,47.77,-116.78
hazelton,id,42.60,-114.13
heyburn,id,42.56,-113.77
hill city,id,43.30,-115.05
holbrook,id,42.22,-112.69
homedale,id,43.61,-116.95
hope,id,48.24,-116.28
horseshoe bend,id,43.92,-116.18
howe,id,43.78,-113.00
huston,id,43.61,-116.78
idaho city,id,43.76,-115.92
idaho falls,id,43.52,-111.99
indian valley,id,44.55,-116.44
inkom,id,42.80,-112.25
iona,id,43.53,-111.93
irwin,id,43.41,-111.30
island park,id,44.45,-111.37
jerome,id,42.72,-114.50
juliaetta,id,46.58,-116.72
kamiah,id,46.22,-116.03
kellogg,id,47.54,-116.13
kendrick,id,46.63,-116.60
ketchum,id,43.68,-114.37
kimberly,id,42.53,-114.37
king hill,id,42.94,-115.27
kingston,id,47.55,-116.29
kooskia,id,46.13,-115.92
kootenai,id,48.31,-116.51
kuna,id,43.49,-116.38
laclede,id,48.17,-116.75
lake fork,id,44.89,-116.08
lapwai,id,46.41,-116.79
lava hot springs,id,42.62,-112.02
leadore,id,44.74,-113.49
lemhi,id,44.85,-113.62
lenore,id,46.54,-116.51
letha,id,43.84,-116.59
lewiston,id,46.39,-116.99
lewisville,id,43.67,-112.02
lowman,id,44.11,-115.53
lucile,id,45.56,-116.27
mackay,id,43.91,-113.61
macks inn,id,44.42,-111.37
malad city,id,42.18,-112.26
malta,id,42.36,-113.45
marsing,id,43.54,-116.82
may,id,44.70,-113.92
mccall,id,44.89,-116.08
mccammon,id,42.63,-112.18
medimont,id,47.46,-116.57
melba,id,43.38,-116.55
menan,id,43.73,-111.98
meridian,id,43.61,-116.40
mesa,id,44.66,-116.42
middleton,id,43.72,-116.61
midvale,id,44.44,-116.70
minidoka,id,42.76,-113.62
monteview,id,43.99,-112.58
montpelier,id,42.35,-111.32
moore,id,43.78,-113.26
moreland,id,43.22,-112.44
moscow,id,46.73,-116.99
mountain home,id,43.14,-115.70
mountain home a f b,id,43.05,-115.87
moyie springs,id,48.75,-116.18
mullan,id,47.47,-115.79
murphy,id,43.21,-116.61
murray,id,47.63,-115.86
murtaugh,id,42.48,-114.16
nampa,id,43.58,-116.58
naples,id,48.60,-116.32
new meadows,id,44.99,-116.29
new plymouth,id,43.96,-116.80
newdale,id,43.89,-111.60
nezperce,id,46.25,-116.24
nordman,id,48.57,-116.92
north fork,id,45.38,-113.86
notus,id,43.73,-116.80
oakley,id,42.35,-113.91
ola,id,44.24,-116.29
oldtown,id,48.19,-116.93
orofino,id,46.50,-116.24
osburn,id,47.51,-116.00
paris,id,42.21,-111.40
parker,id,43.96,-111.76
parma,id,43.79,-116.94
paul,id,42.62,-113.80
payette,id,44.08,-116.92
peck,id,46.48,-116.41
picabo,id,43.31,-114.09
pierce,id,46.49,-115.81
pinehurst,id,47.50,-116.26
pingree,id,43.20,-112.45
placerville,id,43.94,-115.95
plummer,id,47.33,-116.87
pocatello,id,42.89,-112.44
pollock,id,45.31,-116.35
ponderay,id,48.31,-116.53
porthill,id,48.99,-116.48
post falls,id,47.72,-116.94
potlatch,id,46.94,-116.91
preston,id,42.11,-111.86
priest river,id,48.17,-116.91
princeton,id,46.90,-116.83
rathdrum,id,47.82,-116.89
reubens,id,46.34,-116.53
rexburg,id,43.81,-111.79
richfield,id,43.06,-114.15
rigby,id,43.67,-111.90
riggins,id,45.40,-116.30
ririe,id,43.63,-111.76
roberts,id,43.71,-112.12
rockland,id,42.56,-112.85
rogerson,id,42.22,-114.60
rupert,id,42.62,-113.67
sagle,id,48.20,-116.55
st anthony,id,44.27,-111.52
st charles,id,42.11,-111.39
st maries,id,47.30,-116.57
salmon,id,45.16,-113.88
sandpoint,id,48.31,-116.53
santa,id,47.15,-116.45
shelley,id,43.38,-112.11
shoshone,id,42.95,-114.38
shoup,id,45.19,-114.41
silverton,id,47.49,-115.95
smelterville,id,47.54,-116.24
soda springs,id,42.67,-111.57
spencer,id,44.28,-112.10
spirit lake,id,47.97,-116.87
springfield,id,43.08,-112.68
stanley,id,44.23,-114.73
star,id,43.70,-116.50
stites,id,46.09,-115.98
sugar city,id,43.87,-111.79
sun valley,id,43.70,-114.36
swan valley,id,43.41,-111.28
swanlake,id,42.31,-112.00
sweet,id,43.99,-116.32
tendoy,id,44.96,-113.64
tensed,id,47.17,-116.90
terreton,id,43.86,-112.42
teton,id,43.90,-111.67
tetonia,id,43.84,-111.19
thatcher,id,42.33,-111.79
troy,id,46.74,-116.77
twin falls,id,42.56,-114.47
ucon,id,43.60,-111.96
victor,id,43.61,-111.13
viola,id,46.86,-116.97
wallace,id,47.49,-115.96
warren,id,45.26,-115.68
wayan,id,43.03,-111.25
weippe,id,46.38,-115.94
weiser,id,44.25,-116.97
wendell,id,42.76,-114.72
weston,id,42.04,-111.97
white bird,id,45.75,-116.29
wilder,id,43.66,-116.91
winchester,id,46.24,-116.62
worley,id,47.43,-116.91
yellow pine,id,44.97,-115.50
abingdon,il,40.80,-90.40
adair,il,40.39,-90.50
addieville,il,38.36,-89.52
addison,il,41.93,-88.01
akin,il,37.99,-88.75
albany,il,41.77,-90.21
albers,il,38.53,-89.62
albion,il,38.37,-88.06
alden,il,42.46,-88.52
aledo,il,41.20,-90.74
alexander,il,39.73,-90.04
alexis,il,41.05,-90.54
algonquin,il,42.17,-88.30
alhambra,il,38.88,-89.74
allendale,il,38.52,-87.72
allerton,il,39.92,-87.93
alma,il,38.72,-88.92
alpha,il,41.19,-90.38
alsey,il,39.56,-90.43
alsip,il,41.67,-87.73
altamont,il,39.06,-88.75
alto pass,il,37.57,-89.32
alton,il,38.91,-90.16
altona,il,41.11,-90.16
alvin,il,40.30,-87.61
amboy,il,41.70,-89.35
anchor,il,40.54,-88.53
ancona,il,41.06,-88.77
andalusia,il,41.44,-90.73
andover,il,41.29,-90.29
anna,il,37.47,-89.22
annapolis,il,39.12,-87.80
annawan,il,41.40,-89.91
antioch,il,42.46,-88.12
apple river,il,42.47,-90.12
arcola,il,39.69,-88.30
arenzville,il,39.90,-90.36
argenta,il,39.99,-88.82
arlington,il,41.44,-89.22
arlington heights,il,42.11,-87.98
armington,il,40.32,-89.32
armstrong,il,40.22,-87.89
aroma park,il,41.09,-87.77
arrowsmith,il,40.41,-88.63
arthur,il,39.71,-88.46
ashkum,il,40.88,-87.94
ashland,il,39.89,-90.03
ashley,il,38.31,-89.23
ashmore,il,39.53,-88.03
ashton,il,41.86,-89.21
assumption,il,39.51,-89.04
astoria,il,40.23,-90.34
athens,il,39.96,-89.72
atkinson,il,41.42,-90.02
atlanta,il,40.26,-89.23
atwood,il,39.80,-88.45
auburn,il,39.59,-89.74
augusta,il,40.23,-90.96
aurora,il,41.78,-88.26
ava,il,37.88,-89.47
aviston,il,38.61,-89.61
avon,il,40.65,-90.45
baileyville,il,42.19,-89.59
baldwin,il,38.18,-89.84
bardolph,il,40.50,-90.50
barnhill,il,38.28,-88.35
barrington,il,42.16,-88.14
barry,il,39.70,-91.03
barstow,il,41.52,-90.36
bartelso,il,38.54,-89.46
bartlett,il,41.98,-88.16
basco,il,40.33,-91.20
batavia,il,41.85,-88.31
batchtown,il,39.07,-90.66
bath,il,40.16,-90.15
baylis,il,39.76,-90.88
beardstown,il,40.00,-90.42
beason,il,40.14,-89.19
beaverville,il,40.97,-87.62
beckemeyer,il,38.61,-89.44
bedford park,il,41.76,-87.79
beecher,il,41.34,-87.61
beecher city,il,39.18,-88.80
belknap,il,37.33,-88.95
belle rive,il,38.22,-88.76
belleville,il,38.51,-89.98
bellflower,il,40.34,-88.52
bellmont,il,38.38,-87.91
bellwood,il,41.88,-87.88
belvidere,il,42.26,-88.85
bement,il,39.92,-88.57
benld,il,39.09,-89.80
bensenville,il,41.95,-87.94
benson,il,40.83,-89.12
benton,il,38.00,-88.92
berkeley,il,41.89,-87.91
berwick,il,40.78,-90.51
berwyn,il,41.84,-87.79
bethalto,il,38.91,-90.03
bethany,il,39.63,-88.75
big rock,il,41.76,-88.54
biggsville,il,40.85,-90.86
bingham,il,39.15,-89.20
bishop hill,il,41.20,-90.12
bismarck,il,40.26,-87.61
blackstone,il,41.07,-88.65
blandinsville,il,40.55,-90.86
bloomingdale,il,41.95,-88.08
bloomington,il,40.48,-88.99
blue island,il,41.66,-87.68
blue mound,il,39.70,-89.11
bluff springs,il,39.99,-90.35
bluffs,il,39.74,-90.53
bluford,il,38.35,-88.76
boles,il,37.37,-89.01
bolingbrook,il,41.70,-88.09
bondville,il,40.11,-88.37
bone gap,il,38.45,-88.00
bonfield,il,41.16,-88.06
bonnie,il,38.20,-88.92
boody,il,39.76,-89.07
bourbonnais,il,41.17,-87.88
bowen,il,40.23,-91.07
braceville,il,41.23,-88.27
bradford,il,41.15,-89.65
bradley,il,41.15,-87.86
braidwood,il,41.27,-88.22
breese,il,38.62,-89.53
bridgeport,il,38.69,-87.85
bridgeview,il,41.74,-87.81
brighton,il,39.04,-90.14
brimfield,il,40.84,-89.90
bristol,il,41.71,-88.40
broadlands,il,39.91,-87.99
broadview,il,41.86,-87.85
brocton,il,39.69,-87.93
brookfield,il,41.82,-87.85
brookport,il,37.14,-88.61
broughton,il,37.95,-88.47
browning,il,40.16,-90.35
browns,il,38.38,-87.99
brownstown,il,38.99,-88.95
brussels,il,38.94,-90.59
bryant,il,40.48,-90.07
buckingham,il,41.04,-88.18
buckley,il,40.60,-88.04
buckner,il,37.97,-88.98
buda,il,41.31,-89.68
buffalo,il,39.85,-89.39
buffalo grove,il,42.16,-87.96
buffalo prairie,il,41.34,-90.85
bulpitt,il,39.59,-89.42
buncombe,il,37.46,-88.98
bunker hill,il,39.04,-89.96
burbank,il,41.74,-87.77
bureau,il,41.29,-89.37
burlington,il,42.05,-88.55
burnt prairie,il,38.21,-88.21
bushnell,il,40.55,-90.51
butler,il,39.21,-89.53
byron,il,42.13,-89.27
cabery,il,40.98,-88.19
cairo,il,37.01,-89.18
caledonia,il,42.38,-88.92
calhoun,il,38.64,-88.00
calumet city,il,41.62,-87.55
camargo,il,39.80,-88.15
cambria,il,37.78,-89.12
cambridge,il,41.31,-90.18
camden,il,40.15,-90.75
cameron,il,40.89,-90.50
camp grove,il,41.08,-89.63
camp point,il,40.03,-91.08
campbell hill,il,37.92,-89.58
campus,il,41.02,-88.31
canton,il,40.56,-90.02
cantrall,il,39.91,-89.66
capron,il,42.41,-88.75
carbon cliff,il,41.49,-90.39
carbondale,il,37.72,-89.22
carlinville,il,39.28,-89.89
carlock,il,40.60,-89.11
carlyle,il,38.61,-89.38
carman,il,40.76,-91.06
carmi,il,38.08,-88.17
carol stream,il,41.92,-88.12
carpentersville,il,42.12,-88.26
carrier mills,il,37.68,-88.61
carrollton,il,39.30,-90.41
carterville,il,37.77,-89.10
carthage,il,40.41,-91.10
cary,il,42.22,-88.24
casey,il,39.30,-87.99
caseyville,il,38.63,-90.01
castleton,il,41.12,-89.71
catlin,il,40.07,-87.71
cave in rock,il,37.52,-88.22
cedar point,il,41.26,-89.13
cedarville,il,42.38,-89.63
centralia,il,38.52,-89.14
cerro gordo,il,39.87,-88.73
chadwick,il,42.00,-89.90
chambersburg,il,39.81,-90.66
champaign,il,40.11,-88.24
chana,il,41.99,-89.21
chandlerville,il,40.04,-90.15
channahon,il,41.43,-88.21
chapin,il,39.77,-90.41
charleston,il,39.49,-88.18
chatham,il,39.67,-89.71
chatsworth,il,40.75,-88.29
chebanse,il,41.03,-87.90
chenoa,il,40.74,-88.72
cherry,il,41.43,-89.21
cherry valley,il,42.22,-88.96
chester,il,37.92,-89.82
chesterfield,il,39.27,-90.08
chestnut,il,40.06,-89.19
chicago,il,41.89,-87.62
chicago heights,il,41.51,-87.61
chicago ridge,il,41.70,-87.78
chillicothe,il,40.90,-89.51
chrisman,il,39.80,-87.66
christopher,il,37.98,-89.06
cicero,il,41.85,-87.75
cisco,il,40.00,-88.70
cisne,il,38.51,-88.40
cissna park,il,40.59,-87.88
clare,il,42.03,-88.84
claremont,il,38.74,-87.97
clarendon hills,il,41.78,-87.96
clay city,il,38.67,-88.35
clayton,il,40.01,-90.96
claytonville,il,40.57,-87.82
clifton,il,40.94,-87.92
clinton,il,40.15,-88.96
coal city,il,41.29,-88.28
coal valley,il,41.44,-90.47
coatsburg,il,40.06,-91.17
cobden,il,37.54,-89.25
coello,il,37.99,-89.07
coffeen,il,39.09,-89.39
colchester,il,40.42,-90.78
colfax,il,40.57,-88.62
collinsville,il,38.68,-89.99
collison,il,40.22,-87.80
colona,il,41.48,-90.35
colp,il,37.81,-89.08
columbia,il,38.43,-90.20
colusa,il,40.57,-91.17
compton,il,41.68,-89.09
concord,il,39.82,-90.37
congerville,il,40.62,-89.20
cooksville,il,40.54,-88.74
cordova,il,41.69,-90.31
cornell,il,40.99,-88.74
cornland,il,39.94,-89.40
cortland,il,41.92,-88.69
cottage hills,il,38.91,-90.08
coulterville,il,38.18,-89.58
country club hills,il,41.56,-87.72
cowden,il,39.23,-88.89
creal springs,il,37.63,-88.88
crescent city,il,40.77,-87.84
crest hill,il,41.57,-88.12
creston,il,41.93,-88.96
crete,il,41.44,-87.60
creve coeur,il,40.65,-89.59
cropsey,il,40.60,-88.49
crossville,il,38.17,-88.06
crystal lake,il,42.27,-88.32
cuba,il,40.50,-90.18
cullom,il,40.88,-88.28
cutler,il,38.04,-89.57
cypress,il,37.37,-89.01
dahinda,il,40.96,-90.14
dahlgren,il,38.20,-88.64
dakota,il,42.40,-89.55
dale,il,38.00,-88.53
dallas city,il,40.62,-91.16
dalton city,il,39.71,-88.80
dalzell,il,41.37,-89.20
dana,il,40.95,-88.96
danforth,il,40.82,-87.99
danvers,il,40.54,-89.19
danville,il,40.14,-87.62
darien,il,41.75,-87.97
davis,il,42.44,-89.41
davis junction,il,42.10,-89.08
dawson,il,39.86,-89.46
de land,il,40.11,-88.64
de soto,il,37.81,-89.22
decatur,il,39.83,-88.93
deer creek,il,40.63,-89.30
deer grove,il,41.63,-89.70
deerfield,il,42.17,-87.86
dekalb,il,41.93,-88.76
delavan,il,40.37,-89.53
dennison,il,39.45,-87.59
depue,il,41.33,-89.30
des plaines,il,42.05,-87.89
dewey,il,40.31,-88.28
dewitt,il,40.18,-88.76
dieterich,il,39.03,-88.41
divernon,il,39.57,-89.65
dix,il,38.43,-88.97
dixon,il,41.85,-89.49
dolton,il,41.63,-87.60
dongola,il,37.37,-89.13
donnellson,il,39.03,-89.49
donovan,il,40.89,-87.60
dorsey,il,38.98,-89.98
dover,il,41.44,-89.39
dow,il,39.03,-90.30
dowell,il,37.94,-89.24
downers grove,il,41.80,-88.01
downs,il,40.38,-88.87
du bois,il,38.25,-89.20
du quoin,il,38.01,-89.23
dundas,il,38.83,-88.10
dundee,il,42.10,-88.29
dunfermline,il,40.49,-90.03
dunlap,il,40.84,-89.64
dupo,il,38.51,-90.19
durand,il,42.43,-89.31
dwight,il,41.09,-88.42
eagarville,il,39.11,-89.78
earlville,il,41.59,-88.91
east alton,il,38.88,-90.08
east carondelet,il,38.53,-90.22
east dubuque,il,42.49,-90.60
east galesburg,il,40.95,-90.31
east lynn,il,40.47,-87.80
east moline,il,41.51,-90.43
east peoria,il,40.67,-89.55
east st louis,il,38.63,-90.14
easton,il,40.24,-89.85
eddyville,il,37.52,-88.59
edelstein,il,40.95,-89.59
edgewood,il,38.91,-88.66
edinburg,il,39.66,-89.38
edwards,il,40.76,-89.71
edwardsville,il,38.80,-89.96
effingham,il,39.12,-88.56
el paso,il,40.74,-89.01
elburn,il,41.88,-88.46
eldena,il,41.77,-89.41
eldorado,il,37.81,-88.44
eldred,il,39.28,-90.53
eleroy,il,42.33,-89.76
elgin,il,42.04,-88.26
elizabeth,il,42.31,-90.20
elizabethtown,il,37.47,-88.29
elk grove village,il,42.01,-88.01
elkhart,il,40.00,-89.47
elkville,il,37.92,-89.23
ellery,il,38.37,-88.13
elliott,il,40.46,-88.27
ellis grove,il,38.01,-89.90
ellisville,il,40.60,-90.29
ellsworth,il,40.44,-88.74
elmhurst,il,41.89,-87.94
elmwood,il,40.77,-89.93
elmwood park,il,41.92,-87.81
elsah,il,38.96,-90.33
elvaston,il,40.41,-91.22
elwin,il,39.78,-88.98
elwood,il,41.43,-88.09
emden,il,40.29,-89.52
emington,il,40.98,-88.32
emma,il,37.97,-88.12
energy,il,37.77,-89.03
enfield,il,38.09,-88.33
eola,il,41.78,-88.24
equality,il,37.73,-88.34
erie,il,41.66,-90.08
esmond,il,42.02,-88.94
essex,il,41.17,-88.18
eureka,il,40.72,-89.27
evanston,il,42.05,-87.69
evansville,il,38.09,-89.92
evergreen park,il,41.72,-87.70
ewing,il,38.07,-88.85
fairbury,il,40.75,-88.52
fairfield,il,38.38,-88.36
fairmount,il,40.04,-87.84
fairview,il,40.64,-90.17
fairview heights,il,38.60,-90.01
farina,il,38.85,-88.76
farmer city,il,40.24,-88.66
farmersville,il,39.45,-89.64
farmington,il,40.69,-90.01
fenton,il,41.73,-90.05
ferris,il,40.47,-91.17
fiatt,il,40.57,-90.16
fidelity,il,39.13,-90.20
fieldon,il,39.11,-90.53
fillmore,il,39.10,-89.29
findlay,il,39.50,-88.76
fisher,il,40.30,-88.36
fithian,il,40.12,-87.88
flanagan,il,40.88,-88.86
flat rock,il,38.91,-87.68
flora,il,38.67,-88.49
flossmoor,il,41.54,-87.68
foosland,il,40.36,-88.42
forest city,il,40.36,-89.83
forest park,il,41.87,-87.81
forrest,il,40.75,-88.41
forreston,il,42.12,-89.58
forsyth,il,39.93,-88.95
ft sheridan,il,42.21,-87.81
fowler,il,39.99,-91.25
fox lake,il,42.39,-88.16
fox river grove,il,42.19,-88.22
fox valley,il,41.76,-88.22
frankfort,il,41.51,-87.82
frankfort heights,il,37.90,-88.85
franklin,il,39.61,-90.05
franklin grove,il,41.86,-89.32
franklin park,il,41.93,-87.87
frederick,il,40.07,-90.50
freeburg,il,38.41,-89.92
freeman spur,il,37.86,-89.00
freeport,il,42.30,-89.63
fulton,il,41.85,-90.15
fults,il,38.18,-90.20
galatia,il,37.83,-88.62
galena,il,42.42,-90.42
galesburg,il,40.95,-90.37
galt,il,41.79,-89.76
galva,il,41.17,-90.05
garden prairie,il,42.25,-88.74
gardner,il,41.18,-88.30
gays,il,39.48,-88.52
geff,il,38.44,-88.41
geneseo,il,41.47,-90.17
geneva,il,41.89,-88.31
genoa,il,42.10,-88.69
georgetown,il,39.98,-87.64
gerlaw,il,41.00,-90.62
german valley,il,42.22,-89.47
germantown,il,38.55,-89.54
gibson city,il,40.47,-88.36
gifford,il,40.30,-88.03
gilberts,il,42.10,-88.37
gillespie,il,39.14,-89.82
gilman,il,40.77,-87.99
gilson,il,40.88,-90.17
girard,il,39.45,-89.78
gladstone,il,40.84,-90.99
glasford,il,40.58,-89.81
glen carbon,il,38.76,-89.97
glen ellyn,il,41.87,-88.06
glenarm,il,39.63,-89.66
glencoe,il,42.13,-87.76
glendale heights,il,41.92,-88.08
glenview,il,42.08,-87.82
glenwood,il,41.55,-87.61
godfrey,il,38.95,-90.21
golconda,il,37.35,-88.56
golden,il,40.12,-91.03
golden eagle,il,38.90,-90.56
golden gate,il,38.36,-88.21
golf,il,42.06,-87.79
good hope,il,40.57,-90.63
goodfield,il,40.63,-89.27
goodwine,il,40.57,-87.78
goreville,il,37.57,-88.97
gorham,il,37.74,-89.44
grafton,il,39.00,-90.43
grand chain,il,37.25,-89.01
grand ridge,il,41.24,-88.82
grand tower,il,37.63,-89.50
granite city,il,38.72,-90.12
grant park,il,41.25,-87.65
grantsburg,il,37.40,-88.77
granville,il,41.26,-89.23
graymont,il,40.91,-88.76
grayslake,il,42.35,-88.04
grayville,il,38.26,-88.00
great lakes,il,42.30,-87.86
green valley,il,40.42,-89.65
greenfield,il,39.35,-90.21
greenup,il,39.24,-88.14
greenview,il,40.08,-89.71
greenville,il,38.89,-89.41
gridley,il,40.74,-88.88
griggsville,il,39.71,-90.72
groveland,il,40.59,-89.53
gurnee,il,42.37,-87.95
hagarstown,il,38.94,-89.17
hamburg,il,39.22,-90.70
hamel,il,38.88,-89.87
hamilton,il,40.44,-91.34
hammond,il,39.79,-88.58
hampshire,il,42.08,-88.52
hampton,il,41.54,-90.32
hanna city,il,40.68,-89.80
hanover,il,42.26,-90.29
hanover park,il,41.79,-87.81
hardin,il,39.15,-90.62
harmon,il,41.70,-89.57
harrisburg,il,37.73,-88.54
harristown,il,39.85,-89.08
hartford,il,38.83,-90.07
hartsburg,il,40.25,-89.45
harvard,il,42.42,-88.60
harvel,il,39.37,-89.54
harvey,il,41.61,-87.66
harwood heights,il,41.96,-87.82
havana,il,40.30,-90.05
hazel crest,il,41.57,-87.68
hebron,il,42.46,-88.42
hecker,il,38.28,-89.98
henderson,il,41.02,-90.36
hennepin,il,41.24,-89.32
henning,il,40.30,-87.70
henry,il,41.11,-89.37
herod,il,37.47,-88.46
herrick,il,39.22,-88.98
herrin,il,37.80,-89.02
herscher,il,41.05,-88.09
hettick,il,39.38,-90.07
heyworth,il,40.33,-88.98
hickory hills,il,41.73,-87.83
hidalgo,il,39.12,-88.14
highland,il,38.76,-89.68
highland park,il,42.18,-87.81
highwood,il,42.20,-87.81
hillsboro,il,39.15,-89.49
hillsdale,il,41.59,-90.23
hillside,il,41.87,-87.90
hillview,il,39.47,-90.51
hinckley,il,41.77,-88.64
hindsboro,il,39.70,-88.15
hines,il,41.86,-87.84
hinsdale,il,41.79,-87.94
hoffman,il,38.54,-89.26
hoffman estates,il,42.05,-88.10
holcomb,il,42.06,-89.10
homer,il,40.03,-87.96
homer glen,il,41.60,-87.94
hometown,il,41.73,-87.73
homewood,il,41.56,-87.66
hoopeston,il,40.46,-87.67
hooppole,il,41.52,-89.91
hopedale,il,40.43,-89.42
hopkins park,il,41.06,-87.62
hoyleton,il,38.45,-89.31
hudson,il,40.62,-88.98
huey,il,38.60,-89.29
hull,il,39.72,-91.23
humboldt,il,39.60,-88.31
hume,il,39.80,-87.87
huntley,il,42.18,-88.43
huntsville,il,40.15,-90.85
hurst,il,37.83,-89.14
hutsonville,il,39.11,-87.67
illinois city,il,41.39,-90.89
illiopolis,il,39.85,-89.25
ina,il,38.15,-88.89
indianola,il,39.93,-87.74
industry,il,40.33,-90.61
ingleside,il,42.36,-88.16
ingraham,il,38.83,-88.32
ipava,il,40.36,-90.30
iroquois,il,40.83,-87.58
irving,il,39.21,-89.41
irvington,il,38.44,-89.16
island lake,il,42.27,-88.19
itasca,il,41.97,-88.02
iuka,il,38.61,-88.77
ivesdale,il,39.95,-88.45
jacksonville,il,39.73,-90.24
jacob,il,37.74,-89.54
janesville,il,39.37,-88.24
jerseyville,il,39.12,-90.33
jewett,il,39.21,-88.25
johnsonville,il,38.53,-88.59
johnston city,il,37.82,-88.92
joliet,il,41.53,-88.08
jonesboro,il,37.45,-89.29
joppa,il,37.25,-88.85
joy,il,41.23,-90.85
junction,il,37.70,-88.25
justice,il,41.74,-87.83
kampsville,il,39.31,-90.63
kane,il,39.20,-90.37
kaneville,il,41.84,-88.52
kankakee,il,41.12,-87.87
kansas,il,39.55,-87.94
karbers ridge,il,37.46,-88.37
karnak,il,37.29,-88.97
kasbeer,il,41.51,-89.46
keenes,il,38.37,-88.65
keensburg,il,38.35,-87.87
keithsburg,il,41.10,-90.93
kell,il,38.51,-88.84
kempton,il,40.91,-88.21
kenilworth,il,42.09,-87.72
kenney,il,40.10,-89.08
kent,il,42.32,-89.92
kewanee,il,41.24,-89.93
keyesport,il,38.74,-89.31
kilbourne,il,40.16,-90.00
kincaid,il,39.59,-89.41
kinderhook,il,39.70,-91.16
kingston,il,42.11,-88.77
kingston mines,il,40.49,-89.81
kinmundy,il,38.76,-88.81
kinsman,il,41.16,-88.48
kirkland,il,42.10,-88.87
kirkwood,il,40.86,-90.75
knoxville,il,40.91,-90.29
la fayette,il,41.11,-89.96
la grange,il,41.80,-87.88
la grange park,il,41.83,-87.86
la harpe,il,40.58,-90.97
la moille,il,41.54,-89.30
la place,il,39.81,-88.71
la prairie,il,40.16,-90.98
la rose,il,40.98,-89.24
la salle,il,41.34,-89.10
lacon,il,41.02,-89.40
ladd,il,41.38,-89.22
lafox,il,41.89,-88.41
lake bluff,il,42.28,-87.86
lake forest,il,42.24,-87.85
lake fork,il,39.97,-89.35
lake in the hills,il,42.18,-88.33
lake villa,il,42.41,-88.06
lake zurich,il,42.20,-88.07
lakewood,il,39.31,-88.87
lanark,il,42.09,-89.82
lancaster,il,38.54,-87.87
lane,il,40.12,-88.86
lansing,il,41.57,-87.54
latham,il,39.97,-89.17
laura,il,40.93,-89.93
lawndale,il,40.22,-89.28
lawrenceville,il,38.73,-87.68
le roy,il,40.35,-88.76
leaf river,il,42.14,-89.40
lebanon,il,38.61,-89.80
lee,il,41.79,-88.97
lee center,il,41.75,-89.28
leland,il,41.61,-88.77
lemont,il,41.70,-88.02
lena,il,42.38,-89.83
lenzburg,il,38.30,-89.79
leonore,il,41.17,-89.00
lerna,il,39.40,-88.25
lewistown,il,40.38,-90.16
lexington,il,40.64,-88.81
liberty,il,39.89,-91.09
libertyville,il,42.28,-87.95
lima,il,40.17,-91.39
lincoln,il,40.15,-89.37
lincolns new salem,il,40.04,-89.85
lincolnshire,il,42.19,-87.90
lincolnwood,il,42.00,-87.73
lindenwood,il,42.05,-89.03
lisle,il,41.79,-88.09
litchfield,il,39.18,-89.65
literberry,il,39.85,-90.20
little york,il,41.02,-90.74
littleton,il,40.23,-90.62
liverpool,il,40.41,-90.04
livingston,il,38.97,-89.76
loami,il,39.67,-89.86
lockport,il,41.61,-88.03
loda,il,40.52,-88.09
logan,il,37.96,-88.84
lomax,il,40.68,-91.04
lombard,il,41.87,-88.02
london mills,il,40.69,-90.26
long grove,il,42.18,-88.00
long point,il,40.99,-88.88
longview,il,39.90,-88.08
loogootee,il,38.90,-88.85
loraine,il,40.15,-91.21
lostant,il,41.15,-89.08
louisville,il,38.81,-88.51
lovejoy,il,38.66,-90.17
loves park,il,42.33,-89.03
lovington,il,39.72,-88.64
lowder,il,39.55,-89.85
lowpoint,il,40.87,-89.37
ludlow,il,40.37,-88.14
lyndon,il,41.72,-89.92
lynn center,il,41.29,-90.33
lyons,il,41.81,-87.82
macedonia,il,38.01,-88.70
machesney park,il,42.35,-89.04
mackinaw,il,40.54,-89.35
macomb,il,40.46,-90.68
macon,il,39.70,-88.99
madison,il,38.68,-90.16
maeystown,il,38.24,-90.20
magnolia,il,41.12,-89.23
mahomet,il,40.20,-88.39
makanda,il,37.66,-89.21
malden,il,41.44,-89.37
malta,il,41.92,-88.87
manchester,il,39.54,-90.33
manhattan,il,41.43,-87.98
manito,il,40.42,-89.79
manlius,il,41.46,-89.67
mansfield,il,40.21,-88.52
manteno,il,41.25,-87.85
maple park,il,41.92,-88.60
mapleton,il,40.61,-89.72
maquon,il,40.78,-90.20
marengo,il,42.24,-88.61
marietta,il,40.50,-90.39
marine,il,38.79,-89.82
marion,il,37.73,-88.93
marissa,il,38.25,-89.75
mark,il,41.26,-89.25
markham,il,41.59,-87.69
maroa,il,40.03,-88.96
marseilles,il,41.33,-88.69
marshall,il,39.42,-87.69
martinsville,il,39.32,-87.87
martinton,il,40.91,-87.74
maryville,il,38.72,-89.96
mascoutah,il,38.49,-89.79
mason,il,38.96,-88.62
mason city,il,40.20,-89.70
matherville,il,41.27,-90.60
matteson,il,41.51,-87.74
mattoon,il,39.48,-88.38
maunie,il,38.04,-88.05
maywood,il,41.87,-87.85
mazon,il,41.30,-88.41
mc clure,il,37.30,-89.45
mc connell,il,42.44,-89.74
mc lean,il,40.33,-89.16
mc leansboro,il,38.09,-88.53
mc nabb,il,41.17,-89.22
mchenry,il,42.33,-88.27
mechanicsburg,il,39.78,-89.42
media,il,40.76,-90.86
medinah,il,41.97,-88.06
medora,il,39.20,-90.15
melrose park,il,41.90,-87.86
melvin,il,40.57,-88.26
menard,il,37.91,-89.84
mendon,il,40.09,-91.29
mendota,il,41.54,-89.11
meredosia,il,39.80,-90.55
merna,il,40.52,-88.83
metamora,il,40.78,-89.43
metcalf,il,39.80,-87.80
metropolis,il,37.18,-88.73
michael,il,39.22,-90.63
middletown,il,40.10,-89.58
midlothian,il,41.63,-87.73
milan,il,41.43,-90.57
milford,il,40.63,-87.69
mill shoals,il,38.24,-88.33
millbrook,il,41.60,-88.55
millcreek,il,37.35,-89.27
milledgeville,il,41.97,-89.78
miller city,il,37.10,-89.35
millington,il,41.56,-88.60
millstadt,il,38.44,-90.09
milmine,il,39.90,-88.65
milton,il,39.55,-90.64
mineral,il,41.40,-89.82
minier,il,40.44,-89.32
minonk,il,40.90,-89.03
minooka,il,41.46,-88.28
mode,il,39.19,-88.79
modesto,il,39.48,-89.98
modoc,il,38.05,-90.02
mokena,il,41.53,-87.89
moline,il,41.49,-90.50
momence,il,41.16,-87.66
monee,il,41.42,-87.77
monmouth,il,40.91,-90.64
monroe center,il,42.11,-89.02
montgomery,il,41.72,-88.33
monticello,il,40.03,-88.57
montrose,il,39.16,-88.33
mooseheart,il,41.82,-88.33
moro,il,38.93,-89.96
morris,il,41.37,-88.42
morrison,il,41.82,-89.97
morrisonville,il,39.42,-89.45
morton,il,40.61,-89.46
morton grove,il,42.04,-87.79
mossville,il,40.82,-89.57
mound city,il,37.09,-89.16
mounds,il,37.12,-89.20
mt auburn,il,39.76,-89.24
mt carmel,il,38.41,-87.79
mt carroll,il,42.11,-89.98
mt erie,il,38.52,-88.22
mt morris,il,42.05,-89.43
mt olive,il,39.07,-89.74
mt prospect,il,42.06,-87.94
mt pulaski,il,40.00,-89.29
mt sterling,il,39.98,-90.74
mt vernon,il,38.32,-88.91
moweaqua,il,39.62,-89.01
mozier,il,39.29,-90.71
mt zion,il,39.78,-88.87
muddy,il,37.77,-88.52
mulberry grove,il,38.93,-89.25
mulkeytown,il,37.97,-89.12
muncie,il,40.12,-87.84
mundelein,il,42.26,-88.00
murdock,il,39.80,-88.08
murphysboro,il,37.77,-89.33
murrayville,il,39.57,-90.23
nachusa,il,41.83,-89.39
naperville,il,41.77,-88.14
nashville,il,38.34,-89.38
nason,il,38.17,-88.97
national stock yards,il,38.66,-90.16
nauvoo,il,40.55,-91.38
nebo,il,39.42,-90.77
neoga,il,39.32,-88.45
neponset,il,41.29,-89.79
new athens,il,38.32,-89.87
new baden,il,38.53,-89.69
new bedford,il,41.54,-89.78
new berlin,il,39.74,-89.91
new boston,il,41.22,-90.99
new burnside,il,37.58,-88.77
new canton,il,39.63,-91.09
new douglas,il,38.97,-89.74
new haven,il,37.90,-88.13
new holland,il,40.17,-89.56
new lenox,il,41.51,-87.96
new memphis,il,38.46,-89.68
new salem,il,39.70,-90.84
new windsor,il,41.20,-90.46
newark,il,41.53,-88.53
newman,il,39.78,-88.00
newton,il,38.98,-88.17
niantic,il,39.86,-89.17
niles,il,42.02,-87.80
nilwood,il,39.39,-89.78
niota,il,40.60,-91.30
noble,il,38.71,-88.22
nokomis,il,39.30,-89.29
nora,il,42.46,-89.95
normal,il,40.51,-88.99
norris,il,40.63,-90.03
norris city,il,37.98,-88.32
north aurora,il,41.81,-88.33
north chicago,il,42.32,-87.85
north henderson,il,41.10,-90.47
northbrook,il,42.13,-87.85
o fallon,il,38.59,-89.91
oak brook,il,41.84,-87.96
oak forest,il,41.61,-87.75
oak lawn,il,41.71,-87.75
oak park,il,41.89,-87.80
oakdale,il,38.26,-89.60
oakford,il,40.10,-89.96
oakland,il,39.65,-88.03
oakwood,il,40.12,-87.78
oblong,il,39.00,-87.90
oconee,il,39.29,-89.08
odell,il,41.02,-88.52
odin,il,38.61,-89.06
ogden,il,40.14,-87.97
oglesby,il,41.29,-89.06
ohio,il,41.54,-89.46
ohlman,il,39.34,-89.22
okawville,il,38.43,-89.52
olive branch,il,37.17,-89.35
olmsted,il,37.19,-89.09
olney,il,38.73,-88.08
olympia fields,il,41.52,-87.69
omaha,il,37.89,-88.29
onarga,il,40.71,-88.00
oneida,il,41.08,-90.24
opdyke,il,38.27,-88.77
ophiem,il,41.25,-90.39
oquawka,il,40.94,-90.93
orangeville,il,42.47,-89.64
oraville,il,37.87,-89.38
oreana,il,39.94,-88.85
oregon,il,42.01,-89.34
orient,il,37.92,-88.98
orion,il,41.36,-90.38
orland park,il,41.62,-87.84
osco,il,41.36,-90.27
oswego,il,41.68,-88.35
ottawa,il,41.35,-88.84
owaneco,il,39.48,-89.20
ozark,il,37.54,-88.77
palatine,il,42.13,-88.08
palestine,il,39.00,-87.62
palmer,il,39.47,-89.43
palmyra,il,39.42,-89.96
paloma,il,40.04,-91.21
palos heights,il,41.66,-87.79
palos hills,il,41.70,-87.83
palos park,il,41.66,-87.85
pana,il,39.39,-89.08
panama,il,39.03,-89.52
papineau,il,40.97,-87.72
paris,il,39.61,-87.70
park forest,il,41.47,-87.68
park ridge,il,42.01,-87.84
parkersburg,il,38.59,-88.06
patoka,il,38.75,-89.09
patterson,il,39.48,-90.48
paw paw,il,41.69,-88.97
pawnee,il,39.59,-89.58
paxton,il,40.46,-88.10
payson,il,39.82,-91.26
pearl,il,39.44,-90.64
pearl city,il,42.26,-89.84
pecatonica,il,42.31,-89.35
pekin,il,40.57,-89.62
penfield,il,40.31,-87.96
peoria,il,40.69,-89.60
peoria heights,il,40.74,-89.58
peotone,il,41.34,-87.79
percy,il,38.01,-89.62
perks,il,37.31,-89.08
perry,il,39.79,-90.75
peru,il,41.33,-89.13
pesotum,il,39.92,-88.27
petersburg,il,40.01,-89.85
philo,il,40.01,-88.16
piasa,il,39.15,-90.13
pierron,il,38.78,-89.52
pinckneyville,il,38.09,-89.39
piper city,il,40.76,-88.19
pittsburg,il,37.78,-88.87
pittsfield,il,39.60,-90.81
plainfield,il,41.60,-88.20
plainville,il,39.80,-91.14
plano,il,41.67,-88.54
plato center,il,42.03,-88.43
pleasant hill,il,39.45,-90.88
pleasant plains,il,39.85,-89.84
plymouth,il,40.29,-90.87
pocahontas,il,38.78,-89.52
polo,il,41.99,-89.60
pomona,il,37.64,-89.34
pontiac,il,40.88,-88.63
poplar grove,il,42.36,-88.84
port byron,il,41.60,-90.33
posen,il,41.63,-87.69
potomac,il,40.31,-87.82
prairie city,il,40.62,-90.47
prairie du rocher,il,38.09,-90.09
preemption,il,41.31,-90.58
princeton,il,41.36,-89.43
princeville,il,40.91,-89.77
prophetstown,il,41.63,-89.95
prospect heights,il,42.10,-87.91
pulaski,il,37.21,-89.20
putnam,il,41.19,-89.44
quincy,il,39.93,-91.38
radom,il,38.28,-89.19
raleigh,il,37.83,-88.53
ramsey,il,39.08,-89.11
rankin,il,40.46,-87.89
ransom,il,41.15,-88.65
rantoul,il,40.31,-88.15
rapids city,il,41.58,-90.34
raritan,il,40.69,-90.83
raymond,il,39.31,-89.59
red bud,il,38.19,-89.99
reddick,il,41.10,-88.21
redmon,il,39.65,-87.86
renault,il,38.17,-90.10
reynolds,il,41.33,-90.64
richmond,il,42.47,-88.29
richton park,il,41.48,-87.72
richview,il,38.41,-89.18
ridge farm,il,39.92,-87.63
ridgway,il,37.80,-88.26
ridott,il,42.30,-89.46
rinard,il,38.58,-88.46
ringwood,il,42.38,-88.30
rio,il,41.11,-90.39
river forest,il,41.90,-87.82
river grove,il,41.93,-87.84
riverdale,il,41.65,-87.63
riverside,il,41.84,-87.82
riverton,il,39.86,-89.54
roanoke,il,40.80,-89.21
robbins,il,41.64,-87.71
roberts,il,40.62,-88.18
robinson,il,39.01,-87.75
rochelle,il,41.93,-89.07
rochester,il,39.76,-89.55
rock city,il,42.41,-89.48
rock falls,il,41.77,-89.69
rock island,il,41.49,-90.56
rockbridge,il,39.28,-90.26
rockford,il,42.29,-89.12
rockport,il,39.53,-90.97
rockton,il,42.45,-89.09
rockwood,il,37.83,-89.62
rolling meadows,il,42.07,-88.02
rome,il,40.88,-89.50
romeoville,il,41.65,-88.09
roodhouse,il,39.48,-90.35
rosamond,il,39.39,-89.18
roscoe,il,42.42,-88.99
roselle,il,41.98,-88.09
roseville,il,40.72,-90.65
rosiclare,il,37.42,-88.35
rossville,il,40.36,-87.67
round lake,il,42.37,-88.09
roxana,il,38.85,-90.08
royal,il,40.19,-87.97
royalton,il,37.88,-89.11
rushville,il,40.12,-90.56
russell,il,42.49,-87.91
rutland,il,40.98,-89.04
sadorus,il,39.96,-88.34
sailor springs,il,38.76,-88.36
st anne,il,41.05,-87.66
st augustine,il,40.73,-90.38
st charles,il,41.92,-88.31
st david,il,40.52,-90.04
st elmo,il,39.03,-88.86
st francisville,il,38.61,-87.67
st jacob,il,38.72,-89.67
st joseph,il,40.12,-88.05
st libory,il,38.36,-89.71
st peter,il,38.87,-88.86
sainte marie,il,38.93,-88.02
salem,il,38.63,-88.95
san jose,il,40.29,-89.63
sandoval,il,38.61,-89.11
sandwich,il,41.64,-88.64
saunemin,il,40.89,-88.41
savanna,il,42.10,-90.14
savoy,il,40.07,-88.25
sawyerville,il,39.08,-89.81
saybrook,il,40.43,-88.52
scales mound,il,42.47,-90.26
schaumburg,il,42.03,-88.08
scheller,il,38.17,-89.09
schiller park,il,41.96,-87.87
sciota,il,40.57,-90.71
scott air force base,il,38.55,-89.86
scottville,il,39.48,-90.10
seaton,il,41.07,-90.83
seatonville,il,41.36,-89.28
secor,il,40.72,-89.13
seneca,il,41.32,-88.61
serena,il,41.50,-88.75
sesser,il,38.09,-89.06
seward,il,42.24,-89.36
seymour,il,40.10,-88.39
shabbona,il,41.76,-88.88
shannon,il,42.16,-89.75
shawneetown,il,37.71,-88.18
sheffield,il,41.39,-89.71
shelbyville,il,39.40,-88.80
sheldon,il,40.78,-87.57
sheridan,il,41.52,-88.67
sherman,il,39.89,-89.60
sherrard,il,41.30,-90.49
shipman,il,39.12,-90.05
shirland,il,42.44,-89.20
shirley,il,40.42,-89.08
shobonier,il,38.84,-89.08
shorewood,il,41.51,-88.22
shumway,il,39.19,-88.64
sibley,il,40.58,-88.38
sidell,il,39.91,-87.82
sidney,il,40.02,-88.07
sigel,il,39.22,-88.48
silvis,il,41.50,-90.41
simpson,il,37.46,-88.76
sims,il,38.39,-88.53
skokie,il,42.04,-87.73
smithboro,il,38.87,-89.33
smithfield,il,40.49,-90.29
smithshire,il,40.74,-90.74
smithton,il,38.42,-89.99
somonauk,il,41.64,-88.68
sorento,il,38.97,-89.57
south beloit,il,42.48,-89.03
south elgin,il,42.00,-88.30
south holland,il,41.60,-87.59
south pekin,il,40.49,-89.65
south roxana,il,38.83,-90.06
south wilmington,il,41.17,-88.28
sparland,il,41.01,-89.46
sparta,il,38.13,-89.70
speer,il,41.01,-89.69
spring grove,il,42.44,-88.22
spring valley,il,41.33,-89.20
springerton,il,38.17,-88.37
springfield,il,39.80,-89.65
standard,il,41.26,-89.18
stanford,il,40.44,-89.22
staunton,il,39.01,-89.79
steeleville,il,38.01,-89.67
steger,il,41.47,-87.64
sterling,il,41.81,-89.71
steward,il,41.85,-89.02
stewardson,il,39.27,-88.63
stillman valley,il,42.12,-89.19
stockland,il,40.61,-87.59
stockton,il,42.35,-90.02
stone park,il,41.90,-87.88
stonefort,il,37.63,-88.74
stonington,il,39.64,-89.19
stoy,il,39.00,-87.83
strasburg,il,39.36,-88.63
strawn,il,40.65,-88.40
streamwood,il,42.02,-88.17
streator,il,41.12,-88.83
stronghurst,il,40.75,-90.93
sublette,il,41.63,-89.24
sugar grove,il,41.77,-88.44
sullivan,il,39.59,-88.60
summerfield,il,38.60,-89.75
summit argo,il,41.78,-87.81
sumner,il,38.73,-87.78
sutter,il,40.31,-91.38
sycamore,il,41.99,-88.69
table grove,il,40.38,-90.42
tallula,il,39.94,-89.88
tamaroa,il,38.14,-89.22
tamms,il,37.23,-89.28
tampico,il,41.65,-89.79
taylor ridge,il,41.38,-90.73
taylor springs,il,39.13,-89.49
taylorville,il,39.55,-89.31
techny,il,42.12,-87.80
tennessee,il,40.41,-90.86
teutopolis,il,39.13,-88.48
texico,il,38.43,-88.87
thawville,il,40.68,-88.10
thayer,il,39.54,-89.76
thebes,il,37.19,-89.40
thomasboro,il,40.24,-88.18
thompsonville,il,37.88,-88.77
thomson,il,41.98,-90.08
thornton,il,41.57,-87.61
tilden,il,38.21,-89.68
tilton,il,40.10,-87.64
timewell,il,40.01,-90.87
tinley park,il,41.60,-87.84
tiskilwa,il,41.29,-89.51
toledo,il,39.28,-88.25
tolono,il,39.99,-88.26
toluca,il,41.00,-89.13
tonica,il,41.23,-89.09
topeka,il,40.38,-89.93
toulon,il,41.10,-89.86
tovey,il,39.59,-89.46
towanda,il,40.55,-88.89
tower hill,il,39.37,-88.97
tremont,il,40.51,-89.48
trenton,il,38.62,-89.64
trilla,il,39.39,-88.35
triumph,il,41.50,-89.02
trivoli,il,40.68,-89.91
troy,il,38.72,-89.87
troy grove,il,41.47,-89.08
tuscola,il,39.80,-88.28
ullin,il,37.27,-89.19
union,il,42.21,-88.53
union hill,il,41.11,-88.15
unity,il,37.23,-89.27
urbana,il,40.11,-88.20
ursa,il,40.08,-91.37
utica,il,41.36,-89.00
valier,il,38.02,-89.04
valmeyer,il,38.30,-90.31
van orin,il,41.55,-89.35
vandalia,il,38.94,-89.10
varna,il,41.03,-89.25
venice,il,38.67,-90.17
vergennes,il,37.91,-89.33
vermilion,il,39.58,-87.59
vermont,il,40.31,-90.42
vernon,il,38.80,-89.08
vernon hills,il,42.23,-87.97
verona,il,41.25,-88.52
versailles,il,39.89,-90.67
victoria,il,41.03,-90.09
vienna,il,37.42,-88.89
villa grove,il,39.87,-88.16
villa park,il,41.88,-87.98
villa ridge,il,37.16,-89.18
viola,il,41.20,-90.59
virden,il,39.51,-89.78
virginia,il,39.95,-90.21
wadsworth,il,42.45,-87.90
waggoner,il,39.38,-89.65
walnut,il,41.55,-89.59
walnut hill,il,38.52,-88.98
walsh,il,38.02,-89.83
walshville,il,39.05,-89.63
waltonville,il,38.25,-89.01
wapella,il,40.23,-88.97
warren,il,42.49,-89.99
warrensburg,il,39.94,-89.07
warrenville,il,41.83,-88.19
warsaw,il,40.35,-91.43
wasco,il,41.94,-88.40
washburn,il,40.91,-89.28
washington,il,40.70,-89.45
wataga,il,41.02,-90.27
waterloo,il,38.32,-90.15
waterman,il,41.75,-88.78
watseka,il,40.77,-87.73
watson,il,39.04,-88.56
wauconda,il,42.26,-88.13
waukegan,il,42.36,-87.84
waverly,il,39.59,-89.94
wayne,il,41.95,-88.24
wayne city,il,38.33,-88.58
waynesville,il,40.24,-89.11
wedron,il,41.44,-88.77
weldon,il,40.12,-88.75
wellington,il,40.53,-87.66
wenona,il,41.05,-89.04
west brooklyn,il,41.73,-89.19
west chicago,il,41.89,-88.20
west frankfort,il,37.90,-88.93
west liberty,il,38.89,-88.10
west point,il,40.25,-91.25
west salem,il,38.52,-88.03
west union,il,39.24,-87.65
west york,il,39.19,-87.71
westchester,il,41.85,-87.88
western springs,il,41.80,-87.90
westfield,il,39.44,-88.04
westmont,il,41.77,-87.98
westville,il,40.05,-87.64
wheaton,il,41.86,-88.11
wheeler,il,39.02,-88.32
wheeling,il,42.13,-87.93
white hall,il,39.43,-90.40
white heath,il,40.10,-88.52
whittington,il,38.10,-88.86
williamsfield,il,40.93,-90.03
williamsville,il,39.93,-89.53
willisville,il,37.98,-89.58
willow hill,il,38.98,-88.02
willow springs,il,41.74,-87.88
willowbrook,il,41.75,-87.92
wilmette,il,42.08,-87.72
wilmington,il,41.30,-88.13
wilsonville,il,39.07,-89.86
winchester,il,39.61,-90.43
windsor,il,39.43,-88.59
winfield,il,41.87,-88.15
winnebago,il,42.27,-89.24
winnetka,il,42.10,-87.75
winslow,il,42.48,-89.81
winthrop harbor,il,42.48,-87.83
witt,il,39.25,-89.34
wolf lake,il,37.51,-89.44
wonder lake,il,42.38,-88.35
wood dale,il,41.96,-87.98
wood river,il,38.86,-90.09
woodhull,il,41.18,-90.28
woodland,il,40.71,-87.73
woodlawn,il,38.38,-89.07
woodridge,il,41.75,-88.05
woodson,il,39.63,-90.22
woodstock,il,42.32,-88.45
woosung,il,41.90,-89.54
worden,il,38.94,-89.85
worth,il,41.69,-87.79
wrights,il,39.38,-90.29
wyanet,il,41.38,-89.57
wyoming,il,41.06,-89.78
xenia,il,38.67,-88.64
yale,il,39.13,-88.01
yates city,il,40.79,-90.03
yorkville,il,41.64,-88.44
zeigler,il,37.91,-89.06
zion,il,42.44,-87.84
advance,in,40.00,-86.62
akron,in,41.04,-86.04
alamo,in,39.98,-87.06
albany,in,40.29,-85.26
albion,in,41.35,-85.41
alexandria,in,40.26,-85.67
ambia,in,40.48,-87.48
amboy,in,40.61,-85.95
amo,in,39.69,-86.61
anderson,in,40.11,-85.73
andrews,in,40.86,-85.61
angola,in,41.66,-85.02
arcadia,in,40.18,-86.04
arcola,in,41.10,-85.29
argos,in,41.23,-86.25
arlington,in,39.65,-85.58
ashley,in,41.53,-85.05
athens,in,41.05,-86.13
atlanta,in,40.15,-85.93
attica,in,40.28,-87.22
atwood,in,41.26,-85.98
auburn,in,41.36,-85.05
aurora,in,39.07,-84.95
austin,in,38.75,-85.80
avilla,in,41.37,-85.24
avoca,in,38.91,-86.55
avon,in,39.76,-86.40
bainbridge,in,39.74,-86.77
bargersville,in,39.50,-86.18
batesville,in,39.30,-85.22
bath,in,39.50,-84.84
battle ground,in,40.52,-86.82
bedford,in,38.87,-86.49
beech grove,in,39.72,-86.09
bellmore,in,39.76,-87.11
bennington,in,38.88,-85.07
bentonville,in,39.75,-86.19
berne,in,40.66,-84.93
bethlehem,in,38.54,-85.42
beverly shores,in,41.69,-86.98
bicknell,in,38.77,-87.31
bippus,in,40.94,-85.62
birdseye,in,38.30,-86.71
blanford,in,39.66,-87.52
bloomfield,in,39.03,-86.87
bloomingdale,in,39.83,-87.26
bloomington,in,39.14,-86.51
bluffton,in,40.74,-85.16
boggstown,in,39.57,-85.92
boone grove,in,41.35,-87.13
boonville,in,38.05,-87.26
borden,in,38.44,-85.92
boston,in,39.74,-84.85
boswell,in,40.52,-87.38
bourbon,in,41.31,-86.12
bowling green,in,39.38,-87.01
bradford,in,38.37,-86.06
branchville,in,38.16,-86.59
brazil,in,39.52,-87.13
bremen,in,41.45,-86.19
bridgeton,in,39.65,-87.18
bringhurst,in,40.52,-86.52
bristol,in,41.72,-85.83
bristow,in,38.16,-86.72
brook,in,40.87,-87.35
brooklyn,in,39.54,-86.37
brookston,in,40.60,-86.88
brookville,in,39.42,-85.00
brownsburg,in,39.85,-86.39
brownstown,in,38.88,-86.05
brownsville,in,39.68,-84.99
bruceville,in,38.76,-87.43
bryant,in,40.54,-84.91
buck creek,in,40.49,-86.76
buckskin,in,38.22,-87.43
buffalo,in,40.88,-86.75
bunker hill,in,40.64,-86.10
burket,in,41.16,-85.97
burlington,in,40.48,-86.39
burnettsville,in,40.71,-86.57
burrows,in,40.68,-86.51
butler,in,41.43,-84.88
butlerville,in,39.12,-85.49
cambridge city,in,39.82,-85.17
camby,in,39.64,-86.31
camden,in,40.60,-86.52
campbellsburg,in,38.67,-86.24
canaan,in,38.87,-85.27
cannelburg,in,38.69,-86.97
cannelton,in,37.91,-86.73
carbon,in,39.57,-87.06
carlisle,in,38.98,-87.37
carmel,in,39.97,-86.12
carthage,in,39.75,-85.58
cayuga,in,39.93,-87.46
cedar grove,in,39.35,-84.89
cedar lake,in,41.38,-87.44
celestine,in,38.39,-86.76
centerpoint,in,39.39,-87.09
centerville,in,39.81,-85.00
central,in,38.09,-86.20
chalmers,in,40.67,-86.86
chandler,in,38.04,-87.38
charlestown,in,38.46,-85.66
charlottesville,in,39.81,-85.65
chesterton,in,41.60,-87.05
chrisney,in,38.01,-87.07
churubusco,in,41.23,-85.32
cicero,in,40.13,-86.02
clarks hill,in,40.26,-86.76
clarksburg,in,39.43,-85.35
clarksville,in,38.54,-85.52
clay city,in,39.27,-87.11
claypool,in,41.12,-85.87
clayton,in,39.67,-86.50
clear creek,in,39.11,-86.54
clifford,in,39.28,-85.87
clinton,in,39.66,-87.42
cloverdale,in,39.54,-86.81
coal city,in,39.26,-86.99
coalmont,in,39.19,-87.23
coatesville,in,39.69,-86.63
colfax,in,40.20,-86.66
columbia city,in,41.16,-85.47
columbus,in,39.21,-85.93
commiskey,in,38.85,-85.64
connersville,in,39.64,-85.15
converse,in,40.58,-85.88
cortland,in,38.99,-86.00
corunna,in,41.45,-85.14
cory,in,39.34,-87.20
corydon,in,38.22,-86.11
covington,in,40.13,-87.38
craigville,in,40.79,-85.09
crandall,in,38.29,-86.07
crane,in,38.85,-86.87
crawfordsville,in,40.03,-86.91
cromwell,in,41.38,-85.60
cross plains,in,38.95,-85.21
crothersville,in,38.81,-85.85
crown point,in,41.42,-87.36
culver,in,41.22,-86.41
cutler,in,40.48,-86.45
cynthiana,in,38.17,-87.71
dale,in,38.17,-87.01
daleville,in,40.13,-85.51
dana,in,39.75,-87.50
danville,in,39.76,-86.53
darlington,in,40.11,-86.76
dayton,in,40.37,-86.77
decatur,in,40.83,-84.93
decker,in,38.51,-87.55
deedsville,in,40.91,-86.10
delong,in,41.14,-86.42
delphi,in,40.57,-86.68
demotte,in,41.17,-87.25
denver,in,40.87,-86.08
depauw,in,38.34,-86.21
deputy,in,38.78,-85.63
derby,in,38.02,-86.58
dillsboro,in,39.00,-85.05
donaldson,in,41.36,-86.44
dublin,in,39.81,-85.21
dubois,in,38.47,-86.78
dugger,in,39.07,-87.26
dunkirk,in,40.39,-85.23
dunreith,in,39.80,-85.44
dupont,in,38.89,-85.51
dyer,in,41.49,-87.51
earl park,in,40.69,-87.42
east chicago,in,41.63,-87.46
east enterprise,in,38.87,-84.99
eaton,in,40.34,-85.35
eckerty,in,38.32,-86.61
economy,in,39.97,-85.09
edinburgh,in,39.36,-85.97
edwardsport,in,38.81,-87.25
elberfeld,in,38.21,-87.42
elizabeth,in,38.12,-85.96
elizabethtown,in,39.12,-85.82
elkhart,in,41.71,-85.97
ellettsville,in,39.25,-86.62
elnora,in,38.82,-87.07
elwood,in,40.28,-85.84
eminence,in,39.52,-86.64
english,in,38.33,-86.44
etna green,in,41.29,-86.03
evanston,in,38.02,-86.84
evansville,in,37.97,-87.57
fair oaks,in,41.07,-87.20
fairbanks,in,39.21,-87.52
fairland,in,39.63,-85.89
fairmount,in,40.42,-85.67
falmouth,in,39.74,-85.35
farmersburg,in,39.27,-87.50
farmland,in,40.19,-85.13
ferdinand,in,38.23,-86.86
fillmore,in,39.65,-86.75
finly,in,39.70,-85.82
fishers,in,39.96,-85.95
flat rock,in,39.41,-85.68
flora,in,40.54,-86.50
florence,in,38.82,-84.94
floyds knobs,in,38.35,-85.90
folsomville,in,38.13,-87.16
fontanet,in,39.58,-87.24
forest,in,40.38,-86.32
ft branch,in,38.25,-87.57
ft ritner,in,38.77,-86.28
ft wayne,in,41.07,-85.14
fortville,in,39.92,-85.82
fountain city,in,39.96,-84.91
fountaintown,in,39.68,-85.78
fowler,in,40.63,-87.31
fowlerton,in,40.41,-85.57
francesville,in,40.97,-86.86
francisco,in,38.33,-87.45
frankfort,in,40.29,-86.51
franklin,in,39.49,-86.06
frankton,in,40.23,-85.78
fredericksburg,in,38.48,-86.18
freedom,in,39.22,-86.85
freelandville,in,38.86,-87.31
freetown,in,39.00,-86.12
fremont,in,41.73,-84.95
french lick,in,38.53,-86.62
friendship,in,39.11,-85.22
fulda,in,38.11,-86.84
fulton,in,40.95,-86.26
galveston,in,40.59,-86.20
garrett,in,41.35,-85.13
gary,in,41.59,-87.35
gas city,in,40.49,-85.61
gaston,in,40.29,-85.49
geneva,in,40.61,-84.96
gentryville,in,38.09,-87.04
georgetown,in,38.30,-85.96
glenwood,in,39.61,-85.27
goldsmith,in,40.29,-86.15
goodland,in,40.77,-87.30
goshen,in,41.58,-85.84
gosport,in,39.34,-86.66
grabill,in,41.21,-84.94
grammer,in,39.16,-85.72
grandview,in,37.97,-86.96
granger,in,41.74,-86.14
grantsburg,in,38.29,-86.47
grass creek,in,41.02,-86.41
graysville,in,39.12,-87.56
greencastle,in,39.65,-86.87
greenfield,in,39.79,-85.81
greens fork,in,39.89,-85.05
greensboro,in,39.88,-85.47
greensburg,in,39.33,-85.47
greentown,in,40.48,-85.96
greenville,in,38.35,-86.01
greenwood,in,39.62,-86.15
griffin,in,38.21,-87.92
griffith,in,41.53,-87.42
grissom arb,in,40.66,-86.15
grovertown,in,41.32,-86.53
guilford,in,39.21,-84.96
gwynneville,in,39.66,-85.65
hagerstown,in,39.92,-85.16
hamilton,in,41.56,-84.90
hamlet,in,41.39,-86.53
hammond,in,41.61,-87.51
hanna,in,41.41,-86.78
hanover,in,38.71,-85.48
hardinsburg,in,38.46,-86.32
harlan,in,41.23,-84.84
harmony,in,39.54,-87.11
harrodsburg,in,39.01,-86.55
hartford city,in,40.45,-85.38
hartsville,in,39.27,-85.70
hatfield,in,37.90,-87.22
haubstadt,in,38.19,-87.58
hayden,in,38.98,-85.74
hazleton,in,38.46,-87.50
hebron,in,41.32,-87.21
helmsburg,in,39.27,-86.29
heltonville,in,38.95,-86.37
hemlock,in,40.42,-86.04
henryville,in,38.54,-85.77
highland,in,41.55,-87.46
hillsboro,in,40.08,-87.15
hillsdale,in,39.77,-87.40
hoagland,in,40.95,-85.01
hobart,in,41.53,-87.25
hobbs,in,40.28,-85.95
holland,in,38.24,-87.01
holton,in,39.05,-85.37
homer,in,39.58,-85.58
hope,in,39.26,-85.77
howe,in,41.73,-85.47
hudson,in,41.56,-85.14
huntertown,in,41.24,-85.17
huntingburg,in,38.30,-86.95
huntington,in,40.88,-85.51
huron,in,38.72,-86.67
hymera,in,39.19,-87.30
idaville,in,40.77,-86.66
indianapolis,in,39.94,-86.14
ingalls,in,40.00,-85.83
inglefield,in,38.11,-87.56
ireland,in,38.41,-87.00
jamestown,in,39.96,-86.62
jasonville,in,39.17,-87.20
jasper,in,38.40,-86.94
jeffersonville,in,38.31,-85.74
jonesboro,in,40.48,-85.64
jonesville,in,39.06,-85.89
judson,in,39.81,-87.13
kempton,in,40.28,-86.19
kendallville,in,41.45,-85.26
kennard,in,39.90,-85.52
kentland,in,40.79,-87.45
kewanna,in,41.01,-86.41
keystone,in,40.59,-85.28
kimmell,in,41.36,-85.52
kingman,in,39.99,-87.30
kingsbury,in,41.53,-86.70
kingsford heights,in,41.48,-86.69
kirklin,in,40.20,-86.33
knightstown,in,39.81,-85.53
knightsville,in,39.53,-87.11
knox,in,41.29,-86.61
kokomo,in,40.50,-86.15
koleen,in,38.97,-86.83
kouts,in,41.31,-87.02
kurtz,in,38.97,-86.13
la crosse,in,41.32,-86.87
la fontaine,in,40.69,-85.70
la porte,in,41.60,-86.71
laconia,in,38.05,-86.08
ladoga,in,39.91,-86.80
lafayette,in,40.42,-86.89
lagrange,in,41.65,-85.40
lagro,in,40.82,-85.72
lake cicott,in,40.76,-86.52
lake station,in,41.57,-87.26
lake village,in,41.14,-87.45
laketon,in,40.97,-85.84
lakeville,in,41.53,-86.27
lamar,in,38.05,-86.96
lanesville,in,38.24,-85.96
laotto,in,41.30,-85.19
lapaz,in,41.46,-86.31
lapel,in,40.09,-85.84
larwill,in,41.16,-85.61
laurel,in,39.49,-85.21
lawrenceburg,in,39.14,-84.87
leavenworth,in,38.19,-86.36
lebanon,in,40.04,-86.46
leesburg,in,41.33,-85.82
leiters ford,in,41.12,-86.39
leo,in,41.22,-85.03
leopold,in,38.10,-86.60
leroy,in,41.36,-87.27
lewis,in,39.27,-87.26
lewisville,in,39.83,-85.36
lexington,in,38.65,-85.66
liberty,in,39.61,-84.91
liberty center,in,40.70,-85.28
liberty mills,in,41.03,-85.74
ligonier,in,41.47,-85.59
lincoln city,in,38.13,-86.99
linden,in,40.18,-86.89
linton,in,39.05,-87.17
little york,in,38.70,-85.91
lizton,in,39.88,-86.54
logansport,in,40.76,-86.36
loogootee,in,38.66,-86.91
losantville,in,40.05,-85.21
lowell,in,41.28,-87.42
lucerne,in,40.86,-86.41
lynn,in,40.05,-84.93
lynnville,in,38.20,-87.29
lyons,in,38.97,-87.10
mackey,in,38.25,-87.39
macy,in,40.96,-86.13
madison,in,38.76,-85.41
manilla,in,39.58,-85.64
marengo,in,38.37,-86.36
mariah hill,in,38.15,-86.83
marion,in,40.57,-85.67
markle,in,40.84,-85.37
markleville,in,39.99,-85.62
marshall,in,39.91,-87.18
martinsville,in,39.45,-86.43
marysville,in,38.55,-85.63
matthews,in,40.39,-85.50
mauckport,in,38.04,-86.18
maxwell,in,39.86,-85.77
mays,in,39.74,-85.43
mc cordsville,in,39.90,-85.91
mecca,in,39.73,-87.33
medaryville,in,41.09,-86.88
medora,in,38.83,-86.19
mellott,in,40.17,-87.15
memphis,in,38.46,-85.78
mentone,in,41.16,-86.03
merom,in,39.03,-87.54
merrillville,in,41.50,-87.35
metamora,in,39.43,-85.15
mexico,in,40.82,-86.12
miami,in,40.61,-86.11
michigan city,in,41.70,-86.87
michigantown,in,40.31,-86.38
middlebury,in,41.68,-85.71
middletown,in,40.05,-85.54
midland,in,39.12,-87.19
milan,in,39.15,-85.13
milford,in,41.40,-85.86
mill creek,in,41.56,-86.55
millersburg,in,41.53,-85.71
millhousen,in,39.21,-85.43
milltown,in,38.34,-86.30
milroy,in,39.50,-85.50
milton,in,39.78,-85.14
mishawaka,in,41.65,-86.16
mitchell,in,38.74,-86.48
modoc,in,40.06,-85.09
mongo,in,41.68,-85.28
monon,in,40.86,-86.86
monroe,in,40.70,-84.84
monroe city,in,38.60,-87.36
monroeville,in,40.99,-84.89
monrovia,in,39.57,-86.49
monterey,in,41.14,-86.52
montezuma,in,39.80,-87.36
montgomery,in,38.65,-87.05
monticello,in,40.76,-86.75
montmorenci,in,40.47,-87.03
montpelier,in,40.56,-85.25
mooreland,in,39.99,-85.26
moores hill,in,39.09,-85.06
mooresville,in,39.59,-86.36
morgantown,in,39.36,-86.28
morocco,in,40.96,-87.42
morris,in,39.28,-85.18
morristown,in,39.67,-85.69
mt ayr,in,40.95,-87.30
mt st francis,in,38.36,-85.94
mt summit,in,40.00,-85.38
mt vernon,in,37.95,-87.86
mulberry,in,40.34,-86.66
muncie,in,40.17,-85.38
munster,in,41.55,-87.50
nabb,in,38.61,-85.52
napoleon,in,39.20,-85.33
nappanee,in,41.45,-85.99
nashville,in,39.24,-86.22
needham,in,39.48,-86.00
new albany,in,38.31,-85.82
new carlisle,in,41.71,-86.48
new castle,in,39.92,-85.37
new goshen,in,39.58,-87.46
new harmony,in,38.12,-87.92
new haven,in,41.07,-85.01
new lebanon,in,39.10,-87.41
new lisbon,in,39.86,-85.26
new market,in,39.95,-86.92
new middletown,in,38.14,-86.06
new palestine,in,39.72,-85.91
new paris,in,41.49,-85.83
new point,in,39.31,-85.33
new richmond,in,40.18,-86.98
new ross,in,39.99,-86.75
new salisbury,in,38.34,-86.09
new trenton,in,39.31,-84.90
new washington,in,38.56,-85.46
new waverly,in,40.76,-86.19
newberry,in,38.92,-87.01
newburgh,in,37.94,-87.41
newport,in,39.88,-87.41
newtown,in,40.20,-87.15
nineveh,in,39.37,-86.10
noblesville,in,40.06,-86.02
norman,in,38.93,-86.21
north judson,in,41.22,-86.70
north liberty,in,41.54,-86.41
north manchester,in,41.00,-85.78
north salem,in,39.87,-86.64
north vernon,in,39.00,-85.63
north webster,in,41.31,-85.71
notre dame,in,41.70,-86.24
oakford,in,40.42,-86.10
oakland city,in,38.34,-87.35
oaktown,in,38.86,-87.39
oakville,in,40.08,-85.39
odon,in,38.82,-86.98
oldenburg,in,39.36,-85.22
onward,in,40.69,-86.19
oolitic,in,38.89,-86.52
ora,in,41.17,-86.55
orestes,in,40.27,-85.73
orland,in,41.73,-85.15
orleans,in,38.65,-86.45
osceola,in,41.67,-86.08
osgood,in,39.16,-85.29
ossian,in,40.88,-85.16
otisco,in,38.54,-85.66
otterbein,in,40.52,-87.12
otwell,in,38.47,-87.10
owensburg,in,38.95,-86.74
owensville,in,38.27,-87.71
oxford,in,40.52,-87.25
palmyra,in,38.41,-86.09
paoli,in,38.55,-86.45
paragon,in,39.40,-86.58
paris crossing,in,38.86,-85.75
parker city,in,40.19,-85.20
patoka,in,38.41,-87.60
patricksburg,in,39.32,-86.96
patriot,in,38.85,-84.85
paxton,in,39.02,-87.39
pekin,in,38.49,-86.02
pendleton,in,39.98,-85.79
pennville,in,40.51,-85.15
perrysville,in,40.07,-87.46
pershing,in,39.81,-85.16
peru,in,40.75,-86.07
petersburg,in,38.48,-87.29
petroleum,in,40.61,-85.15
pierceton,in,41.21,-85.71
pierceville,in,39.13,-85.18
pimento,in,39.29,-87.38
pine village,in,40.43,-87.23
pittsboro,in,39.86,-86.46
plainfield,in,39.72,-86.40
plainville,in,38.79,-87.16
pleasant lake,in,41.58,-85.02
pleasant mills,in,40.78,-84.84
plymouth,in,41.33,-86.32
poland,in,39.45,-86.96
poneto,in,40.64,-85.26
portage,in,41.57,-87.18
portland,in,40.43,-84.99
poseyville,in,38.17,-87.80
prairie creek,in,39.27,-87.50
prairieton,in,39.37,-87.47
preble,in,40.83,-85.01
princeton,in,38.35,-87.57
putnamville,in,39.57,-86.87
quincy,in,39.44,-86.80
ragsdale,in,38.75,-87.33
ramsey,in,38.34,-86.13
redkey,in,40.33,-85.16
reelsville,in,39.55,-86.95
remington,in,40.77,-87.16
rensselaer,in,40.95,-87.13
reynolds,in,40.76,-86.87
richland,in,37.91,-87.20
richmond,in,39.83,-84.89
ridgeville,in,40.28,-85.04
riley,in,39.39,-87.30
rising sun,in,38.96,-84.88
roachdale,in,39.83,-86.79
roann,in,40.91,-85.89
roanoke,in,40.96,-85.35
rochester,in,41.07,-86.23
rockfield,in,40.64,-86.57
rockport,in,37.89,-87.08
rockville,in,39.77,-87.20
rolling prairie,in,41.72,-86.58
rome,in,37.94,-86.60
rome city,in,41.48,-85.37
romney,in,40.26,-86.90
rosedale,in,39.62,-87.31
roselawn,in,41.14,-87.31
rossville,in,40.41,-86.61
royal center,in,40.86,-86.51
rushville,in,39.62,-85.43
russellville,in,39.84,-86.97
russiaville,in,40.42,-86.27
st anthony,in,38.33,-86.82
st bernice,in,39.71,-87.52
st croix,in,38.24,-86.60
st joe,in,41.32,-84.90
st john,in,41.45,-87.48
st mary of the woods,in,39.51,-87.47
st meinrad,in,38.18,-86.84
st paul,in,39.43,-85.60
salamonia,in,40.36,-84.86
salem,in,38.61,-86.08
san pierre,in,41.21,-86.87
sandborn,in,38.88,-87.20
santa claus,in,38.09,-86.90
saratoga,in,40.26,-84.95
schererville,in,41.49,-87.46
schneider,in,41.19,-87.45
schnellville,in,38.34,-86.76
scipio,in,39.07,-85.71
scotland,in,38.91,-86.90
scottsburg,in,38.69,-85.80
sedalia,in,40.42,-86.51
seelyville,in,39.49,-87.27
sellersburg,in,38.39,-85.76
selma,in,40.17,-85.27
servia,in,40.96,-85.74
seymour,in,38.96,-85.88
sharpsville,in,40.37,-86.11
shelburn,in,39.21,-87.36
shelby,in,41.20,-87.35
shelbyville,in,39.50,-85.79
shepardsville,in,39.60,-87.42
sheridan,in,40.11,-86.24
shipshewana,in,41.66,-85.59
shirley,in,39.92,-85.52
shoals,in,38.68,-86.78
silver lake,in,41.07,-85.88
smithville,in,39.07,-86.51
solsberry,in,39.12,-86.74
somerset,in,40.67,-85.83
somerville,in,38.28,-87.38
south bend,in,41.67,-86.25
south milford,in,41.53,-85.27
south whitley,in,41.07,-85.61
speedway,in,39.80,-86.26
spencer,in,39.29,-86.78
spencerville,in,41.27,-84.94
spiceland,in,39.83,-85.45
springport,in,40.01,-85.37
springville,in,38.95,-86.61
spurgeon,in,38.25,-87.26
stanford,in,39.09,-86.67
star city,in,40.96,-86.54
state line,in,40.20,-87.53
staunton,in,39.49,-87.19
stendal,in,38.28,-87.12
stilesville,in,39.64,-86.62
stinesville,in,39.30,-86.65
stockwell,in,40.29,-86.77
straughn,in,39.83,-85.27
stroh,in,41.58,-85.20
sullivan,in,39.10,-87.41
sulphur,in,38.23,-86.49
sulphur springs,in,40.01,-85.44
sumava resorts,in,41.17,-87.44
summitville,in,40.34,-85.64
sunman,in,39.26,-85.12
swayzee,in,40.51,-85.83
sweetser,in,40.57,-85.77
switz city,in,39.04,-87.05
syracuse,in,41.41,-85.72
talbot,in,40.62,-87.32
taswell,in,38.35,-86.54
taylorsville,in,39.30,-85.95
tefft,in,41.20,-86.97
tell city,in,37.97,-86.75
templeton,in,40.51,-87.21
tennyson,in,38.12,-87.14
terre haute,in,39.47,-87.41
thayer,in,41.17,-87.33
thorntown,in,40.11,-86.59
tippecanoe,in,41.22,-86.11
tipton,in,40.28,-86.04
topeka,in,41.56,-85.53
trafalgar,in,39.37,-86.18
troy,in,38.00,-86.80
tunnelton,in,38.77,-86.34
twelve mile,in,40.85,-86.21
tyner,in,41.41,-86.40
underwood,in,38.59,-85.77
union city,in,40.20,-84.83
union mills,in,41.46,-86.84
uniondale,in,40.87,-85.27
unionville,in,39.25,-86.42
universal,in,39.62,-87.45
upland,in,40.45,-85.50
urbana,in,40.90,-85.75
vallonia,in,38.82,-86.07
valparaiso,in,41.48,-87.08
van buren,in,40.63,-85.48
veedersburg,in,40.12,-87.26
velpen,in,38.37,-87.10
vernon,in,38.97,-85.60
versailles,in,39.05,-85.22
vevay,in,38.77,-85.09
vincennes,in,38.67,-87.51
wabash,in,40.79,-85.83
wadesville,in,38.08,-87.75
wakarusa,in,41.54,-86.02
waldron,in,39.47,-85.66
walkerton,in,41.45,-86.45
wallace,in,39.99,-87.15
walton,in,40.68,-86.28
wanatah,in,41.38,-86.88
warren,in,40.69,-85.42
warsaw,in,41.24,-85.85
washington,in,38.65,-87.17
waterloo,in,41.44,-85.02
waveland,in,39.90,-87.02
wawaka,in,41.48,-85.48
waynetown,in,40.09,-87.05
webster,in,39.91,-84.94
west baden springs,in,38.59,-86.61
west college corner,in,39.57,-84.82
west harrison,in,39.27,-84.88
west lafayette,in,40.44,-86.92
west lebanon,in,40.24,-87.44
west middleton,in,40.44,-86.22
west newton,in,39.65,-86.28
west terre haute,in,39.49,-87.47
westfield,in,40.05,-86.15
westphalia,in,38.86,-87.23
westpoint,in,40.36,-87.06
westport,in,39.17,-85.59
westville,in,41.54,-86.90
wheatfield,in,41.18,-87.07
wheatland,in,38.67,-87.31
wheeler,in,41.51,-87.18
whiteland,in,39.56,-86.09
whitestown,in,40.00,-86.35
whiting,in,41.68,-87.50
wilkinson,in,39.90,-85.61
williams,in,38.77,-86.63
williamsburg,in,39.96,-85.00
williamsport,in,40.31,-87.28
winamac,in,41.06,-86.63
winchester,in,40.17,-85.00
windfall,in,40.37,-85.95
wingate,in,40.17,-87.07
winona lake,in,41.21,-85.83
winslow,in,38.36,-87.22
wolcott,in,40.75,-87.03
wolcottville,in,41.56,-85.31
wolflake,in,41.33,-85.50
woodburn,in,41.14,-84.89
worthington,in,39.12,-87.00
wyatt,in,41.53,-86.17
yeoman,in,40.67,-86.72
yoder,in,40.94,-85.20
yorktown,in,40.18,-85.50
young america,in,40.57,-86.35
zanesville,in,40.92,-85.28
zionsville,in,39.96,-86.28
abbyville,ks,37.96,-98.21
abilene,ks,38.94,-97.21
admire,ks,38.64,-96.10
agenda,ks,39.70,-97.43
agra,ks,39.80,-99.13
albert,ks,38.48,-98.98
alden,ks,38.23,-98.31
alexander,ks,38.46,-99.54
allen,ks,38.64,-96.25
alma,ks,39.01,-96.29
almena,ks,39.89,-99.70
alta vista,ks,38.86,-96.48
altamont,ks,37.19,-95.30
alton,ks,39.45,-98.95
altoona,ks,37.52,-95.65
americus,ks,38.51,-96.26
andale,ks,37.78,-97.64
andover,ks,37.70,-97.12
anthony,ks,37.15,-98.03
arcadia,ks,37.63,-94.65
argonia,ks,37.28,-97.76
arkansas city,ks,37.07,-97.04
arlington,ks,37.86,-98.16
arma,ks,37.54,-94.70
arnold,ks,38.61,-100.01
ashland,ks,37.18,-99.76
assaria,ks,38.67,-97.62
atchison,ks,39.56,-95.13
athol,ks,39.77,-98.91
atlanta,ks,37.43,-96.77
attica,ks,37.25,-98.23
atwood,ks,39.79,-101.03
auburn,ks,38.92,-95.82
augusta,ks,37.68,-96.96
aurora,ks,39.45,-97.53
axtell,ks,39.87,-96.27
baileyville,ks,39.88,-96.18
baldwin city,ks,38.80,-95.23
barnard,ks,39.18,-98.07
barnes,ks,39.68,-96.87
bartlett,ks,37.06,-95.21
basehor,ks,39.13,-94.96
baxter springs,ks,37.03,-94.74
bazine,ks,38.46,-99.70
beattie,ks,39.90,-96.43
beaumont,ks,37.61,-96.64
beeler,ks,38.48,-100.17
belle plaine,ks,37.41,-97.29
belleville,ks,39.82,-97.63
beloit,ks,39.45,-98.11
belpre,ks,37.93,-99.09
belvue,ks,39.23,-96.19
bendena,ks,39.72,-95.18
benedict,ks,37.65,-95.62
bennington,ks,39.02,-97.60
bentley,ks,37.88,-97.52
benton,ks,37.79,-97.10
bern,ks,39.96,-95.96
berryton,ks,38.94,-95.58
beverly,ks,38.98,-97.98
bird city,ks,39.76,-101.53
bison,ks,38.52,-99.20
blue mound,ks,38.09,-95.01
blue rapids,ks,39.67,-96.64
bluff city,ks,37.08,-97.88
bogue,ks,39.38,-99.68
bonner springs,ks,39.07,-94.89
bremen,ks,39.88,-96.75
brewster,ks,39.37,-101.37
bronson,ks,37.92,-95.03
brookville,ks,38.79,-97.86
brownell,ks,38.62,-99.73
bucklin,ks,37.55,-99.63
bucyrus,ks,38.69,-94.74
buffalo,ks,37.70,-95.70
buhler,ks,38.13,-97.77
bunker hill,ks,38.84,-98.68
burden,ks,37.32,-96.76
burdett,ks,38.21,-99.53
burdick,ks,38.57,-96.84
burlingame,ks,38.76,-95.84
burlington,ks,38.20,-95.74
burns,ks,38.12,-96.86
burr oak,ks,39.89,-98.35
burrton,ks,38.03,-97.67
bushton,ks,38.50,-98.40
byers,ks,37.78,-98.90
caldwell,ks,37.05,-97.62
cambridge,ks,37.36,-96.66
caney,ks,37.02,-95.91
canton,ks,38.39,-97.43
carbondale,ks,38.82,-95.69
cassoday,ks,38.03,-96.67
catharine,ks,38.96,-99.22
cawker city,ks,39.51,-98.43
cedar,ks,39.66,-98.94
cedar point,ks,38.28,-96.78
cedar vale,ks,37.13,-96.47
centerville,ks,38.21,-94.99
centralia,ks,39.74,-96.15
chanute,ks,37.67,-95.46
chapman,ks,38.97,-97.02
chase,ks,38.36,-98.36
chautauqua,ks,37.02,-96.18
cheney,ks,37.64,-97.77
cherokee,ks,37.37,-94.84
cherryvale,ks,37.27,-95.56
chetopa,ks,37.04,-95.08
cimarron,ks,37.81,-100.34
circleville,ks,39.52,-95.85
claflin,ks,38.54,-98.54
clay center,ks,39.38,-97.13
clayton,ks,39.70,-100.06
clearview city,ks,38.98,-94.97
clearwater,ks,37.51,-97.51
clifton,ks,39.62,-97.26
clyde,ks,39.58,-97.41
coats,ks,37.51,-98.85
coffeyville,ks,37.04,-95.63
colby,ks,39.38,-101.04
coldwater,ks,37.25,-99.31
collyer,ks,38.97,-100.07
colony,ks,38.08,-95.33
columbus,ks,37.17,-94.85
colwich,ks,37.78,-97.54
concordia,ks,39.56,-97.66
conway springs,ks,37.39,-97.63
coolidge,ks,38.04,-102.01
copeland,ks,37.57,-100.61
corning,ks,39.66,-96.08
cottonwood falls,ks,38.36,-96.54
council grove,ks,38.67,-96.50
courtland,ks,39.79,-97.89
crestline,ks,37.16,-94.68
cuba,ks,39.80,-97.45
cummings,ks,39.48,-95.29
cunningham,ks,37.67,-98.39
damar,ks,39.32,-99.58
danville,ks,37.27,-97.87
de soto,ks,38.96,-94.96
dearing,ks,37.06,-95.71
deerfield,ks,38.01,-101.14
delia,ks,39.27,-95.96
delphos,ks,39.27,-97.77
denison,ks,39.42,-95.63
dennis,ks,37.32,-95.41
denton,ks,39.72,-95.27
derby,ks,37.55,-97.25
dexter,ks,37.16,-96.69
dighton,ks,38.47,-100.46
dodge city,ks,37.76,-100.02
dorrance,ks,38.83,-98.57
douglass,ks,37.52,-96.99
dover,ks,39.02,-95.90
downs,ks,39.50,-98.54
dresden,ks,39.61,-100.41
durham,ks,38.50,-97.26
dwight,ks,38.84,-96.58
easton,ks,39.36,-95.05
edgerton,ks,38.78,-95.01
edna,ks,37.06,-95.34
edson,ks,39.36,-101.52
edwardsville,ks,39.06,-94.83
effingham,ks,39.50,-95.42
el dorado,ks,37.82,-96.85
elbing,ks,38.05,-97.11
elk city,ks,37.31,-95.91
elk falls,ks,37.37,-96.20
elkhart,ks,37.02,-101.90
ellinwood,ks,38.36,-98.58
ellis,ks,38.95,-99.53
ellsworth,ks,38.73,-98.21
elmdale,ks,38.38,-96.67
elsmore,ks,37.80,-95.15
elwood,ks,39.76,-94.87
emmett,ks,39.30,-96.06
emporia,ks,38.42,-96.19
englewood,ks,37.07,-99.99
ensign,ks,37.64,-100.25
enterprise,ks,38.91,-97.11
erie,ks,37.60,-95.25
esbon,ks,39.76,-98.45
eskridge,ks,38.85,-96.10
eudora,ks,38.93,-95.10
eureka,ks,37.83,-96.30
everest,ks,39.69,-95.41
fairview,ks,39.84,-95.71
fall river,ks,37.62,-96.04
falun,ks,38.66,-97.76
farlington,ks,37.62,-94.85
florence,ks,38.24,-96.93
fontana,ks,38.41,-94.87
ford,ks,37.63,-99.76
formoso,ks,39.78,-97.99
ft dodge,ks,37.71,-99.95
ft leavenworth,ks,39.35,-94.93
ft riley,ks,39.06,-96.79
ft scott,ks,37.83,-94.70
fostoria,ks,39.39,-96.41
fowler,ks,37.35,-100.20
frankfort,ks,39.72,-96.43
franklin,ks,37.53,-94.71
fredonia,ks,37.53,-95.82
freeport,ks,37.19,-97.86
frontenac,ks,37.46,-94.69
fulton,ks,37.99,-94.74
galena,ks,37.06,-94.66
galesburg,ks,37.47,-95.31
galva,ks,38.38,-97.54
garden city,ks,37.98,-100.86
garden plain,ks,37.68,-97.66
gardner,ks,38.81,-94.92
garfield,ks,38.06,-99.24
garland,ks,37.72,-94.67
garnett,ks,38.29,-95.26
gas,ks,37.92,-95.35
gaylord,ks,39.66,-98.80
gem,ks,39.43,-100.89
geneseo,ks,38.50,-98.19
geuda springs,ks,37.08,-97.18
girard,ks,37.51,-94.86
glade,ks,39.67,-99.30
glasco,ks,39.36,-97.84
glen elder,ks,39.50,-98.32
goddard,ks,37.66,-97.54
goessel,ks,38.23,-97.34
goff,ks,39.67,-95.96
goodland,ks,39.35,-101.72
gorham,ks,38.87,-99.01
gove,ks,38.89,-100.49
grainfield,ks,39.10,-100.47
grantville,ks,39.10,-95.54
great bend,ks,38.37,-98.78
greeley,ks,38.35,-95.12
green,ks,39.42,-97.00
greenleaf,ks,39.71,-96.98
greensburg,ks,37.61,-99.30
greenwich,ks,37.78,-97.20
grenola,ks,37.37,-96.44
gridley,ks,38.10,-95.89
grinnell,ks,39.09,-100.66
gypsum,ks,38.70,-97.43
haddam,ks,39.85,-97.31
halstead,ks,38.01,-97.51
hamilton,ks,37.98,-96.17
hanover,ks,39.89,-96.87
hanston,ks,38.11,-99.69
hardtner,ks,37.03,-98.65
harper,ks,37.29,-98.02
hartford,ks,38.28,-96.00
harveyville,ks,38.86,-96.00
havana,ks,37.09,-95.94
haven,ks,37.87,-97.78
havensville,ks,39.49,-96.08
haviland,ks,37.61,-99.13
hays,ks,38.88,-99.32
haysville,ks,37.56,-97.36
hazelton,ks,37.10,-98.40
healy,ks,38.57,-100.62
hepler,ks,37.66,-94.99
herington,ks,38.70,-97.02
herndon,ks,39.90,-100.81
hesston,ks,38.14,-97.45
hiawatha,ks,39.87,-95.53
highland,ks,39.86,-95.26
hill city,ks,39.36,-99.84
hillsboro,ks,38.34,-97.21
hillsdale,ks,38.68,-94.86
hoisington,ks,38.53,-98.79
holcomb,ks,37.99,-100.99
hollenberg,ks,39.96,-96.97
holton,ks,39.44,-95.75
holyrood,ks,38.59,-98.42
home,ks,39.85,-96.53
hope,ks,38.68,-97.11
horton,ks,39.68,-95.53
howard,ks,37.48,-96.26
hoxie,ks,39.33,-100.48
hoyt,ks,39.26,-95.69
hudson,ks,38.15,-98.64
hugoton,ks,37.17,-101.33
humboldt,ks,37.80,-95.42
hunter,ks,39.24,-98.40
hutchinson,ks,38.05,-97.93
independence,ks,37.23,-95.72
ingalls,ks,37.83,-100.51
inman,ks,38.22,-97.80
iola,ks,37.93,-95.40
isabel,ks,37.45,-98.54
iuka,ks,37.74,-98.74
jamestown,ks,39.60,-97.86
jennings,ks,39.68,-100.28
jetmore,ks,38.07,-99.93
jewell,ks,39.67,-98.13
johnson,ks,37.57,-101.72
junction city,ks,39.03,-96.84
kanopolis,ks,38.71,-98.16
kanorado,ks,39.34,-102.00
kansas city,ks,39.12,-94.63
kechi,ks,37.80,-97.28
kendall,ks,37.96,-101.60
kensington,ks,39.77,-99.03
kincaid,ks,38.09,-95.15
kingman,ks,37.64,-98.11
kinsley,ks,37.92,-99.41
kiowa,ks,37.02,-98.49
kirwin,ks,39.67,-99.12
kismet,ks,37.13,-100.75
la crosse,ks,38.53,-99.31
la harpe,ks,37.92,-95.32
lacygne,ks,38.34,-94.76
lake city,ks,37.36,-98.81
lakin,ks,37.94,-101.27
lamont,ks,38.14,-96.14
lancaster,ks,39.59,-95.31
lane,ks,38.44,-95.10
lansing,ks,39.25,-94.90
larned,ks,38.18,-99.11
latham,ks,37.53,-96.68
lawrence,ks,38.96,-95.24
le roy,ks,38.09,-95.62
leavenworth,ks,39.30,-94.93
leawood,ks,38.96,-94.62
lebanon,ks,39.81,-98.56
lebo,ks,38.42,-95.82
lecompton,ks,39.00,-95.40
lehigh,ks,38.38,-97.30
lenexa,ks,38.96,-94.74
lenora,ks,39.61,-100.00
leon,ks,37.68,-96.75
leonardville,ks,39.37,-96.83
leoti,ks,38.50,-101.36
levant,ks,39.38,-101.21
lewis,ks,37.91,-99.25
liberal,ks,37.04,-100.93
liberty,ks,37.16,-95.60
liebenthal,ks,38.65,-99.28
lincoln,ks,39.03,-98.14
lincolnville,ks,38.48,-96.96
lindsborg,ks,38.58,-97.67
linn,ks,39.68,-97.09
linwood,ks,39.02,-94.99
little river,ks,38.41,-98.01
logan,ks,39.66,-99.57
long island,ks,39.95,-99.54
longford,ks,39.17,-97.21
longton,ks,37.39,-96.08
lorraine,ks,38.57,-98.29
lost springs,ks,38.57,-96.98
louisburg,ks,38.61,-94.68
lucas,ks,39.06,-98.54
ludell,ks,39.86,-100.96
luray,ks,39.10,-98.69
lyndon,ks,38.64,-95.68
lyons,ks,38.33,-98.18
macksville,ks,37.94,-98.95
madison,ks,38.13,-96.12
mahaska,ks,39.98,-97.35
maize,ks,37.77,-97.47
manhattan,ks,39.19,-96.59
mankato,ks,39.78,-98.22
manter,ks,37.55,-101.91
maple city,ks,37.07,-96.78
maple hill,ks,39.07,-96.02
mapleton,ks,38.02,-94.87
marienthal,ks,38.48,-101.20
marion,ks,38.36,-97.02
marquette,ks,38.56,-97.84
marysville,ks,39.84,-96.64
matfield green,ks,38.14,-96.55
mayetta,ks,39.35,-95.69
mayfield,ks,37.25,-97.54
mc cracken,ks,38.60,-99.55
mc cune,ks,37.35,-95.04
mc donald,ks,39.79,-101.32
mc farland,ks,39.02,-96.29
mc louth,ks,39.17,-95.22
mcconnell afb,ks,37.62,-97.25
mcpherson,ks,38.37,-97.65
meade,ks,37.28,-100.34
medicine lodge,ks,37.28,-98.58
melvern,ks,38.50,-95.63
meriden,ks,39.20,-95.55
milan,ks,37.26,-97.65
milford,ks,39.17,-96.91
milton,ks,37.44,-97.76
miltonvale,ks,39.35,-97.46
minneapolis,ks,39.13,-97.67
minneola,ks,37.42,-99.96
mission,ks,39.02,-94.67
moline,ks,37.36,-96.31
montezuma,ks,37.60,-100.45
monument,ks,39.08,-101.03
moran,ks,37.93,-95.16
morganville,ks,39.51,-97.25
morland,ks,39.32,-100.07
morrill,ks,39.94,-95.71
morrowville,ks,39.86,-97.18
moscow,ks,37.32,-101.24
mound city,ks,38.16,-94.82
mound valley,ks,37.21,-95.42
moundridge,ks,38.21,-97.51
mt hope,ks,37.87,-97.66
mulberry,ks,37.54,-94.68
mullinville,ks,37.57,-99.46
mulvane,ks,37.48,-97.23
munden,ks,39.93,-97.54
murdock,ks,37.61,-97.95
muscotah,ks,39.59,-95.50
narka,ks,39.96,-97.42
nashville,ks,37.43,-98.42
natoma,ks,39.20,-98.98
neal,ks,37.83,-96.08
nekoma,ks,38.44,-99.42
neodesha,ks,37.43,-95.68
neosho falls,ks,37.97,-95.55
neosho rapids,ks,38.39,-96.02
ness city,ks,38.44,-99.90
netawaka,ks,39.61,-95.73
new albany,ks,37.54,-95.91
new cambria,ks,38.90,-97.52
new century,ks,38.85,-94.93
newton,ks,38.05,-97.34
nickerson,ks,38.14,-98.07
niotaze,ks,37.05,-96.02
norcatur,ks,39.84,-100.20
north newton,ks,38.13,-97.33
norton,ks,39.84,-99.89
nortonville,ks,39.41,-95.32
norway,ks,39.70,-97.81
norwich,ks,37.45,-97.87
oakley,ks,39.11,-100.86
oberlin,ks,39.83,-100.53
offerle,ks,37.88,-99.55
ogallah,ks,38.93,-99.68
ogden,ks,39.12,-96.70
oketo,ks,39.96,-96.62
olathe,ks,38.88,-94.82
olmitz,ks,38.57,-98.93
olpe,ks,38.26,-96.19
olsburg,ks,39.41,-96.60
onaga,ks,39.47,-96.18
oneida,ks,39.87,-95.96
opolis,ks,37.34,-94.62
osage city,ks,38.63,-95.83
osawatomie,ks,38.49,-94.96
osborne,ks,39.42,-98.70
oskaloosa,ks,39.22,-95.31
oswego,ks,37.18,-95.13
otis,ks,38.51,-99.07
ottawa,ks,38.61,-95.27
overbrook,ks,38.79,-95.56
overland park,ks,38.99,-94.67
oxford,ks,37.27,-97.18
ozawkie,ks,39.21,-95.44
palco,ks,39.25,-99.56
palmer,ks,39.62,-97.11
paola,ks,38.57,-94.89
paradise,ks,39.08,-98.92
park,ks,39.08,-100.35
parker,ks,38.33,-94.99
parsons,ks,37.34,-95.27
partridge,ks,37.97,-98.08
pawnee rock,ks,38.28,-98.98
paxico,ks,39.08,-96.18
peabody,ks,38.17,-97.12
peck,ks,37.47,-97.31
penokee,ks,39.39,-99.92
perry,ks,39.09,-95.37
peru,ks,37.06,-96.14
pfeifer,ks,38.73,-99.14
phillipsburg,ks,39.76,-99.33
piedmont,ks,37.64,-96.37
pierceville,ks,37.91,-100.71
piqua,ks,37.87,-95.59
pittsburg,ks,37.41,-94.70
plains,ks,37.27,-100.57
plainville,ks,39.23,-99.30
pleasanton,ks,38.18,-94.71
plevna,ks,37.97,-98.30
pomona,ks,38.62,-95.45
portis,ks,39.55,-98.69
potter,ks,39.43,-95.14
potwin,ks,37.97,-97.00
powhattan,ks,39.72,-95.68
prairie view,ks,39.84,-99.57
prairie village,ks,39.00,-94.63
pratt,ks,37.65,-98.73
prescott,ks,38.07,-94.70
pretty prairie,ks,37.78,-97.99
princeton,ks,38.48,-95.28
protection,ks,37.20,-99.48
quenemo,ks,38.58,-95.54
quinter,ks,39.04,-100.23
ramona,ks,38.58,-97.08
randall,ks,39.63,-98.07
randolph,ks,39.49,-96.78
ransom,ks,38.64,-99.93
rantoul,ks,38.57,-95.12
raymond,ks,38.29,-98.41
reading,ks,38.53,-95.99
redfield,ks,37.86,-94.83
republic,ks,39.94,-97.84
rexford,ks,39.46,-100.75
richfield,ks,37.28,-101.70
richmond,ks,38.41,-95.25
riley,ks,39.12,-96.81
riverton,ks,37.10,-94.68
robinson,ks,39.81,-95.39
rock,ks,37.43,-96.94
rolla,ks,37.11,-101.64
rosalia,ks,37.80,-96.65
rose hill,ks,37.58,-97.12
rossville,ks,39.15,-95.96
roxbury,ks,38.47,-97.43
rozel,ks,38.21,-99.40
rush center,ks,38.45,-99.31
russell,ks,38.88,-98.86
sabetha,ks,39.90,-95.81
st francis,ks,39.77,-101.81
st george,ks,39.21,-96.43
st john,ks,38.03,-98.76
st marys,ks,39.20,-96.07
st paul,ks,37.52,-95.17
salina,ks,38.82,-97.61
satanta,ks,37.44,-100.97
savonburg,ks,37.75,-95.15
sawyer,ks,37.51,-98.66
scammon,ks,37.27,-94.85
scandia,ks,39.79,-97.78
schoenchen,ks,38.75,-99.39
scott city,ks,38.48,-100.90
scranton,ks,38.79,-95.75
sedan,ks,37.13,-96.17
sedgwick,ks,37.87,-97.40
selden,ks,39.52,-100.53
seneca,ks,39.84,-96.06
severy,ks,37.65,-96.23
sharon,ks,37.25,-98.41
sharon springs,ks,38.89,-101.74
shawnee,ks,39.02,-94.71
shawnee mission,ks,38.96,-94.78
silver lake,ks,39.11,-95.86
simpson,ks,39.37,-97.95
smith center,ks,39.80,-98.78
soldier,ks,39.50,-95.97
solomon,ks,38.92,-97.35
south haven,ks,37.05,-97.40
south hutchinson,ks,38.01,-97.91
spearville,ks,37.82,-99.74
spivey,ks,37.44,-98.18
spring hill,ks,38.76,-94.82
stafford,ks,37.96,-98.59
stark,ks,37.68,-95.14
sterling,ks,38.21,-98.21
stilwell,ks,38.79,-94.66
stockton,ks,39.44,-99.29
strong city,ks,38.41,-96.52
sublette,ks,37.52,-100.82
summerfield,ks,39.98,-96.33
sun city,ks,37.39,-98.90
sycamore,ks,37.33,-95.72
sylvan grove,ks,39.03,-98.37
sylvia,ks,37.96,-98.41
syracuse,ks,37.98,-101.77
talmage,ks,39.01,-97.30
tampa,ks,38.55,-97.18
tecumseh,ks,39.02,-95.54
tescott,ks,39.00,-97.83
thayer,ks,37.45,-95.47
tipton,ks,39.34,-98.46
tonganoxie,ks,39.10,-95.11
topeka,ks,39.05,-95.67
toronto,ks,37.80,-95.94
towanda,ks,37.80,-96.99
treece,ks,37.04,-94.87
tribune,ks,38.50,-101.77
troy,ks,39.78,-95.07
turon,ks,37.81,-98.42
tyro,ks,37.04,-95.82
udall,ks,37.39,-97.11
ulysses,ks,37.58,-101.35
uniontown,ks,37.81,-94.98
utica,ks,38.64,-100.14
valley center,ks,37.86,-97.26
valley falls,ks,39.35,-95.47
vassar,ks,38.67,-95.58
vermillion,ks,39.71,-96.28
victoria,ks,38.86,-99.14
viola,ks,37.57,-97.63
virgil,ks,37.90,-96.03
wakarusa,ks,38.90,-95.70
wakeeney,ks,39.01,-99.88
wakefield,ks,39.22,-97.02
waldo,ks,39.09,-98.78
waldron,ks,37.07,-98.23
walker,ks,38.87,-99.08
wallace,ks,38.87,-101.57
walnut,ks,37.60,-95.05
walton,ks,38.12,-97.24
wamego,ks,39.21,-96.32
washington,ks,39.82,-97.05
waterville,ks,39.70,-96.75
wathena,ks,39.76,-94.93
waverly,ks,38.38,-95.60
webber,ks,39.92,-98.00
weir,ks,37.30,-94.74
welda,ks,38.17,-95.31
wellington,ks,37.28,-97.39
wellsville,ks,38.71,-95.09
weskan,ks,38.86,-101.95
west mineral,ks,37.28,-94.92
westmoreland,ks,39.42,-96.41
westphalia,ks,38.17,-95.47
wetmore,ks,39.64,-95.82
white city,ks,38.79,-96.76
white cloud,ks,39.96,-95.30
whitewater,ks,37.96,-97.13
whiting,ks,39.60,-95.62
wichita,ks,37.69,-97.34
williamsburg,ks,38.49,-95.42
wilmore,ks,37.33,-99.18
wilsey,ks,38.63,-96.67
wilson,ks,38.81,-98.44
winchester,ks,39.32,-95.27
windom,ks,38.38,-97.90
winfield,ks,37.24,-96.98
winona,ks,39.06,-101.22
woodbine,ks,38.81,-96.96
woodston,ks,39.44,-99.10
wright,ks,37.77,-99.92
yates center,ks,37.88,-95.73
yoder,ks,37.94,-97.87
zenda,ks,37.44,-98.29
aberdeen,ky,37.25,-86.68
adairville,ky,36.69,-86.86
adams,ky,37.99,-82.70
adolphus,ky,36.68,-86.26
ages brookside,ky,36.84,-83.24
albany,ky,36.69,-85.14
alexandria,ky,38.94,-84.39
allen,ky,37.57,-82.64
allensville,ky,36.69,-87.02
almo,ky,36.71,-88.31
alpha,ky,36.78,-85.09
alvaton,ky,36.86,-86.36
annville,ky,37.31,-83.96
argillite,ky,38.43,-82.81
arjay,ky,36.83,-83.64
arlington,ky,36.80,-88.94
artemus,ky,36.84,-83.83
ary,ky,37.35,-83.14
ashcamp,ky,37.26,-82.46
asher,ky,37.04,-83.40
ashland,ky,38.44,-82.70
athol,ky,37.55,-83.56
auburn,ky,36.88,-86.72
augusta,ky,38.76,-84.00
austin,ky,36.81,-85.99
auxier,ky,37.72,-82.77
avawam,ky,37.22,-83.28
bagdad,ky,38.26,-85.07
bandana,ky,37.15,-88.95
banner,ky,37.58,-82.70
barbourville,ky,36.86,-83.90
bardstown,ky,37.81,-85.46
bardwell,ky,36.86,-89.02
barlow,ky,37.05,-89.04
baskett,ky,37.87,-87.46
battletown,ky,38.04,-86.30
baxter,ky,36.87,-83.31
bays,ky,37.65,-83.25
bear branch,ky,37.21,-83.49
beattyville,ky,37.58,-83.70
beaumont,ky,36.89,-85.65
beauty,ky,37.84,-82.44
beaver,ky,37.37,-82.68
beaver dam,ky,37.39,-86.87
bedford,ky,38.59,-85.31
bee spring,ky,37.30,-86.28
beech creek,ky,37.18,-87.12
beech grove,ky,37.62,-87.40
beechmont,ky,37.18,-87.04
belcher,ky,37.31,-82.40
belfry,ky,37.64,-82.26
bellevue,ky,39.10,-84.48
belton,ky,37.15,-86.98
benham,ky,36.96,-82.91
benton,ky,36.88,-88.35
berea,ky,37.58,-84.27
berry,ky,38.52,-84.36
bethany,ky,37.65,-83.47
bethelridge,ky,37.22,-84.78
bethlehem,ky,38.40,-85.06
betsy layne,ky,37.53,-82.70
beverly,ky,36.94,-83.56
bevinsville,ky,37.34,-82.71
big clifty,ky,37.53,-86.14
big creek,ky,37.14,-83.63
big laurel,ky,37.00,-83.16
bighill,ky,37.55,-84.21
bimble,ky,36.89,-83.83
blackey,ky,37.13,-82.94
blackford,ky,37.45,-87.93
blaine,ky,38.03,-82.85
bledsoe,ky,36.91,-83.35
bloomfield,ky,37.91,-85.29
blue river,ky,37.65,-82.83
boaz,ky,36.93,-88.62
bonnieville,ky,37.37,-85.90
bonnyman,ky,37.31,-83.23
booneville,ky,37.48,-83.66
boons camp,ky,37.82,-82.67
boston,ky,37.76,-85.62
bowling green,ky,37.01,-86.46
bradfordsville,ky,37.47,-85.14
brandenburg,ky,37.97,-86.11
breeding,ky,36.98,-85.41
bremen,ky,37.34,-87.23
brodhead,ky,37.38,-84.43
bronston,ky,36.95,-84.63
brooks,ky,38.05,-85.77
brooksville,ky,38.66,-84.08
browder,ky,37.26,-86.98
brownsville,ky,37.19,-86.27
bryants store,ky,36.78,-83.93
bryantsville,ky,37.71,-84.65
buckhorn,ky,37.30,-83.49
buckner,ky,38.36,-85.47
buffalo,ky,37.48,-85.64
bulan,ky,37.33,-83.16
burdine,ky,37.19,-82.60
burgin,ky,37.75,-84.77
burkesville,ky,36.81,-85.40
burlington,ky,39.03,-84.74
burna,ky,37.23,-88.39
burnside,ky,36.96,-84.57
bush,ky,37.07,-83.98
busy,ky,37.26,-83.30
butler,ky,38.80,-84.34
bypro,ky,37.30,-82.70
cadiz,ky,36.85,-87.84
calhoun,ky,37.57,-87.28
california,ky,38.90,-84.31
calvert city,ky,37.01,-88.38
calvin,ky,36.71,-83.74
campbellsburg,ky,38.52,-85.16
campbellsville,ky,37.35,-85.35
campton,ky,37.75,-83.52
canada,ky,37.64,-82.35
cane valley,ky,37.18,-85.32
caneyville,ky,37.42,-86.47
canmer,ky,37.27,-85.72
cannel city,ky,37.79,-83.27
cannon,ky,36.95,-83.84
carlisle,ky,38.32,-84.03
carrie,ky,37.30,-83.04
carrollton,ky,38.67,-85.17
carter,ky,38.46,-83.19
catlettsburg,ky,38.38,-82.63
cave city,ky,37.12,-85.94
cawood,ky,36.75,-83.27
cecilia,ky,37.66,-86.01
center,ky,37.10,-85.67
centertown,ky,37.41,-87.01
central city,ky,37.30,-87.12
cerulean,ky,36.95,-87.66
chaplin,ky,37.90,-85.20
chappell,ky,37.01,-83.35
chavies,ky,37.36,-83.33
clarkson,ky,37.43,-86.16
clay,ky,37.48,-87.84
clay city,ky,37.86,-83.93
clayhole,ky,37.47,-83.28
clearfield,ky,38.14,-83.33
cleaton,ky,37.25,-87.09
clermont,ky,37.93,-85.65
clifty,ky,37.00,-87.15
clinton,ky,36.67,-88.97
closplint,ky,36.89,-83.10
cloverport,ky,37.82,-86.60
coalgood,ky,36.79,-83.24
coldiron,ky,36.88,-83.41
columbia,ky,37.12,-85.27
columbus,ky,36.76,-89.10
combs,ky,37.29,-83.20
corbin,ky,36.93,-84.10
corinth,ky,38.53,-84.58
cornettsville,ky,37.12,-83.04
corydon,ky,37.74,-87.70
covington,ky,39.07,-84.52
coxs creek,ky,37.90,-85.48
crab orchard,ky,37.45,-84.49
cranks,ky,36.76,-83.20
crayne,ky,37.27,-88.08
crestwood,ky,38.33,-85.46
crittenden,ky,38.77,-84.60
crockett,ky,37.99,-83.09
crofton,ky,37.03,-87.49
cromona,ky,37.19,-82.70
cromwell,ky,37.34,-86.77
cub run,ky,37.31,-86.08
cumberland,ky,36.97,-82.98
cunningham,ky,36.90,-88.87
curdsville,ky,37.73,-87.33
custer,ky,37.74,-86.27
cynthiana,ky,38.40,-84.29
dana,ky,37.55,-82.67
danville,ky,37.65,-84.77
david,ky,37.60,-82.89
dawson springs,ky,37.20,-87.68
dayhoit,ky,36.86,-83.39
dayton,ky,39.11,-84.47
de mossville,ky,38.75,-84.47
deane,ky,37.23,-82.80
debord,ky,37.79,-82.59
delphia,ky,37.02,-83.10
dema,ky,37.42,-82.85
denniston,ky,37.92,-83.51
denton,ky,38.30,-82.83
dewitt,ky,36.87,-83.73
dexter,ky,36.70,-88.18
dice,ky,37.38,-83.21
dixon,ky,37.51,-87.70
dorton,ky,37.28,-82.58
dover,ky,38.69,-83.87
drake,ky,36.84,-86.41
drakesboro,ky,37.21,-87.05
drift,ky,37.48,-82.75
dry ridge,ky,38.70,-84.62
dubre,ky,36.89,-85.57
dunbar,ky,37.19,-86.76
dundee,ky,37.55,-86.76
dunmor,ky,37.08,-87.01
dunnville,ky,37.18,-84.93
dwale,ky,37.62,-82.72
dwarf,ky,37.34,-83.13
dycusburg,ky,37.16,-88.18
earlington,ky,37.27,-87.52
east bernstadt,ky,37.19,-84.15
east point,ky,37.71,-82.83
eastern,ky,37.53,-82.83
eastview,ky,37.61,-86.12
eastwood,ky,38.23,-85.46
eddyville,ky,37.07,-88.05
edmonton,ky,36.99,-85.59
eighty eight,ky,36.94,-85.83
ekron,ky,37.91,-86.15
elizabethtown,ky,37.71,-85.86
elizaville,ky,38.42,-83.83
elk horn,ky,37.34,-85.19
elkfork,ky,37.94,-83.08
elkhorn city,ky,37.30,-82.35
elkton,ky,36.91,-87.17
elliottville,ky,38.18,-83.28
emerson,ky,38.37,-83.26
eminence,ky,38.37,-85.18
emlyn,ky,36.70,-84.14
emmalena,ky,37.32,-83.07
eolia,ky,37.06,-82.77
eriline,ky,37.19,-83.59
erlanger,ky,39.01,-84.60
ermine,ky,37.17,-82.82
essie,ky,37.06,-83.45
etoile,ky,36.81,-85.92
eubank,ky,37.25,-84.61
evarts,ky,36.86,-83.18
ewing,ky,38.42,-83.87
ezel,ky,37.90,-83.39
fairdale,ky,38.11,-85.75
fairfield,ky,37.93,-85.38
fairview,ky,36.84,-87.30
falcon,ky,37.79,-83.00
fall rock,ky,37.22,-83.79
falls of rough,ky,37.57,-86.51
falmouth,ky,38.66,-84.35
fancy farm,ky,36.78,-88.79
farmers,ky,38.14,-83.55
farmington,ky,36.69,-88.55
fedscreek,ky,37.36,-82.26
ferguson,ky,37.07,-84.60
finchville,ky,38.16,-85.35
fisherville,ky,38.17,-85.43
fisty,ky,37.36,-83.11
flat lick,ky,36.83,-83.77
flatgap,ky,37.94,-82.88
flatwoods,ky,38.52,-82.72
flemingsburg,ky,38.43,-83.71
florence,ky,39.00,-84.63
fords branch,ky,37.43,-82.51
fordsville,ky,37.63,-86.73
forest hills,ky,37.64,-82.30
ft campbell,ky,36.65,-87.46
ft knox,ky,37.89,-85.95
ft thomas,ky,39.08,-84.45
foster,ky,38.75,-84.16
fountain run,ky,36.72,-85.95
fourmile,ky,36.79,-83.74
frakes,ky,36.64,-83.90
frankfort,ky,38.19,-84.88
franklin,ky,36.73,-86.57
fredonia,ky,37.21,-88.01
freeburn,ky,37.55,-82.14
frenchburg,ky,37.95,-83.64
ft mitchell,ky,39.03,-84.57
fulton,ky,36.53,-88.89
gamaliel,ky,36.65,-85.81
gapville,ky,37.63,-82.96
garfield,ky,37.81,-86.32
garner,ky,37.38,-82.89
garrard,ky,37.12,-83.75
garrett,ky,37.49,-82.85
garrison,ky,38.59,-83.20
gays creek,ky,37.35,-83.46
georgetown,ky,38.21,-84.56
germantown,ky,38.71,-83.96
ghent,ky,38.72,-85.06
gilbertsville,ky,36.96,-88.27
girdler,ky,36.97,-83.85
glasgow,ky,36.99,-85.92
glencoe,ky,38.72,-84.81
glendale,ky,37.60,-85.89
glens fork,ky,37.02,-85.24
glenview,ky,38.31,-85.65
goose rock,ky,37.09,-83.69
gordon,ky,36.99,-83.07
goshen,ky,38.41,-85.57
gracey,ky,36.86,-87.65
gradyville,ky,37.05,-85.43
graham,ky,37.23,-87.26
grahn,ky,38.28,-83.08
grand rivers,ky,37.06,-88.26
gravel switch,ky,37.58,-85.08
gray,ky,36.95,-83.98
gray hawk,ky,37.40,-83.94
grays knob,ky,36.81,-83.32
grayson,ky,38.33,-82.97
green road,ky,37.00,-83.90
greensburg,ky,37.24,-85.52
greenup,ky,38.55,-82.87
greenville,ky,37.21,-87.18
grethel,ky,37.46,-82.74
gulston,ky,36.77,-83.33
gunlock,ky,37.55,-82.94
guston,ky,37.90,-86.22
guthrie,ky,36.66,-87.17
hagerhill,ky,37.80,-82.81
hallie,ky,37.07,-83.02
hampton,ky,37.33,-88.36
hanson,ky,37.44,-87.48
happy,ky,37.20,-83.08
hardburly,ky,37.30,-83.12
hardin,ky,36.78,-88.26
hardinsburg,ky,37.77,-86.42
hardy,ky,37.60,-82.26
hardyville,ky,37.22,-85.75
harlan,ky,36.85,-83.32
harned,ky,37.74,-86.38
harold,ky,37.50,-82.62
harrods creek,ky,38.33,-85.63
harrodsburg,ky,37.77,-84.85
hartford,ky,37.48,-86.92
hawesville,ky,37.85,-86.76
hazard,ky,37.25,-83.20
hazel,ky,36.54,-88.33
hazel green,ky,37.78,-83.40
hebron,ky,39.08,-84.70
heidelberg,ky,37.56,-83.78
heidrick,ky,36.89,-83.87
hellier,ky,37.29,-82.47
helton,ky,36.84,-83.32
henderson,ky,37.84,-87.59
herndon,ky,36.71,-87.61
hestand,ky,36.65,-85.57
hi hat,ky,37.39,-82.73
hickman,ky,36.56,-89.19
hickory,ky,36.85,-88.68
hillsboro,ky,38.29,-83.67
hillview,ky,38.07,-85.69
hima,ky,37.12,-83.78
hindman,ky,37.33,-82.95
hinkle,ky,36.88,-83.78
hiseville,ky,37.10,-85.81
hitchins,ky,38.25,-82.92
hodgenville,ky,37.57,-85.72
holland,ky,36.67,-86.05
holmes mill,ky,36.88,-82.99
hope,ky,38.02,-83.77
hopkinsville,ky,36.86,-87.49
horse branch,ky,37.42,-86.70
horse cave,ky,37.18,-85.88
hoskinston,ky,37.08,-83.39
huddy,ky,37.57,-82.25
hudson,ky,37.65,-86.30
hueysville,ky,37.51,-82.84
hulen,ky,36.77,-83.56
hustonville,ky,37.46,-84.85
hyden,ky,37.15,-83.42
independence,ky,38.94,-84.55
inez,ky,37.87,-82.52
ingram,ky,36.73,-83.80
irvine,ky,37.71,-84.00
irvington,ky,37.88,-86.30
island,ky,37.45,-87.17
island city,ky,37.39,-83.72
isom,ky,37.20,-82.91
isonville,ky,38.05,-83.05
ivel,ky,37.56,-82.64
jackhorn,ky,37.17,-82.69
jackson,ky,37.56,-83.40
jamestown,ky,36.97,-85.10
jeff,ky,37.20,-83.14
jeffersonville,ky,37.96,-83.86
jenkins,ky,37.19,-82.63
jeremiah,ky,37.17,-82.93
jetson,ky,37.24,-86.52
jonancy,ky,37.32,-82.58
jonesville,ky,38.65,-84.76
junction city,ky,37.58,-84.80
keaton,ky,37.97,-82.96
keavy,ky,37.02,-84.14
keene,ky,37.94,-84.65
kenton,ky,38.87,-84.46
kenvir,ky,36.78,-83.16
kettle island,ky,36.81,-83.59
kevil,ky,37.09,-88.88
kimper,ky,37.47,-82.32
kings mountain,ky,37.38,-84.71
kirksey,ky,36.67,-88.42
kite,ky,37.27,-82.78
knifley,ky,37.23,-85.11
knob lick,ky,37.00,-85.71
krypton,ky,37.32,-83.31
kuttawa,ky,37.06,-88.15
la center,ky,37.08,-88.97
la fayette,ky,36.66,-87.66
la grange,ky,38.40,-85.39
lackey,ky,37.46,-82.80
lancaster,ky,37.66,-84.60
langley,ky,37.54,-82.80
latonia,ky,39.02,-84.50
lawrenceburg,ky,38.02,-84.93
lebanon,ky,37.57,-85.27
lebanon junction,ky,37.85,-85.72
leburn,ky,37.38,-82.96
ledbetter,ky,37.05,-88.49
leitchfield,ky,37.49,-86.30
lejunior,ky,36.92,-83.19
letcher,ky,37.16,-82.98
lewisburg,ky,37.00,-86.99
lewisport,ky,37.91,-86.90
lexington,ky,38.02,-84.49
liberty,ky,37.31,-84.97
lick creek,ky,37.35,-82.33
lily,ky,37.00,-84.08
linefork,ky,37.05,-82.92
littcarr,ky,37.27,-82.97
livermore,ky,37.50,-87.12
livingston,ky,37.31,-84.23
lockport,ky,38.42,-84.96
london,ky,37.10,-84.10
lone,ky,37.53,-83.60
lookout,ky,37.31,-82.47
loretto,ky,37.64,-85.41
lost creek,ky,37.48,-83.33
louisa,ky,38.09,-82.62
louisville,ky,38.24,-85.76
lovelaceville,ky,36.97,-88.83
lovely,ky,37.79,-82.36
lowes,ky,36.89,-88.77
lowmansville,ky,37.92,-82.73
loyall,ky,36.85,-83.35
lucas,ky,36.84,-86.04
lynch,ky,37.00,-82.92
lynnville,ky,36.56,-88.57
maceo,ky,37.84,-87.00
mackville,ky,37.72,-85.09
madisonville,ky,37.33,-87.50
magnolia,ky,37.42,-85.73
majestic,ky,37.53,-82.10
mallie,ky,37.33,-82.87
malone,ky,37.87,-83.26
mammoth cave,ky,37.27,-86.18
manchester,ky,37.14,-83.77
manitou,ky,37.41,-87.56
mannsville,ky,37.37,-85.20
maple mt,ky,37.69,-87.32
marion,ky,37.33,-88.10
marrowbone,ky,36.83,-85.51
marshes siding,ky,36.74,-84.48
martha,ky,38.02,-82.96
martin,ky,37.56,-82.75
mary alice,ky,36.71,-83.42
mason,ky,38.58,-84.59
masonic home,ky,38.26,-85.66
mayfield,ky,36.73,-88.65
mayking,ky,37.13,-82.77
mayslick,ky,38.53,-83.87
maysville,ky,38.62,-83.76
mazie,ky,38.03,-82.97
mc andrews,ky,37.54,-82.26
mc carr,ky,37.60,-82.17
mc daniels,ky,37.60,-86.40
mc dowell,ky,37.43,-82.75
mc henry,ky,37.38,-86.92
mc kee,ky,37.43,-84.01
mc kinney,ky,37.47,-84.75
mc quady,ky,37.73,-86.54
mc roberts,ky,37.21,-82.67
meally,ky,37.80,-82.74
means,ky,37.93,-83.73
melber,ky,36.92,-88.75
melbourne,ky,39.01,-84.35
melvin,ky,37.35,-82.69
middleburg,ky,37.36,-84.83
middlesboro,ky,36.62,-83.72
midway,ky,38.15,-84.69
milburn,ky,36.80,-88.90
milford,ky,38.58,-84.16
millersburg,ky,38.30,-84.15
millstone,ky,37.15,-82.75
millwood,ky,37.46,-86.38
milton,ky,38.69,-85.37
minerva,ky,38.71,-83.92
minnie,ky,37.47,-82.75
miracle,ky,36.76,-83.58
mistletoe,ky,37.33,-83.59
mitchellsburg,ky,37.60,-84.95
mize,ky,37.87,-83.35
monticello,ky,36.84,-84.84
moorefield,ky,38.29,-83.89
morehead,ky,38.20,-83.44
morganfield,ky,37.66,-87.88
morgantown,ky,37.19,-86.70
morning view,ky,38.84,-84.51
mortons gap,ky,37.24,-87.48
mt eden,ky,38.04,-85.16
mt hermon,ky,36.81,-85.82
mt olivet,ky,38.52,-84.05
mt sherman,ky,37.45,-85.63
mt sterling,ky,38.05,-83.94
mt vernon,ky,37.34,-84.35
mt washington,ky,38.05,-85.56
mousie,ky,37.43,-82.90
mouthcard,ky,37.33,-82.31
mozelle,ky,37.00,-83.41
muldraugh,ky,37.94,-85.99
munfordville,ky,37.29,-85.92
murray,ky,36.61,-88.30
muses mills,ky,38.35,-83.53
myra,ky,37.29,-82.60
nancy,ky,37.06,-84.77
nazareth,ky,37.85,-85.47
nebo,ky,37.37,-87.69
neon,ky,37.21,-82.70
nerinx,ky,37.66,-85.40
nevisdale,ky,36.66,-84.11
new castle,ky,38.44,-85.18
new concord,ky,36.55,-88.10
new haven,ky,37.67,-85.56
new hope,ky,37.63,-85.51
new liberty,ky,38.62,-84.90
newport,ky,39.08,-84.49
nicholasville,ky,37.88,-84.57
north middletown,ky,38.15,-84.11
nortonville,ky,37.18,-87.46
oak grove,ky,36.67,-87.43
oakland,ky,37.01,-86.29
oil springs,ky,37.83,-82.93
olaton,ky,37.50,-86.73
olive hill,ky,38.34,-83.17
olmstead,ky,36.78,-86.98
olympia,ky,38.06,-83.76
oneida,ky,37.27,-83.66
ophir,ky,37.91,-83.01
orlando,ky,37.37,-84.25
owensboro,ky,37.75,-87.16
owenton,ky,38.50,-84.81
owingsville,ky,38.15,-83.76
paducah,ky,37.06,-88.66
paint lick,ky,37.61,-84.43
paintsville,ky,37.82,-82.81
paris,ky,38.21,-84.24
park city,ky,37.06,-86.08
parkers lake,ky,36.83,-84.44
parksville,ky,37.58,-84.93
partridge,ky,37.01,-82.88
pathfork,ky,36.75,-83.46
payneville,ky,38.03,-86.41
pellville,ky,37.75,-86.81
pembroke,ky,36.80,-87.33
pendleton,ky,38.48,-85.32
perry park,ky,38.55,-85.00
perryville,ky,37.64,-84.97
petersburg,ky,39.04,-84.84
pewee valley,ky,38.30,-85.48
phelps,ky,37.50,-82.16
philpot,ky,37.72,-86.94
phyllis,ky,37.42,-82.27
pikeville,ky,37.51,-82.52
pilgrim,ky,37.76,-82.45
pine knot,ky,36.66,-84.41
pine ridge,ky,37.77,-83.63
pine top,ky,37.31,-82.83
pineville,ky,36.75,-83.70
pinsonfork,ky,37.57,-82.20
pippa passes,ky,37.36,-82.83
pittsburg,ky,37.16,-84.10
pleasureville,ky,38.36,-85.09
plummers landing,ky,38.32,-83.56
poole,ky,37.64,-87.64
port royal,ky,38.56,-85.08
powderly,ky,37.24,-87.16
premium,ky,37.07,-82.96
preston,ky,38.09,-83.75
prestonsburg,ky,37.65,-82.79
primrose,ky,37.60,-83.61
princeton,ky,37.12,-87.86
printer,ky,37.51,-82.71
prospect,ky,38.36,-85.61
providence,ky,37.40,-87.75
putney,ky,36.93,-83.26
quincy,ky,38.63,-83.11
raccoon,ky,37.52,-82.43
radcliff,ky,37.84,-85.95
ransom,ky,37.57,-82.19
raven,ky,37.40,-82.83
ravenna,ky,37.69,-83.94
raywick,ky,37.54,-85.43
redfox,ky,37.25,-82.87
reed,ky,37.86,-87.37
regina,ky,37.36,-82.37
renfro valley,ky,37.39,-84.33
revelo,ky,36.67,-84.47
reynolds station,ky,37.70,-86.78
rhodelia,ky,37.97,-86.30
ricetown,ky,37.41,-83.62
richmond,ky,37.75,-84.30
rineyville,ky,37.75,-86.00
river,ky,37.88,-82.67
roark,ky,37.02,-83.51
robards,ky,37.68,-87.53
robinson creek,ky,37.33,-82.57
rochester,ky,37.20,-86.86
rockfield,ky,36.94,-86.59
rockholds,ky,36.82,-84.10
rockhouse,ky,37.33,-82.45
rockport,ky,37.33,-86.97
rocky hill,ky,37.07,-86.11
rogers,ky,37.74,-83.66
rosine,ky,37.45,-86.74
roundhill,ky,37.26,-86.41
rousseau,ky,37.63,-83.21
rowdy,ky,37.41,-83.20
roxana,ky,37.09,-83.03
royalton,ky,37.65,-82.99
rumsey,ky,37.51,-87.28
rush,ky,38.31,-82.75
russell,ky,38.52,-82.72
russell springs,ky,37.06,-85.04
russellville,ky,36.85,-86.89
sacramento,ky,37.42,-87.27
sadieville,ky,38.39,-84.54
st catharine,ky,37.70,-85.27
st charles,ky,37.18,-87.55
st francis,ky,37.63,-85.46
st helens,ky,37.58,-83.65
st mary,ky,37.58,-85.35
salem,ky,37.26,-88.27
salt lick,ky,38.10,-83.63
salvisa,ky,37.92,-84.88
salyersville,ky,37.76,-83.06
sanders,ky,38.66,-84.97
sandgap,ky,37.49,-84.06
sandy hook,ky,38.13,-83.13
sassafras,ky,37.23,-83.03
saul,ky,37.27,-83.50
scalf,ky,36.92,-83.73
science hill,ky,37.17,-84.65
scottsville,ky,36.76,-86.19
scuddy,ky,37.21,-83.09
sebree,ky,37.59,-87.53
seco,ky,37.18,-82.74
sedalia,ky,36.59,-88.59
sextons creek,ky,37.27,-83.80
sharon grove,ky,36.93,-87.10
sharpsburg,ky,38.21,-83.89
shelbiana,ky,37.38,-82.46
shelby gap,ky,37.23,-82.58
shelbyville,ky,38.22,-85.22
shepherdsville,ky,38.00,-85.69
sidney,ky,37.58,-82.34
siler,ky,36.72,-83.96
silver grove,ky,39.03,-84.39
simpsonville,ky,38.23,-85.35
sitka,ky,37.89,-82.84
sizerock,ky,37.16,-83.37
slade,ky,37.79,-83.68
slaughters,ky,37.51,-87.51
slemp,ky,37.08,-83.12
smilax,ky,37.17,-83.28
smith mills,ky,37.80,-87.76
smithfield,ky,38.39,-85.27
smithland,ky,37.12,-88.38
smiths grove,ky,37.06,-86.19
soldier,ky,38.26,-83.30
somerset,ky,37.07,-84.60
sonora,ky,37.52,-85.92
south carrollton,ky,37.34,-87.14
south portsmouth,ky,38.71,-83.02
south shore,ky,38.71,-82.95
south union,ky,36.88,-86.66
south williamson,ky,37.67,-82.29
sparta,ky,38.73,-84.88
spottsville,ky,37.84,-87.42
springfield,ky,37.70,-85.24
staffordsville,ky,37.84,-82.86
stambaugh,ky,37.84,-82.77
stamping ground,ky,38.29,-84.68
stanford,ky,37.52,-84.69
stanley,ky,37.82,-87.24
stanton,ky,37.84,-83.83
stanville,ky,37.58,-82.67
stearns,ky,36.71,-84.52
steele,ky,37.40,-82.21
stephensport,ky,37.90,-86.52
stinnett,ky,37.09,-83.39
stone,ky,37.56,-82.29
stoney fork,ky,36.89,-83.54
stopover,ky,37.53,-82.07
strunk,ky,36.62,-84.43
sturgis,ky,37.55,-88.00
sullivan,ky,37.50,-87.95
sulphur,ky,38.49,-85.25
summer shade,ky,36.89,-85.71
summersville,ky,37.34,-85.62
sweeden,ky,37.25,-86.30
symsonia,ky,36.87,-88.53
tateville,ky,36.97,-84.44
taylorsville,ky,38.05,-85.38
teaberry,ky,37.42,-82.64
thelma,ky,37.80,-82.78
thornton,ky,37.13,-82.74
thousandsticks,ky,37.19,-83.43
tiline,ky,37.16,-88.25
tollesboro,ky,38.57,-83.56
tolu,ky,37.43,-88.25
tomahawk,ky,37.88,-82.60
tompkinsville,ky,36.71,-85.70
topmost,ky,37.35,-82.78
totz,ky,36.97,-83.20
tram,ky,37.57,-82.65
trenton,ky,36.73,-87.26
trosper,ky,36.78,-83.83
turners station,ky,38.55,-85.13
tutor key,ky,37.86,-82.74
tyner,ky,37.34,-83.87
ulysses,ky,37.95,-82.67
union,ky,38.94,-84.73
union star,ky,37.96,-86.46
uniontown,ky,37.77,-87.93
upton,ky,37.46,-85.91
utica,ky,37.62,-87.06
van lear,ky,37.69,-82.70
vanceburg,ky,38.55,-83.36
vancleve,ky,37.65,-83.38
varney,ky,37.70,-82.35
verona,ky,38.84,-84.69
versailles,ky,38.04,-84.73
vest,ky,37.41,-83.06
vicco,ky,37.19,-83.10
vincent,ky,37.44,-83.78
vine grove,ky,37.86,-86.01
viper,ky,37.15,-83.16
virgie,ky,37.31,-82.65
waco,ky,37.77,-84.12
waddy,ky,38.11,-85.13
walker,ky,36.89,-83.66
wallingford,ky,38.34,-83.56
wallins creek,ky,36.82,-83.42
walton,ky,38.89,-84.63
waneta,ky,37.47,-84.04
warbranch,ky,36.96,-83.45
warfield,ky,37.86,-82.43
warsaw,ky,38.78,-84.85
washington,ky,38.62,-83.81
water valley,ky,36.57,-88.81
waverly,ky,37.74,-87.81
wayland,ky,37.44,-82.80
waynesburg,ky,37.35,-84.67
webbville,ky,38.16,-82.79
webster,ky,37.92,-86.40
weeksbury,ky,37.33,-82.69
welchs creek,ky,37.31,-86.64
wellington,ky,37.97,-83.47
wendover,ky,37.13,-83.35
west liberty,ky,37.95,-83.28
west louisville,ky,37.70,-87.29
west paducah,ky,37.09,-88.76
west point,ky,38.00,-85.95
west somerset,ky,37.09,-84.65
west van lear,ky,37.79,-82.77
westport,ky,38.49,-85.45
westview,ky,37.68,-86.43
wheatcroft,ky,37.49,-87.86
wheelwright,ky,37.33,-82.72
whick,ky,37.41,-83.37
white mills,ky,37.54,-86.04
white plains,ky,37.18,-87.36
whitesburg,ky,37.12,-82.84
whitesville,ky,37.68,-86.87
whitley city,ky,36.74,-84.47
wickliffe,ky,36.97,-89.02
wildie,ky,37.42,-84.30
willard,ky,38.21,-82.90
williamsburg,ky,36.74,-84.14
williamsport,ky,37.81,-82.71
williamstown,ky,38.63,-84.57
willisburg,ky,37.84,-85.14
wilmore,ky,37.86,-84.66
winchester,ky,37.99,-84.18
windsor,ky,37.13,-84.91
wingo,ky,36.63,-88.74
winston,ky,37.71,-84.08
wittensville,ky,37.87,-82.81
woodbine,ky,36.92,-84.08
woodburn,ky,36.86,-86.56
woodbury,ky,37.18,-86.63
woollum,ky,37.01,-83.85
wooton,ky,37.19,-83.29
worthington,ky,38.55,-82.74
worthville,ky,38.62,-85.07
wrigley,ky,38.02,-83.27
yeaddiss,ky,37.04,-83.23
yerkes,ky,37.28,-83.30
yosemite,ky,37.31,-84.81
zoe,ky,37.67,-83.67
abbeville,la,29.96,-92.14
abita springs,la,30.48,-90.00
acme,la,31.30,-91.82
addis,la,30.36,-91.26
aimwell,la,31.76,-91.99
akers,la,30.29,-90.40
albany,la,30.51,-90.60
alexandria,la,31.29,-92.46
ama,la,29.94,-90.29
amelia,la,29.66,-91.11
amite,la,30.72,-90.57
anacoco,la,31.22,-93.36
angie,la,30.92,-89.86
angola,la,30.97,-91.60
arabi,la,29.96,-90.00
arcadia,la,32.56,-92.92
archibald,la,32.35,-91.78
arnaudville,la,30.40,-91.93
ashland,la,32.14,-93.10
athens,la,32.65,-93.02
atlanta,la,31.87,-92.76
avery island,la,29.90,-91.91
baker,la,30.59,-91.17
baldwin,la,29.85,-91.55
ball,la,31.40,-92.41
barataria,la,29.72,-90.13
barksdale afb,la,32.51,-93.64
basile,la,30.50,-92.57
baskin,la,32.29,-91.71
bastrop,la,32.79,-91.91
batchelor,la,30.80,-91.67
baton rouge,la,30.45,-91.19
belcher,la,32.75,-93.85
bell city,la,30.11,-92.94
belle chasse,la,29.83,-90.00
belle rose,la,30.03,-91.04
belmont,la,31.71,-93.50
bentley,la,31.47,-92.49
benton,la,32.70,-93.69
bernice,la,32.82,-92.63
berwick,la,29.70,-91.21
bethany,la,32.37,-94.00
bienville,la,32.25,-92.91
blanchard,la,32.58,-93.89
bogalusa,la,30.77,-89.87
bonita,la,32.91,-91.68
boothville,la,29.32,-89.39
bordelonville,la,31.11,-91.91
bossier city,la,32.54,-93.70
bourg,la,29.55,-90.61
boutte,la,29.90,-90.39
boyce,la,31.32,-92.69
braithwaite,la,29.67,-89.89
branch,la,30.33,-92.33
breaux bridge,la,30.27,-91.91
brittany,la,30.21,-90.88
broussard,la,30.12,-91.95
brusly,la,30.39,-91.25
bunkie,la,30.95,-92.18
buras,la,29.34,-89.48
burnside,la,30.14,-90.92
bush,la,30.61,-89.96
cade,la,30.09,-91.91
calhoun,la,32.52,-92.33
calvin,la,31.97,-92.78
cameron,la,29.86,-93.28
campti,la,31.90,-93.09
carencro,la,30.32,-92.04
carville,la,30.22,-91.10
castor,la,32.25,-93.09
cecilia,la,30.34,-91.85
center point,la,31.26,-92.19
centerville,la,29.76,-91.43
chalmette,la,29.95,-89.96
charenton,la,29.88,-91.53
chase,la,32.10,-91.70
chataignier,la,30.57,-92.32
chatham,la,32.29,-92.44
chauvin,la,29.46,-90.60
cheneyville,la,31.02,-92.30
choudrant,la,32.56,-92.52
church point,la,30.40,-92.22
clarence,la,31.82,-93.03
clarks,la,32.03,-92.14
clayton,la,31.79,-91.54
clinton,la,30.82,-90.93
cloutierville,la,31.54,-92.86
colfax,la,31.51,-92.66
collinston,la,32.70,-91.86
columbia,la,32.11,-92.10
convent,la,30.06,-90.86
converse,la,31.79,-93.72
cotton valley,la,32.82,-93.43
cottonport,la,30.99,-92.06
coushatta,la,32.05,-93.32
covington,la,30.49,-90.10
creole,la,29.80,-93.03
crowley,la,30.21,-92.38
crowville,la,32.24,-91.59
cullen,la,32.97,-93.45
cut off,la,29.52,-90.34
darrow,la,30.13,-90.97
delcambre,la,29.95,-91.99
delhi,la,32.45,-91.51
delta,la,32.33,-90.93
denham springs,la,30.58,-90.93
dequincy,la,30.42,-93.42
deridder,la,30.83,-93.27
des allemands,la,29.82,-90.45
destrehan,la,29.97,-90.37
deville,la,31.35,-92.20
dodson,la,32.07,-92.68
donaldsonville,la,30.10,-91.00
donner,la,29.70,-90.94
downsville,la,32.65,-92.37
doyline,la,32.49,-93.40
dry creek,la,30.74,-92.99
dry prong,la,31.60,-92.57
dubach,la,32.69,-92.68
dubberly,la,32.52,-93.21
dulac,la,29.36,-90.66
duplessis,la,30.27,-90.94
dupont,la,30.93,-91.95
duson,la,30.19,-92.15
echo,la,31.11,-92.24
edgard,la,30.03,-90.58
effie,la,31.19,-92.19
egan,la,30.25,-92.50
elizabeth,la,30.87,-92.79
elm grove,la,32.39,-93.50
elmer,la,31.15,-92.72
elton,la,30.47,-92.70
empire,la,29.39,-89.60
enterprise,la,31.91,-91.88
epps,la,32.62,-91.49
erath,la,29.95,-92.03
eros,la,32.40,-92.35
erwinville,la,30.55,-91.40
estherwood,la,30.18,-92.46
ethel,la,30.81,-91.11
eunice,la,30.51,-92.40
evangeline,la,30.27,-92.55
evans,la,31.01,-93.42
evergreen,la,30.95,-92.09
fairbanks,la,32.64,-92.04
farmerville,la,32.75,-92.32
fenton,la,30.37,-92.92
ferriday,la,31.65,-91.57
fisher,la,31.49,-93.46
flatwoods,la,31.38,-92.88
flora,la,31.61,-93.10
florien,la,31.43,-93.52
fluker,la,30.81,-90.52
folsom,la,30.61,-90.19
fordoche,la,30.55,-91.70
forest,la,32.79,-91.41
forest hill,la,31.02,-92.51
ft necessity,la,32.04,-91.83
ft polk,la,31.03,-93.22
franklin,la,29.79,-91.50
franklinton,la,30.86,-90.12
french settlement,la,30.34,-90.77
frierson,la,32.24,-93.69
galliano,la,29.43,-90.30
garden city,la,29.77,-91.47
gardner,la,31.27,-92.69
garyville,la,30.05,-90.62
geismar,la,30.24,-90.98
georgetown,la,31.75,-92.40
gheens,la,29.71,-90.48
gibsland,la,32.53,-93.07
gibson,la,29.66,-90.98
gilbert,la,32.03,-91.59
gilliam,la,32.83,-93.83
glenmora,la,30.98,-92.65
gloster,la,32.19,-93.83
glynn,la,30.64,-91.34
golden meadow,la,29.38,-90.26
goldonna,la,32.00,-92.96
gonzales,la,30.24,-90.92
gorum,la,31.43,-92.94
grambling,la,32.52,-92.72
gramercy,la,30.05,-90.69
grand cane,la,32.10,-93.79
grand chenier,la,29.79,-92.90
grand coteau,la,30.42,-92.05
grand isle,la,29.23,-90.01
grant,la,30.79,-92.95
gray,la,29.69,-90.78
grayson,la,32.01,-91.97
greensburg,la,30.86,-90.73
greenwell springs,la,30.52,-91.01
greenwood,la,32.42,-93.97
gretna,la,29.91,-90.05
grosse tete,la,30.39,-91.44
gueydan,la,30.03,-92.53
hackberry,la,29.98,-93.37
hahnville,la,30.00,-90.49
hall summit,la,32.18,-93.30
hamburg,la,31.07,-91.92
hammond,la,30.52,-90.49
harrisonburg,la,31.77,-91.88
harvey,la,29.87,-90.07
haughton,la,32.55,-93.57
hayes,la,30.11,-92.92
haynesville,la,32.93,-93.07
heflin,la,32.45,-93.29
hessmer,la,31.05,-92.14
hester,la,30.03,-90.76
hineston,la,31.08,-92.77
hodge,la,32.28,-92.72
holden,la,30.56,-90.67
homer,la,32.77,-93.03
hornbeck,la,31.32,-93.37
hosston,la,32.90,-93.88
houma,la,29.59,-90.75
husser,la,30.68,-90.34
ida,la,32.99,-93.90
independence,la,30.64,-90.53
innis,la,30.88,-91.68
iota,la,30.30,-92.53
iowa,la,30.22,-93.03
jackson,la,30.83,-91.23
jamestown,la,32.36,-93.18
jarreau,la,30.63,-91.43
jeanerette,la,29.90,-91.65
jena,la,31.67,-92.11
jennings,la,30.22,-92.66
jigger,la,32.03,-91.75
jones,la,32.97,-91.60
jonesboro,la,32.25,-92.69
jonesville,la,31.64,-91.85
joyce,la,31.94,-92.60
kaplan,la,29.98,-92.30
keatchie,la,32.16,-93.95
keithville,la,32.32,-93.89
kelly,la,32.03,-92.13
kenner,la,29.99,-90.25
kentwood,la,30.89,-90.47
kilbourne,la,33.00,-91.31
kinder,la,30.46,-92.87
kraemer,la,29.87,-90.70
krotz springs,la,30.54,-91.76
kurthwood,la,31.34,-93.17
la place,la,30.08,-90.49
labadieville,la,29.83,-90.96
lacassine,la,30.15,-92.83
lacombe,la,30.32,-89.93
lafayette,la,30.24,-92.01
lafitte,la,29.56,-90.06
lake arthur,la,30.09,-92.68
lake charles,la,30.23,-93.19
lake providence,la,32.81,-91.19
lakeland,la,30.58,-91.42
larose,la,29.57,-90.38
lawtell,la,30.52,-92.18
lebeau,la,30.73,-91.98
leblanc,la,30.51,-92.95
lecompte,la,31.11,-92.39
leesville,la,31.14,-93.22
lena,la,31.42,-92.77
leonville,la,30.47,-91.98
lettsworth,la,30.93,-91.74
libuse,la,31.35,-92.33
lillie,la,32.95,-92.69
lisbon,la,32.85,-92.89
livingston,la,30.47,-90.77
livonia,la,30.55,-91.53
lockport,la,29.60,-90.49
logansport,la,31.99,-93.96
longleaf,la,31.01,-92.55
longstreet,la,32.10,-93.95
longville,la,30.58,-93.25
loranger,la,30.59,-90.36
loreauville,la,30.07,-91.66
lottie,la,30.50,-91.71
luling,la,29.93,-90.37
lutcher,la,30.04,-90.70
lydia,la,29.92,-91.80
madisonville,la,30.43,-90.18
mamou,la,30.65,-92.42
mandeville,la,30.39,-90.08
mangham,la,32.33,-91.80
mansfield,la,32.02,-93.70
mansura,la,31.06,-92.05
many,la,31.59,-93.46
maringouin,la,30.48,-91.52
marion,la,32.89,-92.26
marksville,la,31.14,-92.08
marrero,la,29.86,-90.11
marthaville,la,31.77,-93.40
mathews,la,29.68,-90.49
maurepas,la,30.27,-90.70
maurice,la,30.07,-92.11
melrose,la,31.60,-92.97
melville,la,30.66,-91.76
mer rouge,la,32.77,-91.77
meraux,la,29.93,-89.92
mermentau,la,30.19,-92.58
merryville,la,30.77,-93.53
metairie,la,29.99,-90.17
milton,la,30.10,-92.08
minden,la,32.63,-93.29
mittie,la,30.68,-92.93
monroe,la,32.53,-92.11
montegut,la,29.47,-90.54
monterey,la,31.44,-91.73
montgomery,la,31.67,-92.84
mooringsport,la,32.66,-93.97
mora,la,31.33,-92.89
moreauville,la,31.04,-91.98
morgan city,la,29.72,-91.12
morganza,la,30.72,-91.60
morrow,la,30.82,-92.04
morse,la,30.14,-92.46
mt airy,la,30.05,-90.64
mt hermon,la,30.95,-90.28
napoleonville,la,29.93,-91.03
natalbany,la,30.55,-90.48
natchez,la,31.66,-93.02
natchitoches,la,31.76,-93.09
negreet,la,31.47,-93.57
new iberia,la,30.00,-91.82
new orleans,la,29.96,-90.16
new roads,la,30.70,-91.44
new sarpy,la,29.98,-90.39
newellton,la,32.07,-91.26
newllano,la,31.07,-93.29
noble,la,31.69,-93.72
norco,la,30.01,-90.42
norwood,la,30.95,-91.06
oak grove,la,32.87,-91.41
oak ridge,la,32.62,-91.76
oakdale,la,30.82,-92.66
oberlin,la,30.62,-92.75
oil city,la,32.75,-93.98
olla,la,31.87,-92.22
opelousas,la,30.51,-92.09
oscar,la,30.60,-91.48
otis,la,31.23,-92.74
paincourtville,la,29.99,-91.06
palmetto,la,30.71,-91.91
paradis,la,29.88,-90.44
patterson,la,29.70,-91.28
paulina,la,30.04,-90.74
pearl river,la,30.39,-89.77
pelican,la,31.90,-93.56
perry,la,29.95,-92.16
pierre part,la,29.96,-91.20
pilottown,la,29.18,-89.26
pine grove,la,30.70,-90.77
pine prairie,la,30.78,-92.43
pineville,la,31.32,-92.42
pioneer,la,32.72,-91.46
pitkin,la,30.93,-92.95
plain dealing,la,32.91,-93.69
plaquemine,la,30.27,-91.25
plattenville,la,29.99,-91.02
plaucheville,la,30.94,-91.98
pleasant hill,la,31.81,-93.51
pointe a la hache,la,29.61,-89.85
pollock,la,31.50,-92.40
ponchatoula,la,30.44,-90.44
port allen,la,30.47,-91.25
port barre,la,30.55,-91.93
port sulphur,la,29.47,-89.68
powhatan,la,31.87,-93.20
prairieville,la,30.32,-90.93
pride,la,30.61,-90.99
princeton,la,32.58,-93.52
provencal,la,31.58,-93.14
quitman,la,32.36,-92.71
raceland,la,29.72,-90.60
ragley,la,30.47,-93.23
rayne,la,30.20,-92.25
rayville,la,32.47,-91.76
reddell,la,30.67,-92.43
reeves,la,30.50,-93.04
reserve,la,30.06,-90.55
rhinehart,la,31.64,-92.00
ringgold,la,32.33,-93.30
roanoke,la,30.32,-92.69
robeline,la,31.77,-93.32
robert,la,30.51,-90.34
rodessa,la,32.97,-93.99
rosedale,la,30.44,-91.46
roseland,la,30.77,-90.52
rosepine,la,30.92,-93.28
rougon,la,30.60,-91.38
ruby,la,31.19,-92.25
ruston,la,32.53,-92.64
st amant,la,30.24,-90.84
st benedict,la,30.53,-90.11
st bernard,la,29.86,-89.84
st francisville,la,30.86,-91.39
st gabriel,la,30.28,-91.09
st james,la,30.03,-90.86
st joseph,la,31.92,-91.28
st landry,la,30.84,-92.39
st martinville,la,30.21,-91.83
st maurice,la,31.76,-92.96
st rose,la,29.96,-90.31
saline,la,32.16,-92.95
sarepta,la,32.94,-93.44
schriever,la,29.71,-90.85
scott,la,30.25,-92.10
shongaloo,la,32.97,-93.30
shreveport,la,32.50,-93.75
sibley,la,32.51,-93.30
sicily island,la,31.85,-91.68
sieper,la,31.20,-92.77
sikes,la,32.07,-92.44
simmesport,la,30.98,-91.83
simpson,la,31.25,-93.02
simsboro,la,32.54,-92.80
singer,la,30.53,-93.46
slagle,la,31.20,-93.13
slaughter,la,30.80,-91.05
slidell,la,30.28,-89.77
sondheimer,la,32.58,-91.25
sorrento,la,30.19,-90.86
spearsville,la,32.96,-92.59
springfield,la,30.42,-90.58
springhill,la,33.00,-93.46
starks,la,30.31,-93.66
start,la,32.49,-91.86
sterlington,la,32.59,-92.12
stonewall,la,32.28,-93.80
sugartown,la,30.83,-93.02
sulphur,la,30.22,-93.36
summerfield,la,32.92,-92.82
sun,la,30.65,-89.89
sunset,la,30.39,-92.08
sunshine,la,30.30,-91.18
swartz,la,32.57,-91.98
talisheek,la,30.53,-89.88
tallulah,la,32.40,-91.19
tangipahoa,la,30.88,-90.51
taylor,la,32.55,-93.12
theriot,la,29.45,-90.77
thibodaux,la,29.80,-90.81
tickfaw,la,30.57,-90.48
tioga,la,31.42,-92.45
transylvania,la,32.67,-91.23
trout,la,31.65,-92.20
tullos,la,31.85,-92.30
tunica,la,30.93,-91.56
turkey creek,la,30.88,-92.41
uncle sam,la,30.02,-90.77
urania,la,31.86,-92.30
vacherie,la,29.97,-90.71
varnado,la,30.98,-89.76
venice,la,29.26,-89.35
ventress,la,30.68,-91.40
vidalia,la,31.58,-91.47
ville platte,la,30.69,-92.27
vinton,la,30.20,-93.57
violet,la,29.90,-89.90
vivian,la,32.87,-93.99
wakefield,la,30.89,-91.35
walker,la,30.52,-90.86
washington,la,30.71,-92.04
waterproof,la,31.81,-91.39
watson,la,30.58,-90.95
welsh,la,30.24,-92.82
west monroe,la,32.53,-92.18
westlake,la,30.26,-93.27
westwego,la,29.91,-90.18
weyanoke,la,30.95,-91.46
white castle,la,30.15,-91.18
wildsville,la,31.62,-91.78
wilson,la,30.95,-91.07
winnfield,la,31.92,-92.64
winnsboro,la,32.16,-91.71
wisner,la,31.99,-91.68
woodworth,la,31.13,-92.50
youngsville,la,30.10,-92.01
zachary,la,30.66,-91.14
zwolle,la,31.61,-93.66
abington,ma,42.12,-70.95
accord,ma,42.17,-70.89
acton,ma,42.48,-71.45
acushnet,ma,41.70,-70.91
adams,ma,42.62,-73.12
agawam,ma,42.07,-72.62
allston,ma,42.35,-71.13
amesbury,ma,42.86,-70.94
amherst,ma,42.38,-72.52
andover,ma,42.65,-71.16
arlington,ma,42.40,-71.15
arlington heights,ma,42.42,-71.18
ashburnham,ma,42.65,-71.93
ashby,ma,42.67,-71.82
ashfield,ma,42.52,-72.81
ashland,ma,42.25,-71.46
ashley falls,ma,42.06,-73.32
assonet,ma,41.80,-71.06
athol,ma,42.59,-72.21
attleboro,ma,41.93,-71.30
attleboro falls,ma,41.97,-71.31
auburn,ma,42.21,-71.84
auburndale,ma,42.35,-71.25
avon,ma,42.13,-71.04
ayer,ma,42.56,-71.58
babson park,ma,42.30,-71.26
baldwinville,ma,42.59,-72.06
barnstable,ma,41.70,-70.30
barre,ma,42.41,-72.11
becket,ma,42.36,-73.12
bedford,ma,42.48,-71.28
belchertown,ma,42.28,-72.41
bellingham,ma,42.07,-71.48
belmont,ma,42.40,-71.18
berkley,ma,41.84,-71.08
berkshire,ma,42.51,-73.19
berlin,ma,42.38,-71.64
bernardston,ma,42.68,-72.56
beverly,ma,42.56,-70.88
billerica,ma,42.55,-71.25
blackstone,ma,42.03,-71.53
blandford,ma,42.18,-72.94
bolton,ma,42.44,-71.61
bondsville,ma,42.21,-72.35
boston,ma,42.36,-71.07
boxborough,ma,42.49,-71.52
boxford,ma,42.68,-71.01
boylston,ma,42.34,-71.73
braintree,ma,42.21,-71.00
brant rock,ma,42.09,-70.64
brewster,ma,41.75,-70.07
bridgewater,ma,41.98,-70.97
brighton,ma,42.35,-71.16
brimfield,ma,42.12,-72.19
brockton,ma,42.08,-71.04
brookfield,ma,42.20,-72.10
brookline,ma,42.33,-71.13
brookline village,ma,42.33,-71.12
bryantville,ma,42.04,-70.84
buckland,ma,42.62,-72.76
burlington,ma,42.51,-71.20
buzzards bay,ma,41.75,-70.59
byfield,ma,42.76,-70.94
cambridge,ma,42.38,-71.13
canton,ma,42.16,-71.14
carlisle,ma,42.53,-71.35
carver,ma,41.89,-70.77
cataumet,ma,41.67,-70.62
centerville,ma,41.66,-70.35
charlemont,ma,42.62,-72.88
charlestown,ma,42.38,-71.06
charlton,ma,42.14,-71.97
charlton city,ma,42.15,-71.99
charlton depot,ma,42.17,-71.98
chartley,ma,41.95,-71.23
chatham,ma,41.69,-69.98
chelmsford,ma,42.59,-71.36
chelsea,ma,42.40,-71.03
cherry valley,ma,42.24,-71.87
cheshire,ma,42.56,-73.16
chester,ma,42.28,-72.99
chesterfield,ma,42.38,-72.83
chestnut hill,ma,42.33,-71.17
chicopee,ma,42.16,-72.61
chilmark,ma,41.36,-70.74
clinton,ma,42.42,-71.68
cohasset,ma,42.24,-70.81
colrain,ma,42.68,-72.73
concord,ma,42.46,-71.37
conway,ma,42.51,-72.70
cotuit,ma,41.70,-70.43
cummaquid,ma,41.70,-70.27
cummington,ma,42.44,-72.91
cuttyhunk,ma,41.44,-70.88
dalton,ma,42.48,-73.16
danvers,ma,42.57,-70.94
dartmouth,ma,41.64,-70.98
dedham,ma,42.24,-71.16
deerfield,ma,42.54,-72.61
dennis,ma,41.73,-70.19
dennis port,ma,41.66,-70.13
devens,ma,42.55,-71.60
dighton,ma,41.81,-71.14
douglas,ma,42.06,-71.73
dover,ma,42.24,-71.29
dracut,ma,42.68,-71.32
drury,ma,42.65,-73.00
dudley,ma,42.05,-71.89
dunstable,ma,42.67,-71.50
duxbury,ma,42.04,-70.67
east boston,ma,42.38,-71.04
east bridgewater,ma,42.03,-70.94
east brookfield,ma,42.22,-72.05
east dennis,ma,41.74,-70.16
east falmouth,ma,41.59,-70.57
east freetown,ma,41.76,-70.97
east longmeadow,ma,42.07,-72.51
east mansfield,ma,42.02,-71.18
east orleans,ma,41.78,-69.97
east otis,ma,42.17,-73.03
east princeton,ma,42.47,-71.84
east sandwich,ma,41.68,-70.47
east taunton,ma,41.87,-71.02
east templeton,ma,42.56,-72.04
east walpole,ma,42.15,-71.22
east wareham,ma,41.77,-70.65
east weymouth,ma,42.21,-70.93
eastham,ma,41.84,-69.98
easthampton,ma,42.26,-72.68
easton,ma,42.02,-71.13
edgartown,ma,41.39,-70.53
elmwood,ma,42.01,-70.96
erving,ma,42.60,-72.42
essex,ma,42.63,-70.78
everett,ma,42.41,-71.05
fairhaven,ma,41.64,-70.89
fall river,ma,41.72,-71.14
falmouth,ma,41.56,-70.62
fayville,ma,42.29,-71.50
feeding hills,ma,42.07,-72.68
fiskdale,ma,42.12,-72.12
fitchburg,ma,42.58,-71.80
forestdale,ma,41.68,-70.51
foxboro,ma,42.06,-71.24
framingham,ma,42.30,-71.43
franklin,ma,42.09,-71.41
gardner,ma,42.57,-71.99
georgetown,ma,42.73,-70.98
gilbertville,ma,42.33,-72.20
gill,ma,42.68,-72.45
glendale,ma,42.28,-73.34
gloucester,ma,42.62,-70.67
goshen,ma,42.47,-72.84
grafton,ma,42.20,-71.69
granby,ma,42.26,-72.52
granville,ma,42.07,-72.91
great barrington,ma,42.20,-73.36
green harbor,ma,42.08,-70.65
greenbush,ma,42.18,-70.75
greenfield,ma,42.60,-72.60
groton,ma,42.61,-71.56
groveland,ma,42.75,-71.03
hadley,ma,42.36,-72.57
halifax,ma,42.00,-70.84
hamilton,ma,42.62,-70.86
hampden,ma,42.06,-72.43
hanover,ma,42.12,-70.86
hanscom afb,ma,42.46,-71.28
hanson,ma,42.06,-70.87
hardwick,ma,42.35,-72.20
harvard,ma,42.50,-71.58
harwich,ma,41.70,-70.06
harwich port,ma,41.67,-70.08
hatfield,ma,42.38,-72.62
hathorne,ma,42.59,-70.97
haverhill,ma,42.79,-71.07
haydenville,ma,42.38,-72.70
heath,ma,42.69,-72.84
hingham,ma,42.22,-70.89
hinsdale,ma,42.43,-73.09
holbrook,ma,42.15,-71.01
holden,ma,42.34,-71.84
holland,ma,42.04,-72.15
holliston,ma,42.20,-71.44
holyoke,ma,42.20,-72.63
hopedale,ma,42.13,-71.54
hopkinton,ma,42.22,-71.53
housatonic,ma,42.27,-73.37
hubbardston,ma,42.49,-72.00
hudson,ma,42.39,-71.56
hull,ma,42.29,-70.88
humarock,ma,42.14,-70.69
huntington,ma,42.27,-72.87
hyannis,ma,41.65,-70.30
hyannis port,ma,41.64,-70.30
hyde park,ma,42.25,-71.13
ipswich,ma,42.68,-70.85
jamaica plain,ma,42.31,-71.11
jefferson,ma,42.38,-71.87
kingston,ma,42.00,-70.74
lake pleasant,ma,42.56,-72.52
lakeville,ma,41.84,-70.96
lancaster,ma,42.45,-71.69
lanesboro,ma,42.54,-73.25
lawrence,ma,42.71,-71.16
lee,ma,42.30,-73.23
leeds,ma,42.35,-72.70
leicester,ma,42.24,-71.92
lenox,ma,42.36,-73.27
lenox dale,ma,42.34,-73.25
leominster,ma,42.53,-71.76
leverett,ma,42.47,-72.50
lexington,ma,42.46,-71.22
lincoln,ma,42.42,-71.31
linwood,ma,42.10,-71.65
littleton,ma,42.54,-71.49
longmeadow,ma,42.05,-72.57
lowell,ma,42.66,-71.31
ludlow,ma,42.17,-72.47
lunenburg,ma,42.59,-71.73
lynn,ma,42.46,-70.95
lynnfield,ma,42.53,-71.03
malden,ma,42.43,-71.06
manchaug,ma,42.09,-71.75
manchester,ma,42.58,-70.77
manomet,ma,41.92,-70.57
mansfield,ma,42.02,-71.22
marblehead,ma,42.50,-70.87
marion,ma,41.71,-70.76
marlborough,ma,42.35,-71.54
marshfield,ma,42.11,-70.70
marshfield hills,ma,42.13,-70.76
marstons mills,ma,41.67,-70.42
mashpee,ma,41.62,-70.49
mattapan,ma,42.27,-71.09
mattapoisett,ma,41.66,-70.82
maynard,ma,42.43,-71.45
medfield,ma,42.18,-71.30
medford,ma,42.42,-71.11
medway,ma,42.15,-71.42
melrose,ma,42.46,-71.06
mendon,ma,42.10,-71.55
menemsha,ma,41.35,-70.76
merrimac,ma,42.83,-71.00
methuen,ma,42.73,-71.18
middleboro,ma,41.89,-70.92
middlefield,ma,42.35,-73.01
middleton,ma,42.59,-71.01
milford,ma,42.15,-71.53
mill river,ma,42.11,-73.27
millbury,ma,42.20,-71.76
millers falls,ma,42.58,-72.49
millis,ma,42.17,-71.36
millville,ma,42.03,-71.58
milton,ma,42.25,-71.08
milton village,ma,42.27,-71.07
minot,ma,42.20,-70.73
monponsett,ma,42.02,-70.85
monroe bridge,ma,42.72,-72.96
monson,ma,42.10,-72.32
montague,ma,42.54,-72.53
monterey,ma,42.19,-73.21
monument beach,ma,41.72,-70.61
nahant,ma,42.43,-70.93
nantucket,ma,41.27,-70.09
natick,ma,42.29,-71.36
needham,ma,42.28,-71.23
needham heights,ma,42.30,-71.23
new bedford,ma,41.63,-70.94
new braintree,ma,42.32,-72.13
new salem,ma,42.51,-72.31
new town,ma,42.36,-71.13
newbury,ma,42.78,-70.85
newburyport,ma,42.81,-70.88
newton,ma,42.35,-71.19
newton center,ma,42.34,-71.21
newton highlands,ma,42.32,-71.20
newton lower falls,ma,42.33,-71.25
newton upper falls,ma,42.31,-71.22
newtonville,ma,42.35,-71.21
nonantum,ma,42.36,-71.20
norfolk,ma,42.12,-71.33
north adams,ma,42.70,-73.11
north amherst,ma,42.41,-72.53
north andover,ma,42.68,-71.11
north attleboro,ma,41.98,-71.33
north billerica,ma,42.58,-71.29
north brookfield,ma,42.27,-72.08
north carver,ma,41.92,-70.80
north chatham,ma,41.70,-69.97
north chelmsford,ma,42.63,-71.39
north dartmouth,ma,41.63,-71.00
north dighton,ma,41.85,-71.15
north eastham,ma,41.87,-69.99
north easton,ma,42.06,-71.11
north egremont,ma,42.20,-73.44
north falmouth,ma,41.64,-70.62
north grafton,ma,42.23,-71.70
north hatfield,ma,42.41,-72.62
north marshfield,ma,42.14,-70.77
north oxford,ma,42.17,-71.89
north pembroke,ma,42.09,-70.79
north reading,ma,42.58,-71.09
north scituate,ma,42.22,-70.79
north truro,ma,42.03,-70.09
north uxbridge,ma,42.09,-71.64
north waltham,ma,42.39,-71.22
north weymouth,ma,42.24,-70.94
northampton,ma,42.32,-72.65
northborough,ma,42.32,-71.65
northbridge,ma,42.15,-71.66
northfield,ma,42.69,-72.45
norton,ma,41.97,-71.19
norwell,ma,42.16,-70.82
norwood,ma,42.19,-71.20
nutting lake,ma,42.54,-71.27
oak bluffs,ma,41.45,-70.56
oakham,ma,42.35,-72.05
ocean bluff,ma,42.10,-70.65
onset,ma,41.74,-70.66
orange,ma,42.59,-72.31
orleans,ma,41.78,-69.98
osterville,ma,41.63,-70.38
otis,ma,42.19,-73.08
oxford,ma,42.11,-71.87
palmer,ma,42.18,-72.33
paxton,ma,42.31,-71.92
peabody,ma,42.53,-70.96
pembroke,ma,42.06,-70.80
pepperell,ma,42.67,-71.59
petersham,ma,42.49,-72.19
pinehurst,ma,42.53,-71.23
pittsfield,ma,42.45,-73.25
plainfield,ma,42.51,-72.92
plainville,ma,42.01,-71.33
plymouth,ma,41.91,-70.64
plympton,ma,41.97,-70.80
pocasset,ma,41.69,-70.61
prides crossing,ma,42.56,-70.83
princeton,ma,42.45,-71.88
provincetown,ma,42.05,-70.19
quincy,ma,42.25,-71.00
randolph,ma,42.17,-71.05
raynham,ma,41.93,-71.05
raynham center,ma,41.92,-71.05
reading,ma,42.53,-71.11
readville,ma,42.25,-71.23
rehoboth,ma,41.85,-71.25
revere,ma,42.41,-71.01
richmond,ma,42.38,-73.36
rochdale,ma,42.20,-71.91
rochester,ma,41.76,-70.85
rockland,ma,42.13,-70.91
rockport,ma,42.66,-70.62
roslindale,ma,42.28,-71.13
rowe,ma,42.70,-72.93
rowley,ma,42.71,-70.91
royalston,ma,42.59,-72.23
russell,ma,42.15,-72.84
rutland,ma,42.38,-71.95
sagamore,ma,41.77,-70.53
sagamore beach,ma,41.80,-70.53
salem,ma,42.52,-70.90
salisbury,ma,42.85,-70.86
sandisfield,ma,42.11,-73.12
sandwich,ma,41.70,-70.47
saugus,ma,42.46,-71.01
savoy,ma,42.58,-73.02
scituate,ma,42.20,-70.75
seekonk,ma,41.84,-71.32
sharon,ma,42.11,-71.18
sheffield,ma,42.10,-73.36
shelburne falls,ma,42.60,-72.74
sheldonville,ma,42.03,-71.39
sherborn,ma,42.23,-71.38
shirley,ma,42.56,-71.65
shrewsbury,ma,42.28,-71.72
shutesbury,ma,42.48,-72.42
siasconset,ma,41.26,-69.97
silver beach,ma,42.64,-70.64
somerset,ma,41.72,-71.18
somerville,ma,42.38,-71.10
south barre,ma,42.39,-72.10
south carver,ma,41.84,-70.75
south chatham,ma,41.68,-70.02
south dartmouth,ma,41.59,-70.96
south deerfield,ma,42.48,-72.62
south dennis,ma,41.71,-70.16
south easton,ma,42.03,-71.10
south egremont,ma,42.10,-73.46
south grafton,ma,42.18,-71.69
south hadley,ma,42.24,-72.58
south hamilton,ma,42.62,-70.86
south harwich,ma,41.67,-70.04
south lancaster,ma,42.44,-71.69
south lee,ma,42.28,-73.28
south orleans,ma,41.75,-69.99
south walpole,ma,42.10,-71.28
south wellfleet,ma,41.92,-70.00
south weymouth,ma,42.17,-70.95
south yarmouth,ma,41.67,-70.20
southampton,ma,42.22,-72.72
southborough,ma,42.29,-71.53
southbridge,ma,42.08,-72.04
southfield,ma,42.08,-73.26
southwick,ma,42.05,-72.77
spencer,ma,42.24,-71.99
springfield,ma,42.11,-72.60
sterling,ma,42.44,-71.78
still river,ma,42.49,-71.62
stockbridge,ma,42.30,-73.32
stoneham,ma,42.48,-71.10
stoughton,ma,42.13,-71.11
stow,ma,42.43,-71.52
sturbridge,ma,42.11,-72.08
sudbury,ma,42.38,-71.43
sunderland,ma,42.45,-72.57
sutton,ma,42.14,-71.75
swampscott,ma,42.47,-70.91
swansea,ma,41.75,-71.21
taunton,ma,41.91,-71.10
templeton,ma,42.55,-72.06
tewksbury,ma,42.60,-71.22
thorndike,ma,42.19,-72.34
three rivers,ma,42.18,-72.36
topsfield,ma,42.64,-70.95
townsend,ma,42.65,-71.69
truro,ma,42.00,-70.06
turners falls,ma,42.61,-72.55
tyngsboro,ma,42.67,-71.42
tyringham,ma,42.25,-73.20
upton,ma,42.17,-71.61
uxbridge,ma,42.07,-71.63
village of nagog woods,ma,42.51,-71.42
vineyard haven,ma,41.45,-70.59
waban,ma,42.33,-71.23
wakefield,ma,42.50,-71.07
wales,ma,42.06,-72.20
walpole,ma,42.14,-71.25
waltham,ma,42.40,-71.25
ware,ma,42.26,-72.26
wareham,ma,41.75,-70.71
warren,ma,42.21,-72.19
warwick,ma,42.68,-72.34
watertown,ma,42.37,-71.15
waverley,ma,42.39,-71.18
wayland,ma,42.35,-71.36
webster,ma,42.05,-71.84
wellesley,ma,42.30,-71.30
wellesley hills,ma,42.31,-71.27
wellfleet,ma,41.93,-70.02
wendell,ma,42.57,-72.40
wendell depot,ma,42.60,-72.36
wenham,ma,42.60,-70.88
west barnstable,ma,41.70,-70.37
west boxford,ma,42.71,-71.06
west boylston,ma,42.36,-71.78
west bridgewater,ma,42.03,-71.02
west brookfield,ma,42.24,-72.15
west chatham,ma,41.68,-69.99
west chesterfield,ma,42.40,-72.88
west chop,ma,41.48,-70.60
west dennis,ma,41.66,-70.17
west falmouth,ma,41.60,-70.64
west groton,ma,42.60,-71.63
west harwich,ma,41.67,-70.11
west hatfield,ma,42.37,-72.64
west hyannisport,ma,41.64,-70.32
west medford,ma,42.42,-71.13
west millbury,ma,42.17,-71.80
west newbury,ma,42.79,-70.98
west newton,ma,42.35,-71.23
west roxbury,ma,42.28,-71.16
west springfield,ma,42.12,-72.64
west stockbridge,ma,42.33,-73.38
west tisbury,ma,41.41,-70.66
west townsend,ma,42.67,-71.74
west wareham,ma,41.78,-70.76
west warren,ma,42.21,-72.20
west yarmouth,ma,41.66,-70.24
westborough,ma,42.28,-71.60
westfield,ma,42.13,-72.75
westford,ma,42.59,-71.44
westminster,ma,42.55,-71.91
weston,ma,42.37,-71.30
westport,ma,41.62,-71.09
westport point,ma,41.52,-71.08
westwood,ma,42.21,-71.21
weymouth,ma,42.21,-70.96
whately,ma,42.44,-72.64
wheelwright,ma,42.35,-72.14
white horse beach,ma,41.93,-70.56
whitinsville,ma,42.12,-71.66
whitman,ma,42.08,-70.94
wilbraham,ma,42.12,-72.45
williamsburg,ma,42.41,-72.78
williamstown,ma,42.71,-73.20
wilmington,ma,42.56,-71.17
winchendon,ma,42.68,-72.05
winchendon springs,ma,42.69,-72.02
winchester,ma,42.45,-71.14
windsor,ma,42.51,-73.05
winthrop,ma,42.38,-70.98
woburn,ma,42.48,-71.16
woods hole,ma,41.53,-70.66
woodville,ma,42.24,-71.56
worcester,ma,42.26,-71.80
woronoco,ma,42.16,-72.83
worthington,ma,42.38,-72.93
wrentham,ma,42.06,-71.34
yarmouth port,ma,41.71,-70.23
abell,md,38.25,-76.74
aberdeen,md,39.51,-76.18
aberdeen proving ground,md,39.47,-76.13
abingdon,md,39.47,-76.30
accident,md,39.64,-79.31
accokeek,md,38.67,-77.02
adamstown,md,39.31,-77.45
allen,md,38.29,-75.69
andrews air force base,md,38.80,-76.87
annapolis,md,39.00,-76.50
annapolis junction,md,39.13,-76.80
aquasco,md,38.58,-76.71
arnold,md,39.05,-76.49
ashton,md,39.15,-76.99
avenue,md,38.28,-76.75
baldwin,md,39.52,-76.49
baltimore,md,39.17,-76.65
barclay,md,39.13,-75.86
barnesville,md,39.22,-77.38
barstow,md,38.53,-76.62
barton,md,39.53,-79.03
beallsville,md,39.17,-77.41
bel air,md,39.54,-76.36
bel alton,md,38.47,-76.98
belcamp,md,39.48,-76.24
beltsville,md,39.03,-76.91
benedict,md,38.51,-76.68
benson,md,39.51,-76.39
berlin,md,38.35,-75.19
bethesda,md,38.98,-77.10
bethlehem,md,38.75,-75.94
betterton,md,39.37,-76.06
big pool,md,39.65,-78.01
bishopville,md,38.43,-75.19
bittinger,md,39.60,-79.21
bivalve,md,38.30,-75.89
bladensburg,md,38.95,-76.92
bloomington,md,39.49,-79.11
boonsboro,md,39.53,-77.68
boring,md,39.53,-76.82
bowie,md,38.98,-76.74
boyds,md,39.21,-77.32
bozman,md,38.75,-76.28
braddock heights,md,39.42,-77.50
brandywine,md,38.69,-76.83
brentwood,md,38.94,-76.95
brinklow,md,39.18,-77.02
brookeville,md,39.19,-77.06
brooklandville,md,39.42,-76.67
brooklyn,md,39.23,-76.62
broomes island,md,38.42,-76.55
brownsville,md,39.38,-77.66
brunswick,md,39.32,-77.62
bryans road,md,38.64,-77.08
bryantown,md,38.54,-76.85
buckeystown,md,39.33,-77.43
burkittsville,md,39.40,-77.63
burtonsville,md,39.09,-76.93
bushwood,md,38.28,-76.79
butler,md,39.54,-76.73
cabin john,md,38.97,-77.16
california,md,38.30,-76.53
callaway,md,38.23,-76.52
cambridge,md,38.56,-76.09
capitol heights,md,38.88,-76.91
cascade,md,39.71,-77.50
catonsville,md,39.28,-76.74
cavetown,md,39.64,-77.59
cecilton,md,39.40,-75.87
centreville,md,39.06,-76.04
chaptico,md,38.33,-76.78
charlestown,md,39.57,-75.98
charlotte hall,md,38.47,-76.80
chase,md,39.36,-76.37
cheltenham,md,38.75,-76.84
chesapeake beach,md,38.67,-76.54
chesapeake city,md,39.51,-75.84
chester,md,38.96,-76.28
chestertown,md,39.21,-76.08
chevy chase,md,38.98,-77.08
chewsville,md,39.64,-77.64
childs,md,39.65,-75.87
church creek,md,38.43,-76.17
church hill,md,39.15,-75.99
churchton,md,38.80,-76.52
churchville,md,39.56,-76.25
claiborne,md,38.84,-76.28
clarksburg,md,39.26,-77.27
clarksville,md,39.19,-76.94
clear spring,md,39.66,-77.91
clements,md,38.34,-76.73
clinton,md,38.75,-76.90
cobb island,md,38.26,-76.84
cockeysville,md,39.47,-76.63
college park,md,39.00,-76.93
colora,md,39.67,-76.09
coltons point,md,38.24,-76.76
columbia,md,39.21,-76.88
compton,md,38.27,-76.69
conowingo,md,39.68,-76.16
cooksville,md,39.32,-77.01
cordova,md,38.87,-76.00
corriganville,md,39.69,-78.79
crapo,md,38.33,-76.11
crisfield,md,37.98,-75.84
crocheron,md,38.24,-76.05
crofton,md,39.01,-76.68
crownsville,md,39.05,-76.59
crumpton,md,39.23,-75.92
cumberland,md,39.65,-78.76
curtis bay,md,39.21,-76.57
damascus,md,39.28,-77.21
dameron,md,38.15,-76.36
darlington,md,39.65,-76.23
davidsonville,md,38.94,-76.64
dayton,md,39.23,-77.00
deal island,md,38.15,-75.95
deale,md,38.78,-76.55
delmar,md,38.44,-75.56
denton,md,38.88,-75.84
derwood,md,39.13,-77.15
dickerson,md,39.21,-77.42
district heights,md,38.85,-76.89
dowell,md,38.35,-76.46
drayden,md,38.17,-76.47
dundalk,md,39.26,-76.50
dunkirk,md,38.74,-76.64
earleville,md,39.43,-75.94
east new market,md,38.59,-75.96
easton,md,38.78,-76.08
eckhart mines,md,39.65,-78.90
eden,md,38.28,-75.65
edgewater,md,38.92,-76.54
edgewood,md,39.43,-76.31
elk mills,md,39.66,-75.83
elkridge,md,39.21,-76.71
elkton,md,39.63,-75.85
ellerslie,md,39.72,-78.77
ellicott city,md,39.27,-76.80
emmitsburg,md,39.69,-77.34
essex,md,39.31,-76.45
ewell,md,37.99,-76.04
fairplay,md,39.54,-77.76
fallston,md,39.53,-76.43
faulkner,md,38.44,-76.97
federalsburg,md,38.71,-75.78
finksburg,md,39.51,-76.91
fishing creek,md,38.32,-76.22
flintstone,md,39.70,-78.57
forest hill,md,39.58,-76.40
fork,md,39.47,-76.45
ft george g meade,md,39.11,-76.75
ft howard,md,39.21,-76.45
ft washington,md,38.76,-76.98
frederick,md,39.41,-77.40
freeland,md,39.69,-76.72
friendship,md,38.74,-76.60
friendsville,md,39.67,-79.42
frostburg,md,39.65,-78.93
fruitland,md,38.32,-75.62
fulton,md,39.15,-76.93
funkstown,md,39.61,-77.70
gaithersburg,md,39.14,-77.19
galena,md,39.34,-75.87
galesville,md,38.84,-76.54
gambrills,md,39.04,-76.68
garrett park,md,39.04,-77.09
georgetown,md,39.40,-75.87
germantown,md,39.17,-77.27
gibson island,md,39.08,-76.43
girdletree,md,38.10,-75.39
glen arm,md,39.46,-76.52
glen burnie,md,39.17,-76.59
glen echo,md,38.97,-77.14
glenelg,md,39.26,-77.01
glenn dale,md,38.98,-76.81
glenwood,md,39.28,-77.01
glyndon,md,39.49,-76.79
goldsboro,md,39.02,-75.79
grantsville,md,39.68,-79.15
grasonville,md,38.95,-76.20
great mills,md,38.27,-76.50
greenbelt,md,39.00,-76.88
greensboro,md,38.96,-75.81
gunpowder,md,39.40,-76.27
gwynn oak,md,39.33,-76.73
hagerstown,md,39.63,-77.74
halethorpe,md,39.23,-76.70
hampstead,md,39.61,-76.85
hancock,md,39.70,-78.18
hanover,md,39.16,-76.72
harmans,md,39.16,-76.70
harwood,md,38.86,-76.61
havre de grace,md,39.55,-76.12
hebron,md,38.40,-75.70
helen,md,38.38,-76.72
henderson,md,39.07,-75.79
highland,md,39.18,-76.97
hillsboro,md,38.92,-75.94
hollywood,md,38.35,-76.56
hughesville,md,38.52,-76.78
hunt valley,md,39.50,-76.66
huntingtown,md,38.61,-76.60
hurlock,md,38.64,-75.87
hyattsville,md,38.95,-76.93
hydes,md,39.47,-76.47
ijamsville,md,39.33,-77.30
indian head,md,38.59,-77.15
ingleside,md,39.12,-75.89
ironsides,md,38.49,-77.16
issue,md,38.30,-76.87
jarrettsville,md,39.62,-76.47
jefferson,md,39.37,-77.54
jessup,md,39.15,-76.79
joppa,md,39.42,-76.35
keedysville,md,39.46,-77.69
kennedyville,md,39.30,-75.98
kensington,md,39.03,-77.08
keymar,md,39.57,-77.28
kingsville,md,39.46,-76.41
kitzmiller,md,39.40,-79.20
knoxville,md,39.35,-77.65
la plata,md,38.53,-76.99
ladiesburg,md,39.58,-77.27
lanham,md,38.97,-76.85
laurel,md,39.10,-76.82
leonardtown,md,38.28,-76.64
lexington park,md,38.25,-76.45
libertytown,md,39.48,-77.24
lineboro,md,39.72,-76.84
linkwood,md,38.54,-75.96
linthicum heights,md,39.21,-76.66
lisbon,md,39.34,-77.07
little orleans,md,39.69,-78.38
lonaconing,md,39.58,-78.99
long green,md,39.47,-76.52
lothian,md,38.80,-76.66
loveville,md,38.35,-76.68
luke,md,39.48,-79.06
lusby,md,38.37,-76.43
lutherville timonium,md,39.44,-76.63
madison,md,38.51,-76.22
manchester,md,39.67,-76.89
manokin,md,38.12,-75.76
marbury,md,38.56,-77.16
mardela springs,md,38.49,-75.74
marion station,md,38.03,-75.76
marriottsville,md,39.33,-76.91
marydel,md,39.11,-75.76
maryland line,md,39.71,-76.65
massey,md,39.31,-75.82
maugansville,md,39.70,-77.75
mayo,md,38.89,-76.51
mc henry,md,39.56,-79.36
mcdaniel,md,38.82,-76.28
mechanicsville,md,38.43,-76.73
middle river,md,39.34,-76.42
middletown,md,39.44,-77.55
midland,md,39.59,-78.95
midlothian,md,39.63,-78.95
millersville,md,39.10,-76.62
millington,md,39.26,-75.85
monkton,md,39.58,-76.59
monrovia,md,39.35,-77.25
montgomery village,md,39.18,-77.19
morganza,md,38.38,-76.70
mt airy,md,39.39,-77.17
mt rainier,md,38.94,-76.97
mt savage,md,39.70,-78.87
mt victoria,md,38.35,-76.90
myersville,md,39.53,-77.55
nanjemoy,md,38.45,-77.20
nanticoke,md,38.27,-75.90
neavitt,md,38.72,-76.28
new market,md,39.38,-77.27
new midway,md,39.57,-77.29
new windsor,md,39.52,-77.10
newark,md,38.25,-75.29
newburg,md,38.33,-76.92
newcomb,md,38.75,-76.18
north beach,md,38.71,-76.54
north east,md,39.60,-75.95
nottingham,md,39.39,-76.49
oakland,md,39.40,-79.39
ocean city,md,38.38,-75.08
odenton,md,39.08,-76.70
oldtown,md,39.58,-78.60
olney,md,39.15,-77.07
owings,md,38.70,-76.61
owings mills,md,39.43,-76.78
oxford,md,38.69,-76.15
oxon hill,md,38.81,-76.99
park hall,md,38.22,-76.44
parkton,md,39.65,-76.68
parkville,md,39.39,-76.54
parsonsburg,md,38.39,-75.47
pasadena,md,39.13,-76.52
patuxent river,md,38.28,-76.44
perry hall,md,39.40,-76.45
perry point,md,39.55,-76.07
perryman,md,39.47,-76.20
perryville,md,39.56,-76.06
phoenix,md,39.51,-76.56
pikesville,md,39.38,-76.73
piney point,md,38.14,-76.50
pinto,md,39.57,-78.84
pittsville,md,38.38,-75.41
pocomoke city,md,38.07,-75.56
point of rocks,md,39.28,-77.53
pomfret,md,38.59,-77.01
poolesville,md,39.14,-77.41
port deposit,md,39.62,-76.08
port republic,md,38.50,-76.53
port tobacco,md,38.50,-77.04
potomac,md,39.04,-77.19
powellville,md,38.33,-75.38
preston,md,38.75,-75.92
price,md,39.10,-75.96
prince frederick,md,38.53,-76.60
princess anne,md,38.19,-75.71
pylesville,md,39.70,-76.41
quantico,md,38.33,-75.79
queen anne,md,38.95,-75.98
queenstown,md,38.96,-76.15
randallstown,md,39.37,-76.80
rawlings,md,39.52,-78.91
rehobeth,md,38.04,-75.66
reisterstown,md,39.46,-76.81
rhodesdale,md,38.60,-75.77
riderwood,md,39.41,-76.65
ridge,md,38.12,-76.37
ridgely,md,38.96,-75.88
rising sun,md,39.69,-76.05
riva,md,38.95,-76.59
riverdale,md,38.96,-76.91
rock hall,md,39.13,-76.23
rock point,md,38.27,-76.84
rockville,md,39.08,-77.15
rocky ridge,md,39.61,-77.33
rohrersville,md,39.44,-77.66
rosedale,md,39.34,-76.50
royal oak,md,38.73,-76.19
sabillasville,md,39.68,-77.47
st inigoes,md,38.14,-76.41
st james,md,39.56,-77.76
st leonard,md,38.45,-76.51
st marys city,md,38.19,-76.43
st michaels,md,38.78,-76.22
salisbury,md,38.36,-75.59
sandy spring,md,39.15,-77.03
savage,md,39.14,-76.82
scotland,md,38.08,-76.35
secretary,md,38.61,-75.95
severn,md,39.13,-76.70
severna park,md,39.08,-76.56
shady side,md,38.84,-76.51
sharpsburg,md,39.44,-77.75
sharptown,md,38.54,-75.72
sherwood,md,38.74,-76.33
showell,md,38.40,-75.22
silver spring,md,39.02,-77.01
simpsonville,md,39.19,-76.88
smithsburg,md,39.65,-77.57
snow hill,md,38.19,-75.40
solomons,md,38.33,-76.46
southern md facility,md,39.14,-77.19
sparks glencoe,md,39.54,-76.67
sparrows point,md,39.23,-76.45
spencerville,md,39.12,-76.96
spring gap,md,39.57,-78.72
stevenson,md,39.41,-76.71
stevensville,md,38.94,-76.34
still pond,md,39.33,-76.05
stockton,md,38.05,-75.41
street,md,39.65,-76.33
suburb maryland fac,md,39.09,-77.06
sudlersville,md,39.18,-75.85
suitland,md,38.84,-76.92
sunderland,md,38.65,-76.58
swanton,md,39.48,-79.24
sykesville,md,39.40,-76.96
takoma park,md,38.98,-77.00
tall timbers,md,38.17,-76.54
taneytown,md,39.67,-77.17
taylors island,md,38.46,-76.30
temple hills,md,38.82,-76.95
templeville,md,39.14,-75.77
thurmont,md,39.61,-77.41
tilghman,md,38.71,-76.34
toddville,md,38.27,-76.06
towson,md,39.40,-76.60
tracys landing,md,38.77,-76.58
trappe,md,38.66,-76.05
tuscarora,md,39.27,-77.51
tyaskin,md,38.31,-75.87
tylerton,md,37.97,-76.02
union bridge,md,39.54,-77.19
unionville,md,39.47,-77.19
upper fairmount,md,38.10,-75.79
upper falls,md,39.44,-76.40
upper marlboro,md,38.84,-76.80
upperco,md,39.56,-76.82
valley lee,md,38.19,-76.51
vienna,md,38.48,-75.87
waldorf,md,38.64,-76.88
walkersville,md,39.48,-77.35
warwick,md,39.43,-75.80
washington grove,md,39.14,-77.18
welcome,md,38.47,-77.10
west friendship,md,39.29,-76.97
west river,md,38.83,-76.54
westernport,md,39.48,-79.03
westminster,md,39.56,-76.99
westover,md,38.10,-75.74
whaleyville,md,38.40,-75.29
white hall,md,39.66,-76.57
white marsh,md,39.39,-76.41
white plains,md,38.59,-76.98
whiteford,md,39.71,-76.32
willards,md,38.39,-75.36
williamsport,md,39.59,-77.81
windsor mill,md,39.34,-76.76
wingate,md,38.29,-76.09
wittman,md,38.79,-76.30
woodbine,md,39.35,-77.06
woodsboro,md,39.53,-77.30
woodstock,md,39.34,-76.86
woolford,md,38.51,-76.20
worton,md,39.30,-76.10
wye mills,md,38.93,-76.08
abbot,me,45.28,-69.53
acton,me,43.55,-70.93
addison,me,44.58,-67.71
albion,me,44.54,-69.47
alfred,me,43.49,-70.70
alna,me,44.11,-69.60
andover,me,44.66,-70.80
anson,me,44.78,-69.93
ashland,me,46.62,-68.39
athens,me,44.94,-69.67
auburn,me,44.09,-70.24
augusta,me,44.32,-69.77
aurora,me,44.89,-68.30
bailey island,me,43.73,-70.00
baileyville,me,45.13,-67.42
bangor,me,44.82,-68.79
bar harbor,me,44.37,-68.24
bar mills,me,43.61,-70.55
bass harbor,me,44.20,-68.38
bath,me,43.91,-69.83
beals,me,44.51,-67.61
belfast,me,44.44,-69.01
belgrade,me,44.47,-69.86
belgrade lakes,me,44.51,-69.86
benedicta,me,45.81,-68.41
bernard,me,44.24,-68.36
berwick,me,43.29,-70.86
bethel,me,44.42,-70.80
biddeford,me,43.48,-70.47
biddeford pool,me,43.44,-70.35
bingham,me,45.07,-69.89
birch harbor,me,44.38,-68.03
blaine,me,46.50,-67.87
blue hill,me,44.43,-68.59
boothbay,me,43.89,-69.63
boothbay harbor,me,43.85,-69.62
bowdoin,me,44.05,-70.03
bowdoinham,me,44.04,-69.92
bradford,me,45.09,-68.92
bradley,me,44.90,-68.63
bremen,me,44.01,-69.43
brewer,me,44.79,-68.75
bridgewater,me,46.42,-67.84
bridgton,me,44.05,-70.72
bristol,me,43.95,-69.50
brooklin,me,44.25,-68.56
brooks,me,44.57,-69.14
brooksville,me,44.38,-68.73
brookton,me,45.57,-67.71
brownfield,me,43.97,-70.90
brownville,me,45.34,-69.04
brownville junction,me,45.35,-69.05
brunswick,me,43.90,-69.96
bryant pond,me,44.40,-70.64
buckfield,me,44.29,-70.37
bucksport,me,44.60,-68.78
burlington,me,45.22,-68.44
burnham,me,44.68,-69.38
bustins island,me,43.80,-70.04
buxton,me,43.66,-70.60
calais,me,45.17,-67.26
cambridge,me,45.05,-69.44
camden,me,44.21,-69.08
canaan,me,44.74,-69.55
canton,me,44.42,-70.32
cape elizabeth,me,43.60,-70.23
cape neddick,me,43.21,-70.64
cape porpoise,me,43.37,-70.44
caratunk,me,45.24,-69.94
caribou,me,46.87,-68.02
carmel,me,44.81,-68.99
casco,me,43.96,-70.53
castine,me,44.47,-68.72
center lovell,me,44.17,-70.88
chamberlain,me,43.88,-69.50
charleston,me,45.07,-69.09
chebeague island,me,43.74,-70.12
cherryfield,me,44.62,-67.94
china village,me,44.45,-69.52
clayton lake,me,46.63,-69.63
cliff island,me,43.70,-70.11
clinton,me,44.64,-69.53
columbia falls,me,44.67,-67.75
coopers mills,me,44.26,-69.51
corea,me,44.41,-67.99
corinna,me,44.93,-69.23
corinth,me,44.98,-69.01
cornish,me,43.78,-70.78
cranberry isles,me,44.25,-68.26
crouseville,me,46.76,-68.10
cumberland center,me,43.81,-70.25
cumberland foreside,me,43.77,-70.19
cushing,me,43.99,-69.27
cutler,me,44.68,-67.25
damariscotta,me,44.03,-69.50
danforth,me,45.67,-67.87
danville,me,44.04,-70.27
deer isle,me,44.23,-68.64
denmark,me,43.98,-70.79
dennysville,me,44.90,-67.22
detroit,me,44.78,-69.32
dexter,me,45.02,-69.28
dixfield,me,44.55,-70.42
dixmont,me,44.70,-69.10
dover foxcroft,me,45.19,-69.20
dresden,me,44.08,-69.75
dryden,me,44.60,-70.22
durham,me,43.93,-70.12
eagle lake,me,47.04,-68.59
east andover,me,44.60,-70.73
east baldwin,me,43.86,-70.69
east blue hill,me,44.50,-68.50
east boothbay,me,43.83,-69.59
east dixfield,me,44.57,-70.30
east livermore,me,44.40,-70.13
east machias,me,44.74,-67.38
east millinocket,me,45.63,-68.57
east newport,me,44.82,-69.22
east orland,me,44.57,-68.70
east parsonsfield,me,43.73,-70.92
east poland,me,44.07,-70.33
east vassalboro,me,44.45,-69.61
east waterboro,me,43.60,-70.69
east wilton,me,44.62,-70.19
east winthrop,me,44.32,-69.90
easton,me,46.64,-67.90
eastport,me,44.92,-67.01
eddington,me,44.82,-68.62
edgecomb,me,43.98,-69.62
eliot,me,43.13,-70.78
ellsworth,me,44.55,-68.41
estcourt station,me,47.46,-69.18
etna,me,44.79,-69.13
eustis,me,45.16,-70.46
exeter,me,44.97,-69.11
fairfield,me,44.61,-69.63
falmouth,me,43.73,-70.26
farmingdale,me,44.25,-69.79
farmington,me,44.67,-70.13
farmington falls,me,44.62,-70.08
ft fairfield,me,46.76,-67.84
ft kent,me,47.20,-68.59
ft kent mills,me,47.24,-68.58
frankfort,me,44.60,-68.93
franklin,me,44.61,-68.24
freedom,me,44.46,-69.32
freeport,me,43.85,-70.11
frenchboro,me,44.12,-68.36
frenchville,me,46.68,-68.33
friendship,me,44.01,-69.29
fryeburg,me,44.03,-70.97
gardiner,me,44.21,-69.79
garland,me,45.04,-69.16
georgetown,me,43.82,-69.75
glen cove,me,44.13,-69.09
gorham,me,43.68,-70.47
gouldsboro,me,44.47,-68.09
grand isle,me,47.30,-68.15
grand lake stream,me,45.16,-67.73
gray,me,43.89,-70.34
greenbush,me,45.08,-68.60
greene,me,44.19,-70.15
greenville,me,45.47,-69.58
greenville junction,me,45.49,-69.64
greenwood,me,44.32,-70.65
guilford,me,45.17,-69.40
hallowell,me,44.29,-69.81
hampden,me,44.74,-68.87
hancock,me,44.50,-68.24
hanover,me,44.50,-70.72
harborside,me,44.34,-68.80
harmony,me,45.00,-69.57
harpswell,me,43.78,-69.99
harrington,me,44.61,-67.81
harrison,me,44.11,-70.65
hartland,me,44.88,-69.47
hebron,me,44.20,-70.38
hinckley,me,44.69,-69.63
hiram,me,43.86,-70.85
holden,me,44.74,-68.65
hollis center,me,43.59,-70.61
hope,me,44.26,-69.15
houlton,me,46.12,-67.86
howland,me,45.25,-68.67
hudson,me,44.99,-68.89
hulls cove,me,44.42,-68.25
island falls,me,46.02,-68.27
isle au haut,me,44.06,-68.62
isle of springs,me,43.88,-69.63
islesboro,me,44.31,-68.91
islesford,me,44.26,-68.23
jackman,me,45.64,-70.25
jay,me,44.52,-70.21
jefferson,me,44.19,-69.48
jonesboro,me,44.66,-67.58
jonesport,me,44.55,-67.60
kenduskeag,me,44.92,-68.93
kennebunk,me,43.39,-70.55
kennebunkport,me,43.39,-70.47
kents hill,me,44.44,-70.07
kingfield,me,44.99,-70.18
kingman,me,45.60,-68.24
kittery,me,43.09,-70.74
kittery point,me,43.10,-70.71
lagrange,me,45.18,-68.83
lambert lake,me,45.55,-67.53
lebanon,me,43.41,-70.91
lee,me,45.36,-68.29
leeds,me,44.28,-70.13
levant,me,44.88,-68.98
lewiston,me,44.10,-70.19
liberty,me,44.37,-69.33
limerick,me,43.70,-70.79
limestone,me,46.92,-67.85
limington,me,43.73,-70.68
lincoln,me,45.35,-68.51
lincolnville,me,44.30,-69.08
lincolnville center,me,44.30,-69.11
lisbon,me,44.03,-70.11
lisbon falls,me,44.00,-70.07
litchfield,me,44.16,-69.96
little deer isle,me,44.29,-68.71
livermore,me,44.38,-70.25
livermore falls,me,44.45,-70.19
long island,me,43.69,-70.16
lovell,me,44.16,-70.93
lubec,me,44.83,-67.05
machias,me,44.72,-67.48
machiasport,me,44.68,-67.41
madawaska,me,47.33,-68.33
madison,me,44.81,-69.84
manchester,me,44.31,-69.88
mapleton,me,46.67,-68.15
mars hill,me,46.52,-67.86
matinicus,me,43.87,-68.89
mattawamkeag,me,45.53,-68.35
mechanic falls,me,44.10,-70.37
meddybemps,me,45.02,-67.38
medway,me,45.61,-68.52
mexico,me,44.56,-70.54
milbridge,me,44.54,-67.88
milford,me,44.94,-68.63
millinocket,me,45.66,-68.71
milo,me,45.25,-68.98
minot,me,44.09,-70.32
monhegan,me,43.76,-69.32
monmouth,me,44.22,-70.03
monroe,me,44.59,-69.03
monson,me,45.30,-69.49
monticello,me,46.30,-67.84
moody,me,43.27,-70.60
morrill,me,44.41,-69.15
mt desert,me,44.31,-68.35
mt vernon,me,44.50,-69.99
naples,me,43.97,-70.60
new gloucester,me,43.96,-70.30
new harbor,me,43.86,-69.51
new limerick,me,46.13,-67.84
new portland,me,44.89,-70.09
new sharon,me,44.65,-70.01
new sweden,me,46.96,-68.12
new vineyard,me,44.80,-70.12
newcastle,me,44.05,-69.53
newfield,me,43.65,-70.85
newport,me,44.84,-69.27
newry,me,44.41,-70.79
nobleboro,me,44.09,-69.48
norridgewock,me,44.69,-69.83
north anson,me,44.88,-69.91
north berwick,me,43.33,-70.72
north bridgton,me,44.10,-70.70
north haven,me,44.14,-68.87
north jay,me,44.55,-70.24
north monmouth,me,44.28,-70.04
north turner,me,44.34,-70.26
north vassalboro,me,44.48,-69.58
north waterboro,me,43.64,-70.73
north waterford,me,44.21,-70.72
north yarmouth,me,43.83,-70.28
northeast harbor,me,44.29,-68.29
norway,me,44.21,-70.56
oakfield,me,46.11,-68.13
oakland,me,44.52,-69.74
ocean park,me,43.50,-70.39
ogunquit,me,43.23,-70.60
olamon,me,45.12,-68.61
old orchard beach,me,43.52,-70.39
old town,me,44.94,-68.67
oquossoc,me,44.97,-70.77
orient,me,45.81,-67.84
orland,me,44.55,-68.73
orono,me,44.88,-68.67
orrington,me,44.73,-68.79
orrs island,me,43.77,-69.97
owls head,me,44.07,-69.09
oxbow,me,46.40,-68.52
oxford,me,44.11,-70.51
palermo,me,44.38,-69.43
palmyra,me,44.86,-69.38
paris,me,44.26,-70.50
parsonsfield,me,43.79,-70.89
passadumkeag,me,45.18,-68.60
patten,me,46.01,-68.46
peaks island,me,43.66,-70.19
pemaquid,me,43.89,-69.53
pembroke,me,44.97,-67.20
penobscot,me,44.43,-68.76
perham,me,46.84,-68.20
perry,me,44.99,-67.09
peru,me,44.49,-70.44
phillips,me,44.84,-70.36
phippsburg,me,43.77,-69.81
pittsfield,me,44.79,-69.40
plymouth,me,44.77,-69.23
poland,me,44.02,-70.38
port clyde,me,43.93,-69.25
portage,me,46.78,-68.49
porter,me,43.83,-70.92
portland,me,43.66,-70.26
pownal,me,43.89,-70.20
presque isle,me,46.68,-68.01
princeton,me,45.21,-67.60
prospect harbor,me,44.42,-68.03
randolph,me,44.23,-69.77
rangeley,me,44.96,-70.67
raymond,me,43.92,-70.45
readfield,me,44.40,-69.95
richmond,me,44.10,-69.82
robbinston,me,45.07,-67.14
rockland,me,44.11,-69.11
rockport,me,44.19,-69.09
rockwood,me,45.66,-69.82
round pond,me,43.92,-69.47
roxbury,me,44.66,-70.61
rumford,me,44.54,-70.56
rumford center,me,44.59,-70.70
sabattus,me,44.11,-70.07
saco,me,43.52,-70.45
st agatha,me,47.24,-68.32
st albans,me,44.93,-69.40
st david,me,47.33,-68.23
st francis,me,47.14,-68.95
salsbury cove,me,44.43,-68.28
sandy point,me,44.51,-68.81
sanford,me,43.43,-70.76
sangerville,me,45.14,-69.32
sargentville,me,44.33,-68.71
scarborough,me,43.58,-70.32
seal cove,me,44.29,-68.40
seal harbor,me,44.30,-68.24
searsmont,me,44.38,-69.22
searsport,me,44.49,-68.93
sebago,me,43.88,-70.63
sebago lake,me,43.76,-70.57
sebasco estates,me,43.77,-69.86
sebec,me,45.31,-69.03
sedgwick,me,44.34,-68.64
shapleigh,me,43.57,-70.83
shawmut,me,44.63,-69.59
sheridan,me,46.66,-68.41
sherman,me,45.88,-68.37
shirley mills,me,45.37,-69.62
sinclair,me,47.17,-68.27
skowhegan,me,44.78,-69.70
smithfield,me,44.63,-69.81
smyrna mills,me,46.15,-68.21
solon,me,44.97,-69.83
sorrento,me,44.49,-68.18
south berwick,me,43.23,-70.79
south bristol,me,43.87,-69.56
south casco,me,43.88,-70.51
south china,me,44.40,-69.58
south freeport,me,43.82,-70.11
south gardiner,me,44.18,-69.76
south paris,me,44.22,-70.50
south portland,me,43.63,-70.27
south thomaston,me,44.04,-69.14
south windham,me,43.81,-70.43
southport,me,43.82,-69.67
southwest harbor,me,44.28,-68.33
springfield,me,45.43,-68.11
springvale,me,43.47,-70.81
spruce head,me,44.01,-69.17
squirrel island,me,43.81,-69.63
stacyville,me,45.89,-68.46
standish,me,43.81,-70.48
steep falls,me,43.76,-70.65
stetson,me,44.88,-69.11
steuben,me,44.50,-67.95
stillwater,me,44.91,-68.69
stockholm,me,47.06,-68.21
stockton springs,me,44.51,-68.86
stoneham,me,44.24,-70.85
stonington,me,44.18,-68.67
stratton,me,45.12,-70.43
strong,me,44.82,-70.22
sullivan,me,44.52,-68.20
sumner,me,44.37,-70.43
sunset,me,44.22,-68.71
surry,me,44.49,-68.51
swans island,me,44.15,-68.45
temple,me,44.70,-70.24
tenants harbor,me,43.96,-69.23
thomaston,me,44.08,-69.19
thorndike,me,44.57,-69.25
topsfield,me,45.43,-67.75
topsham,me,43.94,-69.96
trevett,me,43.89,-69.67
troy,me,44.68,-69.25
turner,me,44.26,-70.25
union,me,44.24,-69.25
unity,me,44.60,-69.33
van buren,me,47.16,-67.95
vanceboro,me,45.56,-67.46
vassalboro,me,44.44,-69.65
vienna,me,44.53,-69.99
vinalhaven,me,44.04,-68.84
waite,me,45.36,-67.64
waldoboro,me,44.10,-69.37
wallagrass,me,47.15,-68.60
walpole,me,43.95,-69.55
warren,me,44.13,-69.25
washburn,me,46.79,-68.13
washington,me,44.27,-69.38
waterboro,me,43.57,-70.74
waterford,me,44.18,-70.72
waterville,me,44.55,-69.64
wayne,me,44.35,-70.07
weld,me,44.70,-70.42
wells,me,43.31,-70.60
wesley,me,44.72,-67.46
west baldwin,me,43.83,-70.75
west bethel,me,44.40,-70.86
west boothbay harbor,me,43.85,-69.64
west enfield,me,45.19,-68.47
west farmington,me,44.66,-70.16
west forks,me,45.38,-69.98
west kennebunk,me,43.41,-70.58
west minot,me,44.17,-70.37
west newfield,me,43.64,-70.91
west paris,me,44.33,-70.57
west poland,me,44.05,-70.45
west rockport,me,44.18,-69.15
westbrook,me,43.68,-70.36
westfield,me,46.51,-67.90
whitefield,me,44.22,-69.60
whiting,me,44.79,-67.18
wilton,me,44.59,-70.30
windham,me,43.80,-70.41
windsor,me,44.30,-69.58
winn,me,45.46,-68.36
winter harbor,me,44.39,-68.08
winterport,me,44.66,-68.89
winthrop,me,44.31,-69.97
wiscasset,me,44.01,-69.68
woolwich,me,43.95,-69.79
wytopitlock,me,45.66,-68.11
yarmouth,me,43.80,-70.17
york,me,43.15,-70.66
york beach,me,43.17,-70.61
york harbor,me,43.14,-70.65
acme,mi,44.77,-85.50
ada,mi,42.96,-85.48
addison,mi,42.00,-84.31
adrian,mi,41.90,-84.04
afton,mi,45.36,-84.47
ahmeek,mi,47.30,-88.40
akron,mi,43.58,-83.54
alanson,mi,45.44,-84.79
alba,mi,44.97,-84.97
albion,mi,42.26,-84.76
alden,mi,44.88,-85.22
alger,mi,44.14,-84.19
algonac,mi,42.63,-82.56
allegan,mi,42.53,-85.87
allen,mi,41.93,-84.76
allen park,mi,42.25,-83.21
allendale,mi,42.97,-85.92
allenton,mi,42.92,-82.89
allouez,mi,47.29,-88.41
alma,mi,43.38,-84.66
almont,mi,42.93,-83.04
alpena,mi,45.08,-83.46
alpha,mi,46.04,-88.38
alto,mi,42.82,-85.43
amasa,mi,46.23,-88.45
anchorville,mi,42.71,-82.71
ann arbor,mi,42.28,-83.78
applegate,mi,43.36,-82.65
arcadia,mi,44.52,-86.21
argyle,mi,43.56,-82.94
armada,mi,42.84,-82.89
arnold,mi,46.05,-87.49
ashley,mi,43.19,-84.49
athens,mi,42.10,-85.23
atlanta,mi,44.99,-84.15
atlantic mine,mi,47.09,-88.66
atlas,mi,42.94,-83.53
attica,mi,43.05,-83.17
au gres,mi,44.03,-83.70
au train,mi,46.43,-86.78
auburn,mi,43.61,-84.10
auburn hills,mi,42.69,-83.23
augusta,mi,42.36,-85.35
avoca,mi,43.06,-82.68
azalia,mi,42.02,-83.67
bad axe,mi,43.81,-83.01
bailey,mi,43.28,-85.83
baldwin,mi,43.89,-85.88
bancroft,mi,42.88,-84.12
bangor,mi,42.33,-86.13
bannister,mi,43.16,-84.36
baraga,mi,46.79,-88.50
barbeau,mi,46.28,-84.22
bark river,mi,45.71,-87.24
baroda,mi,41.95,-86.49
barryton,mi,43.75,-85.15
barton city,mi,44.70,-83.60
bath,mi,42.82,-84.45
battle creek,mi,42.31,-85.14
bay city,mi,43.61,-83.92
bay port,mi,43.84,-83.35
bay shore,mi,45.32,-85.26
bear lake,mi,44.43,-86.14
beaver island,mi,45.72,-85.53
beaverton,mi,43.89,-84.42
bedford,mi,42.40,-85.23
belding,mi,43.09,-85.23
bellaire,mi,44.98,-85.23
belleville,mi,42.19,-83.49
bellevue,mi,42.45,-85.05
belmont,mi,43.08,-85.59
bentley,mi,43.89,-84.14
benton harbor,mi,42.11,-86.42
benzonia,mi,44.60,-86.10
bergland,mi,46.59,-89.60
berkley,mi,42.50,-83.19
berrien center,mi,41.95,-86.29
berrien springs,mi,41.95,-86.35
bessemer,mi,46.48,-90.05
beulah,mi,44.65,-86.04
big bay,mi,46.82,-87.73
big rapids,mi,43.69,-85.48
birch run,mi,43.26,-83.79
birmingham,mi,42.54,-83.21
bitely,mi,43.73,-85.88
black river,mi,44.81,-83.34
blanchard,mi,43.52,-85.06
blissfield,mi,41.83,-83.88
bloomfield hills,mi,42.55,-83.28
bloomingdale,mi,42.38,-85.96
boon,mi,44.29,-85.61
boyne city,mi,45.21,-85.02
boyne falls,mi,45.21,-84.89
bradley,mi,42.63,-85.64
branch,mi,43.92,-86.13
brant,mi,43.25,-84.30
breckenridge,mi,43.39,-84.50
breedsville,mi,42.35,-86.07
brethren,mi,44.30,-86.00
bridgeport,mi,43.36,-83.85
bridgewater,mi,42.16,-83.90
bridgman,mi,41.94,-86.55
brighton,mi,42.53,-83.78
brimley,mi,46.41,-84.56
britton,mi,41.99,-83.84
brohman,mi,43.69,-85.82
bronson,mi,41.86,-85.18
brooklyn,mi,42.10,-84.24
brown city,mi,43.22,-83.00
bruce crossing,mi,46.53,-89.17
brutus,mi,45.51,-84.75
buchanan,mi,41.83,-86.37
buckley,mi,44.52,-85.69
burlington,mi,42.12,-85.11
burnips,mi,42.73,-85.84
burr oak,mi,41.85,-85.33
burt,mi,43.24,-83.95
burt lake,mi,45.44,-84.71
burton,mi,43.02,-83.61
byron,mi,42.81,-83.97
byron center,mi,42.80,-85.71
cadillac,mi,44.25,-85.43
caledonia,mi,42.80,-85.56
calumet,mi,47.24,-88.44
camden,mi,41.74,-84.72
cannonsburg,mi,43.05,-85.47
canton,mi,42.33,-83.47
capac,mi,43.02,-82.93
carleton,mi,42.05,-83.38
carney,mi,45.59,-87.54
caro,mi,43.48,-83.38
carp lake,mi,45.74,-84.77
carrollton,mi,43.46,-83.93
carson city,mi,43.17,-84.87
carsonville,mi,43.43,-82.60
casco,mi,42.77,-82.67
caseville,mi,43.94,-83.27
casnovia,mi,43.24,-85.83
caspian,mi,46.06,-88.63
cass city,mi,43.58,-83.17
cassopolis,mi,41.90,-85.99
cedar,mi,44.84,-85.75
cedar lake,mi,43.41,-84.97
cedar springs,mi,43.22,-85.55
cedarville,mi,46.00,-84.35
cement city,mi,42.06,-84.33
center line,mi,42.48,-83.02
central lake,mi,45.07,-85.27
centreville,mi,41.92,-85.50
ceresco,mi,42.21,-85.11
champion,mi,46.47,-87.83
channing,mi,46.15,-88.08
charlevoix,mi,45.30,-85.25
charlotte,mi,42.57,-84.84
chase,mi,43.87,-85.62
chassell,mi,47.00,-88.55
chatham,mi,46.29,-86.76
cheboygan,mi,45.61,-84.49
chelsea,mi,42.32,-84.03
chesaning,mi,43.18,-84.11
chippewa lake,mi,43.74,-85.30
clare,mi,43.82,-84.76
clarklake,mi,42.12,-84.35
clarkston,mi,42.72,-83.41
clarksville,mi,42.83,-85.25
clawson,mi,42.54,-83.15
clayton,mi,41.87,-84.18
clifford,mi,43.31,-83.17
climax,mi,42.23,-85.32
clinton,mi,42.06,-83.94
clinton township,mi,42.56,-82.91
clio,mi,43.18,-83.72
cloverdale,mi,42.64,-85.31
cohoctah,mi,42.76,-83.95
coldwater,mi,41.93,-85.01
coleman,mi,43.75,-84.59
coloma,mi,42.20,-86.32
colon,mi,41.96,-85.33
columbiaville,mi,43.15,-83.38
columbus,mi,42.85,-82.68
comins,mi,44.83,-84.03
commerce township,mi,42.59,-83.49
comstock,mi,42.29,-85.51
comstock park,mi,43.06,-85.68
concord,mi,42.19,-84.65
conklin,mi,43.15,-85.85
constantine,mi,41.85,-85.66
conway,mi,45.42,-84.87
cooks,mi,45.90,-86.53
coopersville,mi,43.06,-85.95
copemish,mi,44.45,-85.89
copper city,mi,47.28,-88.39
copper harbor,mi,47.25,-88.45
coral,mi,43.36,-85.38
cornell,mi,45.91,-87.22
corunna,mi,43.04,-84.03
covert,mi,42.29,-86.27
covington,mi,46.56,-88.52
cross village,mi,45.64,-85.04
croswell,mi,43.26,-82.63
crystal,mi,43.26,-84.90
crystal falls,mi,46.11,-88.35
curran,mi,44.73,-83.83
curtis,mi,46.20,-85.79
custer,mi,43.94,-86.22
dafter,mi,46.35,-84.40
daggett,mi,45.49,-87.61
dansville,mi,42.55,-84.29
davisburg,mi,42.75,-83.52
davison,mi,43.03,-83.53
de tour village,mi,45.99,-83.94
dearborn,mi,42.31,-83.16
dearborn heights,mi,42.28,-83.26
decatur,mi,42.10,-86.03
decker,mi,43.48,-83.06
deckerville,mi,43.52,-82.72
deerfield,mi,41.89,-83.78
deerton,mi,46.48,-87.04
deford,mi,43.47,-83.17
delton,mi,42.51,-85.41
detroit,mi,42.35,-83.06
dewitt,mi,42.84,-84.58
dexter,mi,42.36,-83.90
dimondale,mi,42.65,-84.65
dodgeville,mi,47.09,-88.58
dollar bay,mi,47.12,-88.51
dorr,mi,42.72,-85.76
douglas,mi,42.64,-86.20
dowagiac,mi,41.99,-86.12
dowling,mi,42.50,-85.25
drayton plains,mi,42.68,-83.38
drummond island,mi,46.01,-83.74
dryden,mi,42.94,-83.15
dundee,mi,41.95,-83.65
durand,mi,42.91,-83.99
eagle,mi,42.83,-84.76
east china,mi,42.78,-82.53
east jordan,mi,45.15,-85.14
east lansing,mi,42.74,-84.48
east leroy,mi,42.20,-85.23
east tawas,mi,44.30,-83.48
eastlake,mi,44.24,-86.30
eastpointe,mi,42.47,-82.95
eastport,mi,45.11,-85.35
eaton rapids,mi,42.52,-84.66
eau claire,mi,42.02,-86.30
eben junction,mi,46.35,-87.03
eckerman,mi,46.35,-85.16
ecorse,mi,42.25,-83.15
edenville,mi,43.80,-84.40
edmore,mi,43.41,-85.03
edwardsburg,mi,41.79,-86.03
elberta,mi,44.62,-86.23
elk rapids,mi,44.90,-85.41
elkton,mi,43.83,-83.18
ellsworth,mi,45.16,-85.26
elm hall,mi,43.37,-84.84
elmira,mi,45.03,-84.83
elsie,mi,43.09,-84.39
elwell,mi,43.41,-84.76
emmett,mi,42.99,-82.79
empire,mi,44.84,-85.99
engadine,mi,46.20,-85.60
erie,mi,41.78,-83.50
escanaba,mi,45.77,-87.09
essexville,mi,43.61,-83.82
eureka,mi,43.10,-84.51
evart,mi,43.89,-85.26
ewen,mi,46.54,-89.31
fair haven,mi,42.68,-82.64
fairgrove,mi,43.51,-83.58
fairview,mi,44.72,-84.05
falmouth,mi,44.25,-85.02
farmington,mi,42.51,-83.41
farwell,mi,43.83,-84.88
felch,mi,45.82,-88.07
fennville,mi,42.58,-86.12
fenton,mi,42.79,-83.73
fenwick,mi,43.15,-85.07
ferndale,mi,42.46,-83.14
ferrysburg,mi,43.08,-86.22
fife lake,mi,44.57,-85.25
filer city,mi,44.22,-86.29
filion,mi,43.90,-82.98
flat rock,mi,42.11,-83.28
flint,mi,43.02,-83.69
flushing,mi,43.07,-83.84
forestville,mi,43.66,-82.61
ft gratiot,mi,43.07,-82.50
foster city,mi,46.00,-87.80
fostoria,mi,43.26,-83.38
fountain,mi,44.04,-86.22
fowler,mi,42.99,-84.76
fowlerville,mi,42.66,-84.07
frankenmuth,mi,43.34,-83.75
frankfort,mi,44.63,-86.22
franklin,mi,42.52,-83.25
fraser,mi,42.54,-82.95
frederic,mi,44.84,-84.68
free soil,mi,44.11,-86.27
freeland,mi,43.52,-84.18
freeport,mi,42.73,-85.28
fremont,mi,43.47,-85.96
frontier,mi,41.78,-84.60
fruitport,mi,43.14,-86.14
fulton,mi,42.14,-85.32
gaastra,mi,46.05,-88.59
gagetown,mi,43.65,-83.26
gaines,mi,42.88,-83.89
galesburg,mi,42.29,-85.42
galien,mi,41.82,-86.50
garden,mi,45.75,-86.58
garden city,mi,42.32,-83.34
gaylord,mi,45.03,-84.67
genesee,mi,43.11,-83.62
germfask,mi,46.24,-85.92
gilford,mi,43.49,-83.62
gladstone,mi,45.86,-87.03
gladwin,mi,44.03,-84.50
glen arbor,mi,44.84,-86.04
glenn,mi,42.52,-86.23
glennie,mi,44.56,-83.69
gobles,mi,42.37,-85.85
goetzville,mi,46.10,-84.06
good hart,mi,45.57,-85.11
goodells,mi,43.00,-82.62
goodrich,mi,42.91,-83.48
gould city,mi,46.13,-85.73
gowen,mi,43.22,-85.32
grand blanc,mi,42.93,-83.63
grand haven,mi,43.04,-86.19
grand junction,mi,42.38,-86.05
grand ledge,mi,42.75,-84.74
grand marais,mi,46.65,-85.98
grand rapids,mi,42.97,-85.67
grandville,mi,42.89,-85.76
grant,mi,43.34,-85.84
grass lake,mi,42.27,-84.19
grawn,mi,44.64,-85.71
grayling,mi,44.67,-84.69
greenbush,mi,44.55,-83.33
greenland,mi,46.78,-89.10
greenville,mi,43.18,-85.25
gregory,mi,42.45,-84.05
grosse ile,mi,42.13,-83.15
grosse pointe,mi,42.38,-82.92
gulliver,mi,46.01,-86.02
gwinn,mi,46.29,-87.43
hadley,mi,42.95,-83.40
hagar shores,mi,42.19,-86.31
hale,mi,44.38,-83.84
hamburg,mi,42.45,-83.80
hamilton,mi,42.69,-85.97
hamtramck,mi,42.41,-83.06
hancock,mi,47.14,-88.57
hanover,mi,42.10,-84.58
harbert,mi,41.87,-86.63
harbor beach,mi,43.83,-82.69
harbor springs,mi,45.46,-84.98
harper woods,mi,42.44,-82.93
harrietta,mi,44.30,-85.74
harris,mi,45.70,-87.35
harrison,mi,44.03,-84.77
harrison township,mi,42.60,-82.84
harrisville,mi,44.65,-83.34
harsens island,mi,42.59,-82.59
hart,mi,43.71,-86.31
hartford,mi,42.21,-86.17
hartland,mi,42.64,-83.71
haslett,mi,42.75,-84.40
hastings,mi,42.64,-85.29
hawks,mi,45.30,-83.85
hazel park,mi,42.46,-83.10
hemlock,mi,43.41,-84.23
henderson,mi,43.08,-84.19
hermansville,mi,45.71,-87.62
herron,mi,45.01,-83.65
hersey,mi,43.85,-85.41
hesperia,mi,43.60,-86.06
hessel,mi,46.00,-84.43
hickory corners,mi,42.42,-85.40
higgins lake,mi,44.48,-84.78
highland,mi,42.67,-83.59
highland park,mi,42.42,-83.10
hillman,mi,45.07,-83.95
hillsdale,mi,41.92,-84.62
holland,mi,42.79,-86.11
holly,mi,42.79,-83.61
holt,mi,42.64,-84.52
holton,mi,43.44,-86.15
homer,mi,42.14,-84.82
honor,mi,44.70,-86.04
hope,mi,43.79,-84.33
hopkins,mi,42.64,-85.73
horton,mi,42.12,-84.50
houghton,mi,47.12,-88.56
houghton lake,mi,44.34,-84.74
houghton lake heights,mi,44.33,-84.77
howard city,mi,43.41,-85.49
howell,mi,42.62,-83.92
hubbard lake,mi,44.89,-83.61
hubbardston,mi,43.08,-84.82
hubbell,mi,47.17,-88.43
hudson,mi,41.86,-84.34
hudsonville,mi,42.87,-85.88
hulbert,mi,46.35,-85.15
huntington woods,mi,42.48,-83.17
ida,mi,41.85,-83.59
idlewild,mi,43.91,-85.72
imlay city,mi,43.04,-83.07
indian river,mi,45.43,-84.60
ingalls,mi,45.37,-87.62
inkster,mi,42.29,-83.31
interlochen,mi,44.65,-85.80
ionia,mi,42.99,-85.07
iron mountain,mi,45.82,-88.07
iron river,mi,46.09,-88.65
irons,mi,44.10,-85.94
ironwood,mi,46.46,-90.16
ishpeming,mi,46.49,-87.68
ithaca,mi,43.28,-84.61
jackson,mi,42.25,-84.39
jamestown,mi,42.83,-85.84
jasper,mi,41.76,-83.95
jeddo,mi,43.13,-82.55
jenison,mi,42.91,-85.83
jerome,mi,42.05,-84.45
johannesburg,mi,45.02,-84.39
jones,mi,41.91,-85.83
jonesville,mi,41.98,-84.65
kalamazoo,mi,42.27,-85.55
kaleva,mi,44.37,-86.05
kalkaska,mi,44.74,-85.12
kawkawlin,mi,43.68,-83.99
kearsarge,mi,47.27,-88.42
keego harbor,mi,42.61,-83.34
kendall,mi,42.36,-85.81
kent city,mi,43.24,-85.74
kewadin,mi,45.01,-85.35
kincheloe,mi,46.37,-84.85
kinde,mi,43.95,-82.98
kingsford,mi,45.80,-88.07
kingsley,mi,44.58,-85.53
kingston,mi,43.40,-83.18
kinross,mi,46.42,-84.75
la salle,mi,41.86,-83.47
lachine,mi,45.04,-83.75
lacota,mi,42.41,-86.13
laingsburg,mi,42.86,-84.35
lake,mi,43.85,-84.98
lake ann,mi,44.73,-85.85
lake city,mi,44.36,-85.21
lake george,mi,43.96,-84.95
lake leelanau,mi,44.99,-85.73
lake linden,mi,47.17,-88.41
lake odessa,mi,42.79,-85.14
lake orion,mi,42.72,-83.29
lakeland,mi,42.46,-83.84
lakeside,mi,41.85,-86.67
lakeview,mi,43.43,-85.29
lakeville,mi,42.82,-83.15
lambertville,mi,41.75,-83.63
lamont,mi,43.01,-85.91
lanse,mi,46.77,-88.42
lansing,mi,42.73,-84.64
lapeer,mi,43.06,-83.33
lawrence,mi,42.21,-86.05
lawton,mi,42.15,-85.83
leland,mi,45.01,-86.09
lennon,mi,42.97,-83.93
leonard,mi,42.84,-83.14
leonidas,mi,42.03,-85.35
leroy,mi,44.05,-85.43
leslie,mi,42.46,-84.42
levering,mi,45.64,-84.80
lewiston,mi,44.85,-84.30
lexington,mi,43.24,-82.53
lincoln,mi,44.71,-83.39
lincoln park,mi,42.24,-83.18
linden,mi,42.81,-83.80
linwood,mi,43.74,-84.01
litchfield,mi,42.05,-84.64
little lake,mi,46.05,-87.41
livonia,mi,42.36,-83.36
long lake,mi,44.45,-83.82
loretto,mi,45.78,-87.81
lowell,mi,42.95,-85.37
ludington,mi,43.97,-86.44
luna pier,mi,41.82,-83.44
lupton,mi,44.40,-83.99
luther,mi,44.05,-85.68
luzerne,mi,44.63,-84.25
lyons,mi,42.96,-84.92
macatawa,mi,42.77,-86.21
mackinac island,mi,45.86,-84.62
mackinaw city,mi,45.78,-84.73
macomb,mi,42.70,-82.96
madison heights,mi,42.50,-83.10
mancelona,mi,44.91,-85.06
manchester,mi,42.16,-84.03
manistee,mi,44.23,-86.29
manistique,mi,45.98,-86.28
manitou beach,mi,41.97,-84.28
manton,mi,44.42,-85.42
maple city,mi,44.86,-85.88
maple rapids,mi,43.10,-84.69
marcellus,mi,42.03,-85.80
marenisco,mi,46.36,-89.68
marine city,mi,42.72,-82.51
marion,mi,44.05,-85.16
marlette,mi,43.34,-83.06
marne,mi,43.05,-85.84
marquette,mi,46.53,-87.39
marshall,mi,42.27,-84.96
martin,mi,42.55,-85.61
marysville,mi,42.91,-82.48
mason,mi,42.58,-84.46
mass city,mi,46.75,-89.06
mattawan,mi,42.25,-85.79
maybee,mi,42.03,-83.52
mayfield,mi,44.63,-85.53
mayville,mi,43.36,-83.37
mc bain,mi,44.22,-85.23
mc millan,mi,46.30,-85.73
mcbrides,mi,43.35,-85.04
mears,mi,43.68,-86.45
mecosta,mi,43.68,-85.23
melvin,mi,43.19,-82.84
melvindale,mi,42.28,-83.18
memphis,mi,42.91,-82.77
mendon,mi,42.01,-85.47
menominee,mi,45.13,-87.62
merrill,mi,43.39,-84.33
merritt,mi,44.37,-85.02
mesick,mi,44.41,-85.71
metamora,mi,42.94,-83.32
michigamme,mi,46.67,-87.89
michigan center,mi,42.23,-84.32
middleton,mi,43.17,-84.76
middleville,mi,42.69,-85.48
midland,mi,43.64,-84.27
mikado,mi,44.58,-83.44
milan,mi,42.09,-83.68
milford,mi,42.60,-83.65
millersburg,mi,45.40,-84.12
millington,mi,43.27,-83.56
minden city,mi,43.68,-82.73
mio,mi,44.67,-84.14
mohawk,mi,47.32,-88.33
moline,mi,42.74,-85.66
monroe,mi,41.93,-83.40
montague,mi,43.42,-86.37
montgomery,mi,41.79,-84.85
montrose,mi,43.18,-83.88
moran,mi,46.04,-85.01
morenci,mi,41.74,-84.22
morley,mi,43.51,-85.45
morrice,mi,42.84,-84.18
moscow,mi,42.05,-84.51
mosherville,mi,42.06,-84.66
mt clemens,mi,42.58,-82.89
mt morris,mi,43.12,-83.69
mt pleasant,mi,43.60,-84.78
muir,mi,43.04,-84.94
mullett lake,mi,45.54,-84.52
mulliken,mi,42.74,-84.90
munger,mi,43.53,-83.77
munising,mi,46.41,-86.63
munith,mi,42.37,-84.25
muskegon,mi,43.23,-86.25
nadeau,mi,45.61,-87.55
nahma,mi,45.84,-86.66
napoleon,mi,42.16,-84.25
nashville,mi,42.59,-85.12
national city,mi,44.31,-83.68
national mine,mi,46.49,-87.67
naubinway,mi,46.13,-85.45
nazareth,mi,42.35,-85.53
negaunee,mi,46.50,-87.58
new baltimore,mi,42.68,-82.78
new boston,mi,42.14,-83.36
new buffalo,mi,41.79,-86.75
new era,mi,43.56,-86.34
new haven,mi,42.73,-82.82
new hudson,mi,42.51,-83.63
new lothrop,mi,43.14,-83.99
new troy,mi,41.88,-86.55
newaygo,mi,43.42,-85.76
newberry,mi,46.34,-85.51
newport,mi,41.98,-83.28
niles,mi,41.82,-86.24
nisula,mi,46.77,-88.83
north adams,mi,41.97,-84.52
north branch,mi,43.21,-83.23
north star,mi,43.25,-84.54
north street,mi,43.03,-82.54
northport,mi,45.12,-85.62
northville,mi,42.43,-83.48
norvell,mi,42.16,-84.18
norway,mi,45.79,-87.90
nottawa,mi,41.92,-85.45
novi,mi,42.47,-83.52
nunica,mi,43.09,-86.10
oak park,mi,42.47,-83.18
oakland,mi,42.77,-83.17
oakley,mi,43.15,-84.21
oden,mi,45.42,-84.83
okemos,mi,42.72,-84.43
old mission,mi,44.96,-85.49
olivet,mi,42.45,-84.90
omena,mi,45.06,-85.59
omer,mi,44.05,-83.84
onaway,mi,45.34,-84.21
onekama,mi,44.36,-86.21
onondaga,mi,42.45,-84.55
onsted,mi,42.03,-84.18
ontonagon,mi,46.83,-89.35
orleans,mi,43.09,-85.12
ortonville,mi,42.84,-83.43
oscoda,mi,44.45,-83.36
oshtemo,mi,42.26,-85.68
osseo,mi,41.84,-84.60
ossineke,mi,44.91,-83.46
otisville,mi,43.17,-83.52
otsego,mi,42.47,-85.70
ottawa lake,mi,41.77,-83.69
otter lake,mi,43.22,-83.42
ovid,mi,43.00,-84.36
owendale,mi,43.72,-83.23
owosso,mi,42.99,-84.16
oxford,mi,42.83,-83.20
painesdale,mi,47.04,-88.67
palmer,mi,46.44,-87.59
palms,mi,43.63,-82.70
palmyra,mi,41.87,-83.97
palo,mi,43.11,-84.99
paradise,mi,46.60,-85.06
paris,mi,43.77,-85.52
parma,mi,42.27,-84.60
paw paw,mi,42.23,-85.90
pearces,mi,42.63,-83.92
peck,mi,43.27,-82.82
pelkie,mi,46.79,-88.63
pellston,mi,45.57,-84.84
pentwater,mi,43.82,-86.39
perkins,mi,45.98,-87.07
perrinton,mi,43.16,-84.67
perronville,mi,45.83,-87.40
perry,mi,42.82,-84.23
petersburg,mi,41.88,-83.69
petoskey,mi,45.36,-84.94
pewamo,mi,43.00,-84.85
pickford,mi,46.16,-84.37
pierson,mi,43.34,-85.51
pigeon,mi,43.82,-83.28
pinckney,mi,42.46,-83.91
pinconning,mi,43.85,-84.01
pittsford,mi,41.90,-84.44
plainwell,mi,42.45,-85.60
pleasant lake,mi,42.39,-84.34
pleasant ridge,mi,42.47,-83.14
plymouth,mi,42.37,-83.48
pointe aux pins,mi,45.75,-84.45
pompeii,mi,43.18,-84.60
pontiac,mi,42.67,-83.29
port austin,mi,44.02,-83.00
port hope,mi,43.93,-82.75
port huron,mi,43.00,-82.46
port sanilac,mi,43.43,-82.55
portage,mi,42.21,-85.60
portland,mi,42.86,-84.91
posen,mi,45.22,-83.64
potterville,mi,42.64,-84.73
powers,mi,45.68,-87.53
prescott,mi,44.21,-84.02
presque isle,mi,45.30,-83.48
prudenville,mi,44.30,-84.66
pullman,mi,42.47,-86.08
quincy,mi,41.97,-84.85
quinnesec,mi,45.80,-87.99
ralph,mi,46.11,-87.78
ramsay,mi,46.47,-90.00
rapid city,mi,44.84,-85.29
rapid river,mi,45.91,-86.88
ravenna,mi,43.21,-85.96
ray,mi,42.79,-82.93
reading,mi,41.84,-84.76
redford,mi,42.38,-83.29
reed city,mi,43.89,-85.51
reese,mi,43.45,-83.70
remus,mi,43.60,-85.16
republic,mi,46.37,-87.99
rhodes,mi,43.85,-84.21
richland,mi,42.38,-85.44
richmond,mi,42.81,-82.73
richville,mi,43.41,-83.68
riga,mi,41.80,-83.80
river rouge,mi,42.27,-83.14
riverdale,mi,43.41,-84.83
riverside,mi,42.18,-86.38
riverview,mi,42.17,-83.21
rives junction,mi,42.39,-84.46
rochester,mi,42.71,-83.16
rock,mi,46.05,-87.13
rockford,mi,43.12,-85.51
rockland,mi,46.74,-89.18
rockwood,mi,42.08,-83.22
rodney,mi,43.74,-85.32
rogers city,mi,45.41,-83.84
romeo,mi,42.80,-83.02
romulus,mi,42.22,-83.36
roscommon,mi,44.48,-84.66
rose city,mi,44.42,-84.13
rosebush,mi,43.68,-84.78
roseville,mi,42.50,-82.94
rothbury,mi,43.51,-86.34
royal oak,mi,42.49,-83.14
rudyard,mi,46.20,-84.55
rumely,mi,46.34,-86.94
ruth,mi,43.74,-82.74
saginaw,mi,43.40,-83.92
sagola,mi,46.08,-88.07
st charles,mi,43.29,-84.16
st clair,mi,42.83,-82.51
st clair shores,mi,42.46,-82.90
st helen,mi,44.37,-84.42
st ignace,mi,45.92,-84.71
st johns,mi,43.01,-84.57
st joseph,mi,42.06,-86.48
st louis,mi,43.43,-84.60
salem,mi,42.41,-83.58
saline,mi,42.17,-83.78
samaria,mi,41.81,-83.58
sand creek,mi,41.78,-84.08
sand lake,mi,43.30,-85.54
sandusky,mi,43.41,-82.84
sanford,mi,43.72,-84.40
saranac,mi,42.93,-85.23
saugatuck,mi,42.64,-86.19
sault sainte marie,mi,46.47,-84.35
sawyer,mi,41.88,-86.59
schoolcraft,mi,42.13,-85.66
scotts,mi,42.18,-85.47
scottville,mi,43.98,-86.32
sears,mi,43.90,-85.19
sebewaing,mi,43.73,-83.44
seney,mi,46.39,-85.97
shaftsburg,mi,42.80,-84.29
shelby,mi,43.61,-86.36
shelbyville,mi,42.59,-85.63
shepherd,mi,43.57,-84.59
sheridan,mi,43.21,-85.05
sherwood,mi,42.01,-85.24
shingleton,mi,46.35,-86.48
sidnaw,mi,46.50,-88.71
sidney,mi,43.24,-85.12
silverwood,mi,43.31,-83.27
six lakes,mi,43.43,-85.14
skandia,mi,46.35,-87.25
skanee,mi,46.87,-88.17
smiths creek,mi,42.92,-82.57
smyrna,mi,43.06,-85.26
snover,mi,43.49,-82.93
sodus,mi,42.05,-86.39
somerset,mi,42.04,-84.39
somerset center,mi,42.05,-84.41
south boardman,mi,44.64,-85.25
south branch,mi,44.50,-83.87
south haven,mi,42.40,-86.25
south lyon,mi,42.46,-83.66
south range,mi,47.07,-88.64
south rockwood,mi,42.06,-83.27
southfield,mi,42.46,-83.29
southgate,mi,42.20,-83.20
spalding,mi,45.70,-87.50
sparta,mi,43.16,-85.69
spring arbor,mi,42.21,-84.55
spring lake,mi,43.09,-86.19
springport,mi,42.38,-84.70
spruce,mi,44.82,-83.50
stambaugh,mi,46.08,-88.63
standish,mi,43.97,-83.94
stanton,mi,43.31,-85.10
stanwood,mi,43.60,-85.44
stephenson,mi,45.42,-87.63
sterling,mi,44.07,-84.01
sterling heights,mi,42.56,-83.07
stevensville,mi,42.02,-86.51
stockbridge,mi,42.46,-84.18
strongs,mi,46.37,-85.04
sturgis,mi,41.81,-85.43
sumner,mi,43.31,-84.79
sunfield,mi,42.77,-84.98
suttons bay,mi,44.97,-85.64
swartz creek,mi,42.95,-83.82
sylvan beach,mi,43.41,-86.35
tawas city,mi,44.27,-83.54
taylor,mi,42.23,-83.27
tecumseh,mi,42.00,-83.96
tekonsha,mi,42.09,-84.99
temperance,mi,41.77,-83.58
thompsonville,mi,44.52,-85.95
three oaks,mi,41.81,-86.62
three rivers,mi,41.96,-85.64
tipton,mi,42.04,-84.08
toivola,mi,46.99,-88.86
topinabee,mi,45.48,-84.60
tower,mi,45.34,-84.30
traverse city,mi,44.74,-85.62
trenary,mi,46.19,-86.95
trenton,mi,42.13,-83.22
trout creek,mi,46.49,-89.03
trout lake,mi,46.19,-85.02
troy,mi,42.56,-83.15
trufant,mi,43.32,-85.37
turner,mi,44.11,-83.65
tuscola,mi,43.33,-83.66
tustin,mi,44.11,-85.49
twin lake,mi,43.34,-86.16
twining,mi,44.13,-83.85
ubly,mi,43.69,-82.96
union,mi,41.78,-85.85
union city,mi,42.06,-85.14
union lake,mi,42.61,-83.45
union pier,mi,41.83,-86.69
unionville,mi,43.65,-83.47
university center,mi,43.56,-83.99
utica,mi,42.66,-83.00
vandalia,mi,41.90,-85.88
vanderbilt,mi,45.15,-84.65
vassar,mi,43.37,-83.58
vermontville,mi,42.64,-85.01
vernon,mi,42.94,-84.03
vestaburg,mi,43.39,-84.91
vicksburg,mi,42.12,-85.50
vulcan,mi,45.76,-87.82
wakefield,mi,46.48,-89.94
waldron,mi,41.74,-84.45
walhalla,mi,43.95,-86.11
walkerville,mi,43.76,-86.08
wallace,mi,45.30,-87.58
walled lake,mi,42.55,-83.48
walloon lake,mi,45.27,-84.93
warren,mi,42.52,-82.98
washington,mi,42.73,-83.03
waterford,mi,42.64,-83.41
waters,mi,44.88,-84.70
watersmeet,mi,46.25,-89.21
watervliet,mi,42.19,-86.26
watton,mi,46.51,-88.60
wayland,mi,42.66,-85.62
wayne,mi,42.28,-83.38
webberville,mi,42.66,-84.17
weidman,mi,43.65,-85.00
wells,mi,45.78,-87.07
wellston,mi,44.21,-85.96
west bloomfield,mi,42.54,-83.38
west branch,mi,44.28,-84.23
west olive,mi,42.91,-86.13
westland,mi,42.32,-83.37
weston,mi,41.77,-84.10
westphalia,mi,42.91,-84.79
wetmore,mi,46.35,-86.63
wheeler,mi,43.40,-84.42
white cloud,mi,43.54,-85.76
white lake,mi,42.66,-83.54
white pigeon,mi,41.79,-85.68
white pine,mi,46.75,-89.58
whitehall,mi,43.39,-86.33
whitmore lake,mi,42.43,-83.78
whittaker,mi,42.13,-83.60
whittemore,mi,44.23,-83.81
williamsburg,mi,44.80,-85.43
williamston,mi,42.70,-84.29
willis,mi,42.13,-83.57
wilson,mi,45.66,-87.40
winn,mi,43.52,-84.90
wixom,mi,42.53,-83.53
wolverine,mi,45.29,-84.61
woodland,mi,42.71,-85.13
wyandotte,mi,42.20,-83.18
wyoming,mi,42.90,-85.71
yale,mi,43.12,-82.80
ypsilanti,mi,42.23,-83.63
zeeland,mi,42.83,-86.01
ada,mn,47.32,-96.50
adams,mn,43.56,-92.73
adolph,mn,46.84,-92.22
adrian,mn,43.62,-95.93
afton,mn,44.87,-92.82
ah gwah ching,mn,46.24,-93.27
aitkin,mn,46.48,-93.65
akeley,mn,47.00,-94.72
albany,mn,45.62,-94.57
albert lea,mn,43.65,-93.37
alberta,mn,45.56,-96.05
albertville,mn,45.25,-93.65
alborn,mn,46.98,-92.56
alden,mn,43.65,-93.58
aldrich,mn,46.40,-94.99
alexandria,mn,45.88,-95.38
almelund,mn,45.49,-92.79
alpha,mn,43.59,-94.91
altura,mn,44.14,-91.97
alvarado,mn,48.20,-96.99
amboy,mn,43.89,-94.18
andover,mn,45.25,-93.28
angle inlet,mn,49.32,-95.09
angora,mn,47.76,-92.64
annandale,mn,45.25,-94.11
anoka,mn,45.24,-93.41
appleton,mn,45.21,-95.99
arco,mn,44.41,-96.20
argyle,mn,48.33,-96.87
arlington,mn,44.62,-94.08
ashby,mn,46.08,-95.82
askov,mn,46.20,-92.75
atwater,mn,45.11,-94.79
audubon,mn,46.87,-95.99
aurora,mn,47.50,-92.24
austin,mn,43.67,-92.98
avoca,mn,43.97,-95.60
avon,mn,45.61,-94.44
babbitt,mn,47.71,-91.96
backus,mn,46.87,-94.40
badger,mn,48.79,-96.10
bagley,mn,47.49,-95.41
balaton,mn,44.23,-95.88
barnesville,mn,46.68,-96.37
barnum,mn,46.52,-92.63
barrett,mn,45.90,-95.88
barry,mn,45.55,-96.56
battle lake,mn,46.31,-95.71
baudette,mn,48.69,-94.60
baxter,mn,46.34,-94.29
bayport,mn,45.02,-92.78
beardsley,mn,45.55,-96.71
beaver bay,mn,47.26,-91.30
beaver creek,mn,43.62,-96.37
becker,mn,45.44,-93.84
bejou,mn,47.45,-95.95
belgrade,mn,45.49,-94.97
belle plaine,mn,44.61,-93.76
bellingham,mn,45.16,-96.32
beltrami,mn,47.57,-96.45
belview,mn,44.61,-95.32
bemidji,mn,47.49,-94.85
bena,mn,47.35,-94.25
benedict,mn,47.16,-94.69
benson,mn,45.31,-95.58
bertha,mn,46.25,-95.04
bethel,mn,45.39,-93.23
big falls,mn,48.16,-93.73
big lake,mn,45.35,-93.74
bigelow,mn,43.53,-95.65
bigfork,mn,47.75,-93.67
bingham lake,mn,43.89,-95.05
birchdale,mn,48.62,-94.17
bird island,mn,44.75,-94.87
biwabik,mn,47.53,-92.34
blackduck,mn,47.74,-94.50
blomkest,mn,44.94,-95.06
blooming prairie,mn,43.90,-93.06
blue earth,mn,43.64,-94.09
bluffton,mn,46.49,-95.22
bock,mn,45.78,-93.55
borup,mn,47.19,-96.55
bovey,mn,47.29,-93.37
bowlus,mn,45.81,-94.42
bowstring,mn,47.54,-93.80
boyd,mn,44.85,-95.94
braham,mn,45.72,-93.20
brainerd,mn,46.36,-94.20
brandon,mn,46.00,-95.58
breckenridge,mn,46.28,-96.56
brewster,mn,43.70,-95.48
bricelyn,mn,43.57,-93.82
brimson,mn,47.31,-91.86
britt,mn,47.65,-92.63
brook park,mn,45.94,-92.98
brooks,mn,47.81,-96.01
brookston,mn,46.84,-92.64
brooten,mn,45.49,-95.09
browerville,mn,46.09,-94.83
browns valley,mn,45.61,-96.81
brownsdale,mn,43.72,-92.87
brownsville,mn,43.67,-91.30
brownton,mn,44.73,-94.33
bruno,mn,46.28,-92.62
buckman,mn,45.90,-94.09
buffalo,mn,45.18,-93.86
buffalo lake,mn,44.77,-94.59
buhl,mn,47.49,-92.78
burnsville,mn,44.77,-93.28
burtrum,mn,45.89,-94.70
butterfield,mn,43.97,-94.80
byron,mn,44.04,-92.63
caledonia,mn,43.62,-91.48
callaway,mn,47.01,-95.94
calumet,mn,47.32,-93.28
cambridge,mn,45.56,-93.29
campbell,mn,46.13,-96.44
canby,mn,44.72,-96.28
cannon falls,mn,44.50,-92.86
canton,mn,43.57,-91.91
canyon,mn,47.08,-92.46
carlos,mn,45.97,-95.31
carlton,mn,46.65,-92.47
carver,mn,44.72,-93.69
cass lake,mn,47.35,-94.61
castle rock,mn,44.59,-93.11
cedar,mn,45.34,-93.27
center city,mn,45.39,-92.82
ceylon,mn,43.54,-94.61
champlin,mn,45.17,-93.38
chandler,mn,43.92,-95.93
chanhassen,mn,44.87,-93.54
chaska,mn,44.81,-93.61
chatfield,mn,43.84,-92.16
chisago city,mn,45.36,-92.89
chisholm,mn,47.50,-92.86
chokio,mn,45.55,-96.17
circle pines,mn,45.15,-93.14
clara city,mn,44.96,-95.35
claremont,mn,44.05,-92.99
clarissa,mn,46.14,-94.96
clarkfield,mn,44.77,-95.83
clarks grove,mn,43.76,-93.32
clear lake,mn,45.48,-93.97
clearbrook,mn,47.71,-95.38
clearwater,mn,45.39,-94.05
clements,mn,44.39,-95.05
cleveland,mn,44.32,-93.83
climax,mn,47.65,-96.80
clinton,mn,45.46,-96.42
clitherall,mn,46.32,-95.59
clontarf,mn,45.37,-95.68
cloquet,mn,46.73,-92.45
cohasset,mn,47.27,-93.64
cokato,mn,45.07,-94.19
cold spring,mn,45.45,-94.44
coleraine,mn,47.29,-93.43
collegeville,mn,45.59,-94.36
cologne,mn,44.76,-93.80
comfrey,mn,44.11,-94.91
comstock,mn,46.67,-96.74
conger,mn,43.61,-93.52
cook,mn,47.84,-92.72
correll,mn,45.29,-96.18
cosmos,mn,44.96,-94.70
cottage grove,mn,44.83,-92.94
cotton,mn,47.16,-92.44
cottonwood,mn,44.60,-95.69
courtland,mn,44.28,-94.35
crane lake,mn,48.26,-92.49
cromwell,mn,46.67,-92.87
crookston,mn,47.78,-96.59
crosby,mn,46.51,-93.99
crosslake,mn,46.68,-94.11
crystal bay,mn,44.95,-93.58
currie,mn,44.09,-95.70
cushing,mn,46.20,-94.62
cyrus,mn,45.57,-95.71
dakota,mn,43.91,-91.39
dalbo,mn,45.68,-93.44
dalton,mn,46.15,-95.85
danube,mn,44.80,-95.08
danvers,mn,45.34,-95.89
darfur,mn,44.06,-94.81
darwin,mn,45.10,-94.42
dassel,mn,45.10,-94.33
dawson,mn,44.93,-96.02
dayton,mn,45.20,-93.47
deer creek,mn,46.41,-95.27
deer river,mn,47.38,-93.85
deerwood,mn,46.44,-93.88
delano,mn,45.03,-93.80
delavan,mn,43.77,-94.02
dennison,mn,44.42,-92.97
dent,mn,46.56,-95.76
detroit lakes,mn,46.83,-95.80
dexter,mn,43.72,-92.73
dilworth,mn,46.88,-96.70
dodge center,mn,44.03,-92.86
donaldson,mn,48.58,-96.86
donnelly,mn,45.70,-96.06
dover,mn,44.00,-92.14
dovray,mn,44.06,-95.53
duluth,mn,47.09,-91.85
dumont,mn,45.67,-96.41
dundas,mn,44.40,-93.20
dunnell,mn,43.55,-94.79
eagle bend,mn,46.12,-95.10
eagle lake,mn,44.15,-93.87
east grand forks,mn,47.93,-97.02
easton,mn,43.76,-93.93
echo,mn,44.63,-95.42
eden prairie,mn,44.86,-93.44
eden valley,mn,45.30,-94.60
edgerton,mn,43.88,-96.15
effie,mn,47.85,-93.58
eitzen,mn,43.51,-91.46
elbow lake,mn,46.00,-95.97
elgin,mn,44.14,-92.25
elizabeth,mn,46.41,-96.09
elk river,mn,45.31,-93.58
elko,mn,44.59,-93.38
elkton,mn,43.63,-92.71
ellendale,mn,43.88,-93.32
ellsworth,mn,43.53,-96.01
elmore,mn,43.52,-94.10
elrosa,mn,45.56,-94.95
ely,mn,47.90,-91.86
elysian,mn,44.22,-93.70
embarrass,mn,47.67,-92.21
emily,mn,46.75,-93.95
emmons,mn,43.51,-93.48
erhard,mn,46.49,-96.06
erskine,mn,47.66,-96.01
esko,mn,46.71,-92.36
essig,mn,44.32,-94.57
euclid,mn,48.03,-96.92
evansville,mn,46.02,-95.70
eveleth,mn,47.45,-92.53
excelsior,mn,44.90,-93.58
eyota,mn,44.00,-92.24
fairfax,mn,44.53,-94.73
fairmont,mn,43.64,-94.45
faribault,mn,44.29,-93.28
farmington,mn,44.66,-93.15
farwell,mn,45.72,-95.67
federal dam,mn,47.21,-94.26
felton,mn,47.07,-96.51
fergus falls,mn,46.29,-96.06
fertile,mn,47.52,-96.24
fifty lakes,mn,46.75,-94.07
finland,mn,47.42,-91.21
finlayson,mn,46.21,-92.94
fisher,mn,47.84,-96.88
flensburg,mn,45.95,-94.53
flom,mn,47.17,-96.13
floodwood,mn,46.91,-92.92
foley,mn,45.71,-93.87
forbes,mn,47.31,-92.60
forest lake,mn,45.27,-92.97
foreston,mn,45.70,-93.70
ft ripley,mn,46.21,-94.25
fosston,mn,47.58,-95.74
fountain,mn,43.73,-92.14
foxhome,mn,46.26,-96.32
franklin,mn,44.54,-94.89
frazee,mn,46.76,-95.52
freeborn,mn,43.78,-93.57
freeport,mn,45.67,-94.68
frontenac,mn,44.49,-92.33
frost,mn,43.56,-93.94
fulda,mn,43.88,-95.60
garden city,mn,44.05,-94.18
garfield,mn,46.00,-95.45
garrison,mn,46.26,-93.94
garvin,mn,44.23,-95.77
gary,mn,47.37,-96.22
gatzke,mn,48.41,-95.79
gaylord,mn,44.55,-94.20
geneva,mn,43.82,-93.27
georgetown,mn,47.10,-96.73
ghent,mn,44.51,-95.89
gibbon,mn,44.56,-94.55
gilbert,mn,47.49,-92.40
gilman,mn,45.77,-93.95
glencoe,mn,44.78,-94.16
glenville,mn,43.56,-93.26
glenwood,mn,45.64,-95.39
glyndon,mn,46.88,-96.56
gonvick,mn,47.75,-95.50
good thunder,mn,44.00,-94.07
goodhue,mn,44.40,-92.57
goodland,mn,47.19,-93.15
goodridge,mn,48.07,-95.73
graceville,mn,45.56,-96.42
granada,mn,43.71,-94.33
grand marais,mn,47.78,-90.34
grand meadow,mn,43.71,-92.57
grand portage,mn,47.96,-89.70
grand rapids,mn,47.24,-93.53
grandy,mn,45.64,-93.19
granite falls,mn,44.81,-95.55
grasston,mn,45.77,-93.20
green isle,mn,44.67,-93.93
greenbush,mn,48.70,-96.19
greenwald,mn,45.60,-94.86
grey eagle,mn,45.81,-94.83
grove city,mn,45.15,-94.69
grygla,mn,48.31,-95.64
gully,mn,47.77,-95.64
hackensack,mn,46.99,-94.50
hallock,mn,48.77,-96.94
halma,mn,48.67,-96.60
halstad,mn,47.36,-96.80
hamburg,mn,44.73,-93.96
hamel,mn,45.08,-93.58
hampton,mn,44.60,-92.95
hancock,mn,45.50,-95.80
hanley falls,mn,44.68,-95.68
hanover,mn,45.16,-93.67
hanska,mn,44.15,-94.49
hardwick,mn,43.79,-96.22
harmony,mn,43.57,-92.01
harris,mn,45.60,-93.04
hartland,mn,43.80,-93.48
hastings,mn,44.72,-92.86
hawley,mn,46.88,-96.31
hayfield,mn,43.89,-92.82
hayward,mn,43.64,-93.24
hector,mn,44.75,-94.71
henderson,mn,44.53,-93.93
hendricks,mn,44.50,-96.41
hendrum,mn,47.27,-96.80
henning,mn,46.33,-95.39
henriette,mn,45.79,-93.15
herman,mn,45.81,-96.10
heron lake,mn,43.80,-95.33
hewitt,mn,46.32,-95.05
hibbing,mn,47.42,-92.94
hill city,mn,47.00,-93.60
hillman,mn,46.07,-93.88
hills,mn,43.53,-96.36
hinckley,mn,46.02,-92.90
hines,mn,47.73,-94.65
hitterdal,mn,47.00,-96.29
hoffman,mn,45.82,-95.80
hokah,mn,43.75,-91.35
holdingford,mn,45.72,-94.46
holland,mn,44.08,-96.19
hollandale,mn,43.75,-93.17
holloway,mn,45.27,-95.92
holmes city,mn,45.81,-95.56
holyoke,mn,46.47,-92.37
homer,mn,44.02,-91.56
hope,mn,43.98,-93.35
hopkins,mn,44.92,-93.46
houston,mn,43.79,-91.56
hovland,mn,47.83,-90.05
howard lake,mn,45.06,-94.07
hoyt lakes,mn,47.51,-92.14
hugo,mn,45.16,-93.00
humboldt,mn,48.92,-97.09
huntley,mn,43.72,-94.20
hutchinson,mn,44.89,-94.38
ihlen,mn,43.91,-96.37
international falls,mn,48.58,-93.41
inver grove heights,mn,44.84,-93.03
iona,mn,43.90,-95.77
iron,mn,47.41,-92.62
ironton,mn,46.46,-94.04
isabella,mn,47.63,-91.52
isanti,mn,45.47,-93.23
isle,mn,46.17,-93.47
ivanhoe,mn,44.51,-96.23
jackson,mn,43.65,-94.99
jacobson,mn,46.98,-93.31
janesville,mn,44.12,-93.71
jasper,mn,43.86,-96.39
jeffers,mn,44.07,-95.15
jenkins,mn,46.65,-94.33
jordan,mn,44.67,-93.62
kabetogama,mn,48.42,-93.09
kanaranzi,mn,43.55,-96.11
kandiyohi,mn,45.12,-94.95
karlstad,mn,48.59,-96.55
kasota,mn,44.28,-93.95
kasson,mn,44.02,-92.75
keewatin,mn,47.40,-93.07
kelliher,mn,47.93,-94.54
kellogg,mn,44.31,-92.01
kennedy,mn,48.63,-96.96
kenneth,mn,43.76,-96.11
kensington,mn,45.82,-95.69
kent,mn,46.44,-96.69
kenyon,mn,44.26,-93.02
kerkhoven,mn,45.21,-95.31
kerrick,mn,46.38,-92.58
kettle river,mn,46.50,-92.90
kiester,mn,43.54,-93.71
kilkenny,mn,44.32,-93.52
kimball,mn,45.34,-94.30
kinney,mn,47.51,-92.73
knife river,mn,46.95,-91.78
la crescent,mn,43.83,-91.33
la salle,mn,44.07,-94.57
lafayette,mn,44.41,-94.44
lake benton,mn,44.28,-96.29
lake bronson,mn,48.78,-96.64
lake city,mn,44.43,-92.28
lake crystal,mn,44.12,-94.22
lake elmo,mn,44.99,-92.91
lake george,mn,47.21,-95.00
lake hubert,mn,46.50,-94.26
lake lillian,mn,44.97,-94.90
lake park,mn,46.82,-96.07
lake wilson,mn,44.01,-95.98
lakefield,mn,43.65,-95.18
lakeland,mn,44.94,-92.77
lakeville,mn,44.67,-93.26
lamberton,mn,44.24,-95.27
lancaster,mn,48.88,-96.81
lanesboro,mn,43.72,-91.99
lansing,mn,43.75,-92.97
laporte,mn,47.24,-94.78
lastrup,mn,46.04,-94.06
le center,mn,44.39,-93.72
le roy,mn,43.53,-92.51
le sueur,mn,44.46,-93.89
lengby,mn,47.54,-95.63
leonard,mn,47.63,-95.37
leota,mn,43.82,-96.01
lester prairie,mn,44.87,-94.06
lewiston,mn,43.97,-91.87
lewisville,mn,43.92,-94.43
lindstrom,mn,45.39,-92.84
lismore,mn,43.73,-95.97
litchfield,mn,45.13,-94.53
little falls,mn,45.98,-94.36
littlefork,mn,48.39,-93.54
loman,mn,48.52,-93.84
long lake,mn,44.99,-93.58
long prairie,mn,45.96,-94.90
longville,mn,47.02,-94.20
lonsdale,mn,44.46,-93.42
loretto,mn,45.11,-93.67
lowry,mn,45.71,-95.53
lucan,mn,44.41,-95.41
lutsen,mn,47.68,-90.64
luverne,mn,43.66,-96.22
lyle,mn,43.53,-92.93
lynd,mn,44.40,-95.92
mabel,mn,43.54,-91.78
madelia,mn,44.05,-94.41
madison,mn,44.99,-96.16
madison lake,mn,44.22,-93.83
magnolia,mn,43.64,-96.10
mahnomen,mn,47.34,-95.89
makinen,mn,47.34,-92.34
mankato,mn,44.15,-94.00
mantorville,mn,44.07,-92.76
maple lake,mn,45.22,-93.96
maple plain,mn,45.01,-93.65
mapleton,mn,43.93,-93.95
marble,mn,47.32,-93.30
marcell,mn,47.63,-93.68
margie,mn,48.10,-93.94
marietta,mn,44.96,-96.41
marine on st croix,mn,45.18,-92.82
marshall,mn,44.45,-95.78
max,mn,47.63,-93.97
mayer,mn,44.90,-93.89
maynard,mn,44.92,-95.48
mazeppa,mn,44.26,-92.52
mc grath,mn,46.24,-93.24
mcgregor,mn,46.69,-93.30
mcintosh,mn,47.65,-95.89
meadowlands,mn,47.10,-92.79
medford,mn,44.17,-93.24
melrose,mn,45.66,-94.82
melrude,mn,47.24,-92.43
menahga,mn,46.76,-95.07
mendota,mn,44.89,-93.16
mentor,mn,47.66,-96.18
merrifield,mn,46.49,-94.20
middle river,mn,48.44,-96.12
milaca,mn,45.78,-93.65
milan,mn,45.11,-95.87
millville,mn,44.24,-92.27
milroy,mn,44.44,-95.55
miltona,mn,46.05,-95.33
minneapolis,mn,45.05,-93.25
minneota,mn,44.56,-95.98
minnesota city,mn,44.08,-91.74
minnesota lake,mn,43.83,-93.83
minnetonka,mn,44.91,-93.48
minnetonka beach,mn,44.94,-93.58
mizpah,mn,47.95,-94.15
montevideo,mn,44.97,-95.68
montgomery,mn,44.44,-93.58
monticello,mn,45.28,-93.81
montrose,mn,45.09,-93.93
moorhead,mn,46.87,-96.76
moose lake,mn,46.45,-92.75
mora,mn,45.90,-93.29
morgan,mn,44.39,-94.92
morris,mn,45.59,-95.92
morristown,mn,44.23,-93.45
morton,mn,44.57,-95.03
motley,mn,46.32,-94.63
mound,mn,44.94,-93.66
mountain iron,mn,47.51,-92.62
mountain lake,mn,43.94,-94.93
murdock,mn,45.22,-95.40
nashua,mn,46.05,-96.32
nashwauk,mn,47.42,-93.22
navarre,mn,44.96,-93.54
naytahwaush,mn,47.26,-95.63
nelson,mn,45.85,-95.23
nerstrand,mn,44.35,-93.09
nett lake,mn,48.11,-93.09
nevis,mn,46.93,-94.85
new auburn,mn,44.68,-94.21
new germany,mn,44.90,-93.97
new london,mn,45.29,-94.95
new market,mn,44.57,-93.35
new munich,mn,45.63,-94.75
new prague,mn,44.54,-93.58
new richland,mn,43.89,-93.50
new ulm,mn,44.30,-94.46
new york mills,mn,46.56,-95.40
newfolden,mn,48.29,-96.26
newport,mn,44.87,-93.00
nicollet,mn,44.27,-94.19
nielsville,mn,47.54,-96.76
nimrod,mn,46.64,-94.88
nisswa,mn,46.48,-94.30
norcross,mn,45.89,-96.13
north branch,mn,45.52,-92.94
northfield,mn,44.46,-93.17
northome,mn,47.84,-94.20
northrop,mn,43.72,-94.43
norwood,mn,44.77,-93.93
norwood young america,mn,44.77,-93.93
noyes,mn,48.97,-97.15
oak island,mn,49.31,-94.85
oak park,mn,45.67,-93.92
odessa,mn,45.30,-96.31
odin,mn,43.88,-94.77
ogema,mn,47.10,-95.92
ogilvie,mn,45.85,-93.44
okabena,mn,43.72,-95.34
oklee,mn,47.83,-95.86
olivia,mn,44.77,-94.97
onamia,mn,46.09,-93.69
ormsby,mn,43.86,-94.69
oronoco,mn,44.15,-92.48
orr,mn,47.93,-92.85
ortonville,mn,45.33,-96.46
osage,mn,46.93,-95.24
osakis,mn,45.88,-95.13
oslo,mn,48.21,-97.12
osseo,mn,45.10,-93.49
ostrander,mn,43.60,-92.42
ottertail,mn,46.42,-95.54
outing,mn,46.84,-93.94
owatonna,mn,44.08,-93.22
palisade,mn,46.69,-93.56
park rapids,mn,46.94,-95.04
parkers prairie,mn,46.18,-95.36
paynesville,mn,45.40,-94.72
pease,mn,45.70,-93.65
pelican rapids,mn,46.60,-96.07
pemberton,mn,43.96,-93.82
pengilly,mn,47.32,-93.19
pennington,mn,47.47,-94.48
pennock,mn,45.13,-95.18
pequot lakes,mn,46.63,-94.27
perham,mn,46.60,-95.58
perley,mn,47.18,-96.78
peterson,mn,43.78,-91.84
pierz,mn,46.01,-94.09
pillager,mn,46.40,-94.39
pine city,mn,45.83,-92.98
pine island,mn,44.21,-92.66
pine river,mn,46.69,-94.45
pipestone,mn,44.01,-96.32
plainview,mn,44.16,-92.16
plato,mn,44.77,-94.05
plummer,mn,47.91,-95.96
ponemah,mn,48.04,-94.92
ponsford,mn,47.01,-95.32
porter,mn,44.66,-96.16
preston,mn,43.66,-92.10
princeton,mn,45.59,-93.60
prinsburg,mn,44.94,-95.19
prior lake,mn,44.71,-93.41
puposky,mn,47.74,-94.98
racine,mn,43.79,-92.53
randall,mn,46.07,-94.50
randolph,mn,44.53,-93.02
ranier,mn,48.61,-93.31
raymond,mn,45.02,-95.22
reading,mn,43.71,-95.74
reads landing,mn,44.40,-92.08
red lake falls,mn,47.88,-96.27
red wing,mn,44.55,-92.55
redby,mn,47.87,-94.94
redlake,mn,47.87,-95.06
redwood falls,mn,44.53,-95.11
remer,mn,47.09,-93.92
renville,mn,44.78,-95.20
revere,mn,44.27,-95.40
rice,mn,45.74,-94.17
richmond,mn,45.42,-94.55
richville,mn,46.50,-95.59
richwood,mn,46.94,-95.85
rochert,mn,46.86,-95.60
rochester,mn,44.05,-92.49
rock creek,mn,45.76,-92.93
rockford,mn,45.01,-93.65
rockville,mn,45.47,-94.34
rogers,mn,45.17,-93.58
rollingstone,mn,44.10,-91.82
roosevelt,mn,48.81,-95.18
roscoe,mn,45.43,-94.64
rose creek,mn,43.63,-92.86
roseau,mn,48.83,-95.76
rosemount,mn,44.73,-93.16
rothsay,mn,46.51,-96.29
round lake,mn,43.56,-95.45
royalton,mn,45.86,-94.22
rush city,mn,45.68,-93.00
rushford,mn,43.82,-91.75
rushmore,mn,43.62,-95.78
russell,mn,44.32,-95.94
ruthton,mn,44.16,-96.08
sabin,mn,46.77,-96.60
sacred heart,mn,44.80,-95.35
saginaw,mn,46.88,-92.39
st bonifacius,mn,44.91,-93.75
st charles,mn,43.96,-92.05
st clair,mn,44.08,-93.84
st cloud,mn,45.55,-94.13
st francis,mn,45.39,-93.36
st hilaire,mn,48.01,-96.22
st james,mn,43.99,-94.62
st joseph,mn,45.57,-94.34
st louis park,mn,44.90,-93.37
st martin,mn,45.50,-94.67
st michael,mn,45.21,-93.66
st paul,mn,44.90,-93.10
st paul park,mn,44.83,-92.99
st peter,mn,44.34,-93.98
st stephen,mn,45.71,-94.28
st vincent,mn,48.95,-97.17
salol,mn,48.85,-95.54
sanborn,mn,44.22,-95.13
sandstone,mn,46.12,-92.87
santiago,mn,45.54,-93.82
sargeant,mn,43.81,-92.76
sartell,mn,45.63,-94.21
sauk centre,mn,45.73,-94.97
sauk rapids,mn,45.60,-94.16
savage,mn,44.76,-93.34
sawyer,mn,46.71,-92.61
scandia,mn,45.27,-92.83
schroeder,mn,47.54,-90.93
seaforth,mn,44.49,-95.30
searles,mn,44.23,-94.43
sebeka,mn,46.63,-95.07
shafer,mn,45.36,-92.76
shakopee,mn,44.78,-93.52
shelly,mn,47.46,-96.78
sherburn,mn,43.66,-94.73
shevlin,mn,47.50,-95.25
side lake,mn,47.67,-93.02
silver bay,mn,47.30,-91.28
silver creek,mn,45.33,-93.95
silver lake,mn,44.91,-94.20
slayton,mn,43.99,-95.76
sleepy eye,mn,44.28,-94.73
solway,mn,47.55,-95.12
soudan,mn,47.82,-92.24
south haven,mn,45.35,-94.16
south international falls,mn,48.59,-93.40
south st paul,mn,44.89,-93.05
spicer,mn,45.22,-94.91
spring grove,mn,43.56,-91.64
spring lake,mn,47.59,-93.84
spring park,mn,44.94,-93.63
spring valley,mn,43.68,-92.37
springfield,mn,44.23,-94.98
squaw lake,mn,47.64,-94.15
stacy,mn,45.40,-92.99
stanchfield,mn,45.67,-93.24
staples,mn,46.35,-94.76
starbuck,mn,45.59,-95.54
steen,mn,43.53,-96.24
stephen,mn,48.45,-96.87
stewart,mn,44.73,-94.45
stewartville,mn,43.87,-92.45
stillwater,mn,45.05,-92.83
stockton,mn,44.03,-91.77
storden,mn,44.05,-95.30
strandquist,mn,48.45,-96.47
strathcona,mn,48.63,-96.11
sturgeon lake,mn,46.38,-92.82
sunburg,mn,45.36,-95.20
swan river,mn,47.07,-93.20
swanville,mn,45.94,-94.63
swatara,mn,46.93,-93.67
swift,mn,48.85,-95.30
taconite,mn,47.31,-93.38
talmoon,mn,47.59,-93.77
tamarack,mn,46.62,-93.13
taopi,mn,43.55,-92.63
taunton,mn,44.60,-96.05
taylors falls,mn,45.42,-92.69
tenstrike,mn,47.66,-94.68
thief river falls,mn,48.11,-96.17
tintah,mn,45.99,-96.39
tofte,mn,47.76,-90.78
tower,mn,47.81,-92.29
tracy,mn,44.23,-95.62
trail,mn,47.75,-95.76
trimont,mn,43.78,-94.72
trosky,mn,43.89,-96.26
truman,mn,43.82,-94.43
twig,mn,46.89,-92.36
twin lakes,mn,43.55,-93.39
twin valley,mn,47.25,-96.25
two harbors,mn,47.04,-91.68
tyler,mn,44.28,-96.13
ulen,mn,47.09,-96.28
underwood,mn,46.33,-95.84
upsala,mn,45.81,-94.58
utica,mn,43.96,-91.94
vergas,mn,46.67,-95.79
vermillion,mn,44.67,-92.97
verndale,mn,46.43,-94.85
vernon center,mn,43.97,-94.21
vesta,mn,44.51,-95.41
victoria,mn,44.86,-93.66
viking,mn,48.23,-96.47
villard,mn,45.71,-95.24
vining,mn,46.26,-95.59
virginia,mn,47.52,-92.54
wabasha,mn,44.37,-92.04
wabasso,mn,44.41,-95.26
waconia,mn,44.85,-93.78
wadena,mn,46.44,-95.13
wahkon,mn,46.11,-93.50
waite park,mn,45.55,-94.22
waldorf,mn,43.94,-93.70
walker,mn,47.09,-94.58
walnut grove,mn,44.23,-95.50
waltham,mn,43.81,-92.87
wanamingo,mn,44.31,-92.81
wanda,mn,44.32,-95.18
wannaska,mn,48.65,-95.71
warba,mn,47.14,-93.28
warren,mn,48.21,-96.76
warroad,mn,48.91,-95.35
warsaw,mn,44.25,-93.36
waseca,mn,44.08,-93.51
waskish,mn,48.18,-94.50
watertown,mn,44.96,-93.85
waterville,mn,44.22,-93.58
watkins,mn,45.31,-94.43
watson,mn,45.02,-95.79
waubun,mn,47.19,-95.89
waverly,mn,45.04,-93.95
wayzata,mn,44.96,-93.52
webster,mn,44.50,-93.33
welch,mn,44.60,-92.73
welcome,mn,43.67,-94.59
wells,mn,43.74,-93.73
wendell,mn,46.06,-96.11
west concord,mn,44.15,-92.88
west union,mn,45.80,-95.08
westbrook,mn,44.07,-95.42
wheaton,mn,45.81,-96.49
white earth,mn,47.10,-95.84
willernie,mn,45.05,-92.96
williams,mn,48.80,-94.96
willmar,mn,45.14,-95.05
willow river,mn,46.29,-92.83
wilmont,mn,43.77,-95.83
wilton,mn,47.54,-94.99
windom,mn,43.88,-95.15
winger,mn,47.54,-95.99
winnebago,mn,43.78,-94.16
winona,mn,44.04,-91.65
winsted,mn,44.96,-94.06
winthrop,mn,44.54,-94.37
winton,mn,47.93,-91.80
wirt,mn,47.72,-93.98
wolf lake,mn,46.83,-95.36
wolverton,mn,46.56,-96.61
wood lake,mn,44.64,-95.54
woodstock,mn,43.99,-96.12
worthington,mn,43.63,-95.61
wrenshall,mn,46.59,-92.37
wright,mn,46.68,-93.00
wykoff,mn,43.71,-92.27
wyoming,mn,45.32,-93.07
young america,mn,44.78,-93.91
zimmerman,mn,45.46,-93.59
zumbro falls,mn,44.25,-92.40
zumbrota,mn,44.30,-92.67
adrian,mo,38.41,-94.37
advance,mo,37.09,-89.91
agency,mo,39.67,-94.72
alba,mo,37.24,-94.42
albany,mo,40.25,-94.33
aldrich,mo,37.51,-93.56
alexandria,mo,40.34,-91.52
allendale,mo,40.49,-94.29
allenton,mo,38.50,-90.68
alma,mo,39.10,-93.54
altamont,mo,39.91,-94.13
altenburg,mo,37.63,-89.58
alton,mo,36.70,-91.39
amazonia,mo,39.91,-94.91
amity,mo,39.88,-94.51
amoret,mo,38.26,-94.57
amsterdam,mo,38.40,-94.58
anabel,mo,39.74,-92.35
anderson,mo,36.67,-94.48
annada,mo,39.26,-90.82
annapolis,mo,37.40,-90.67
anniston,mo,36.83,-89.33
appleton city,mo,38.18,-94.02
arbela,mo,40.49,-92.00
arbyrd,mo,36.05,-90.23
arcadia,mo,37.57,-90.59
archie,mo,38.50,-94.36
arcola,mo,37.53,-93.86
argyle,mo,38.30,-92.02
armstrong,mo,39.26,-92.71
arnold,mo,38.43,-90.39
arrow rock,mo,39.07,-92.95
asbury,mo,37.29,-94.57
ash grove,mo,37.32,-93.58
ashburn,mo,39.53,-91.19
ashland,mo,38.79,-92.25
atlanta,mo,39.91,-92.48
augusta,mo,38.57,-90.88
aurora,mo,36.95,-93.71
auxvasse,mo,39.01,-91.89
ava,mo,36.94,-92.68
avilla,mo,37.19,-94.12
bakersfield,mo,36.53,-92.15
ballwin,mo,38.60,-90.55
baring,mo,40.25,-92.23
barnard,mo,40.19,-94.81
barnett,mo,38.40,-92.67
barnhart,mo,38.34,-90.41
bates city,mo,39.02,-94.08
beaufort,mo,38.43,-91.17
belgrade,mo,37.79,-90.86
bell city,mo,37.01,-89.80
belle,mo,38.27,-91.73
belleview,mo,37.68,-90.80
bellflower,mo,39.00,-91.35
belton,mo,38.82,-94.53
benton,mo,37.07,-89.57
benton city,mo,39.12,-91.77
berger,mo,38.64,-91.34
bernie,mo,36.67,-89.99
bertrand,mo,36.89,-89.45
bethany,mo,40.26,-94.02
bethel,mo,39.89,-92.03
beulah,mo,37.64,-91.88
bevier,mo,39.75,-92.56
billings,mo,37.06,-93.55
birch tree,mo,36.95,-91.50
bismarck,mo,37.77,-90.62
bixby,mo,37.67,-91.08
black,mo,37.55,-90.99
blackburn,mo,39.10,-93.43
blackwater,mo,38.97,-92.97
blackwell,mo,38.07,-90.71
blairstown,mo,38.52,-93.96
bland,mo,38.31,-91.63
blodgett,mo,37.00,-89.53
bloomfield,mo,36.90,-89.95
bloomsdale,mo,38.05,-90.28
blue eye,mo,36.54,-93.43
blue springs,mo,39.02,-94.28
blythedale,mo,40.50,-93.90
bogard,mo,39.50,-93.54
bois d arc,mo,37.22,-93.54
bolckow,mo,40.10,-94.88
bolivar,mo,37.61,-93.41
bonne terre,mo,37.93,-90.53
bonnots mill,mo,38.55,-91.93
boonville,mo,38.95,-92.74
boss,mo,37.64,-91.21
bosworth,mo,39.48,-93.33
bourbon,mo,38.17,-91.22
bowling green,mo,39.33,-91.20
bradleyville,mo,36.77,-92.92
bragg city,mo,36.27,-89.87
braggadocio,mo,36.18,-89.83
brandsville,mo,36.58,-91.74
branson,mo,36.64,-93.22
brashear,mo,40.20,-92.43
braymer,mo,39.59,-93.79
brazeau,mo,37.66,-89.65
breckenridge,mo,39.76,-93.81
briar,mo,36.64,-90.93
bridgeton,mo,38.75,-90.42
brighton,mo,37.47,-93.36
brinktown,mo,38.07,-92.12
brixey,mo,36.76,-92.40
bronaugh,mo,37.69,-94.49
brookfield,mo,39.78,-93.07
brookline,mo,37.13,-93.38
broseley,mo,36.71,-90.24
browning,mo,40.03,-93.16
brownwood,mo,37.08,-89.95
brumley,mo,38.07,-92.47
bruner,mo,37.00,-92.97
brunswick,mo,39.44,-93.12
bucklin,mo,39.80,-92.89
buckner,mo,39.13,-94.21
bucyrus,mo,37.40,-92.05
buffalo,mo,37.55,-93.10
bunceton,mo,38.75,-92.79
bunker,mo,37.48,-91.19
burfordville,mo,37.36,-89.82
burlington junction,mo,40.44,-95.05
butler,mo,38.27,-94.31
butterfield,mo,36.75,-93.91
cabool,mo,37.13,-92.11
cadet,mo,38.01,-90.74
cainsville,mo,40.46,-93.76
cairo,mo,39.51,-92.44
caledonia,mo,37.76,-90.74
calhoun,mo,38.49,-93.65
california,mo,38.62,-92.55
callao,mo,39.74,-92.64
camden,mo,39.20,-94.03
camden point,mo,39.45,-94.74
camdenton,mo,38.02,-92.77
cameron,mo,39.73,-94.24
campbell,mo,36.52,-90.08
canalou,mo,36.76,-89.69
canton,mo,40.14,-91.55
cape fair,mo,36.69,-93.52
cape girardeau,mo,37.32,-89.55
caplinger mills,mo,37.79,-93.80
cardwell,mo,36.04,-90.29
carl junction,mo,37.18,-94.56
carrollton,mo,39.37,-93.49
carterville,mo,37.15,-94.44
carthage,mo,37.16,-94.31
caruthersville,mo,36.18,-89.67
cascade,mo,37.30,-90.27
cassville,mo,36.68,-93.85
catawissa,mo,38.44,-90.76
catron,mo,36.69,-89.77
caulfield,mo,36.60,-92.07
cedar hill,mo,38.36,-90.65
cedarcreek,mo,36.57,-93.02
center,mo,39.52,-91.54
centertown,mo,38.63,-92.40
centerview,mo,38.79,-93.87
centerville,mo,37.43,-90.98
centralia,mo,39.20,-92.15
chadwick,mo,36.92,-93.05
chaffee,mo,37.17,-89.65
chamois,mo,38.65,-91.77
charleston,mo,36.92,-89.33
cherryville,mo,37.81,-91.23
chesterfield,mo,38.63,-90.61
chestnutridge,mo,36.84,-93.10
chilhowee,mo,38.61,-93.87
chillicothe,mo,39.80,-93.55
chula,mo,39.92,-93.48
clarence,mo,39.74,-92.25
clark,mo,39.32,-92.38
clarksburg,mo,38.64,-92.67
clarksdale,mo,39.81,-94.54
clarksville,mo,39.35,-90.94
clarkton,mo,36.45,-89.97
clearmont,mo,40.52,-95.01
cleveland,mo,38.69,-94.57
clever,mo,37.03,-93.45
clifton hill,mo,39.43,-92.67
climax springs,mo,38.14,-92.95
clinton,mo,38.37,-93.76
clubb,mo,37.23,-90.36
clyde,mo,40.26,-94.65
coatsville,mo,40.57,-92.64
coffey,mo,40.10,-94.03
cole camp,mo,38.45,-93.19
collins,mo,37.88,-93.66
columbia,mo,38.94,-92.30
commerce,mo,37.16,-89.44
conception,mo,40.23,-94.68
conception junction,mo,40.27,-94.70
concordia,mo,38.98,-93.58
conway,mo,37.51,-92.79
cook,mo,37.86,-91.46
cooter,mo,36.05,-89.81
corder,mo,39.10,-93.64
cosby,mo,39.86,-94.70
cottleville,mo,38.75,-90.65
couch,mo,36.57,-91.33
cowgill,mo,39.56,-93.93
craig,mo,40.19,-95.38
crane,mo,36.93,-93.53
creighton,mo,38.51,-94.09
crocker,mo,37.94,-92.27
cross timbers,mo,38.02,-93.20
crystal city,mo,38.23,-90.38
cuba,mo,38.09,-91.41
curryville,mo,39.33,-91.35
dadeville,mo,37.51,-93.70
daisy,mo,37.52,-89.82
dalton,mo,39.40,-92.99
darlington,mo,40.20,-94.40
davisville,mo,37.79,-91.13
dawn,mo,39.67,-93.60
de kalb,mo,39.58,-94.93
de soto,mo,38.12,-90.55
de witt,mo,39.36,-93.30
dearborn,mo,39.52,-94.77
deepwater,mo,38.24,-93.73
deerfield,mo,37.82,-94.48
deering,mo,36.19,-89.88
defiance,mo,38.66,-90.83
delta,mo,37.18,-89.76
denver,mo,40.42,-94.31
des arc,mo,37.30,-90.63
devils elbow,mo,37.85,-92.09
dexter,mo,36.79,-89.96
diamond,mo,37.01,-94.32
diggins,mo,37.17,-92.85
dittmer,mo,38.32,-90.69
dixon,mo,37.98,-92.09
doe run,mo,37.73,-90.50
doniphan,mo,36.62,-90.82
dora,mo,36.76,-92.24
dover,mo,39.19,-93.67
downing,mo,40.48,-92.39
drexel,mo,38.50,-94.59
drury,mo,36.93,-92.37
dudley,mo,36.81,-90.12
duenweg,mo,37.08,-94.41
duke,mo,37.66,-91.99
dunnegan,mo,37.70,-93.52
durham,mo,39.96,-91.67
dutchtown,mo,37.25,-89.66
dutzow,mo,38.61,-90.99
eagle rock,mo,36.55,-93.73
eagleville,mo,40.49,-94.00
earth city,mo,38.76,-90.46
east lynne,mo,38.67,-94.23
east prairie,mo,36.78,-89.37
easton,mo,39.75,-94.66
edgar springs,mo,37.74,-91.89
edgerton,mo,39.47,-94.64
edina,mo,40.18,-92.15
edwards,mo,38.19,-93.15
el dorado springs,mo,37.86,-94.03
eldon,mo,38.34,-92.57
eldridge,mo,37.83,-92.74
elk creek,mo,37.22,-92.00
elkland,mo,37.43,-93.02
ellington,mo,37.24,-90.96
ellsinore,mo,36.95,-90.75
elmer,mo,39.94,-92.64
elmo,mo,40.52,-95.12
elsberry,mo,39.16,-90.82
emden,mo,39.85,-91.88
eminence,mo,37.16,-91.45
emma,mo,38.98,-93.49
eolia,mo,39.24,-91.01
essex,mo,36.81,-89.84
ethel,mo,39.91,-92.77
eudora,mo,37.48,-93.54
eugene,mo,38.36,-92.37
eunice,mo,37.21,-91.72
eureka,mo,38.48,-90.63
everton,mo,37.24,-93.69
ewing,mo,40.00,-91.72
excello,mo,39.65,-92.48
excelsior springs,mo,39.33,-94.22
exeter,mo,36.68,-93.97
fagus,mo,36.51,-90.27
fair grove,mo,37.37,-93.14
fair play,mo,37.63,-93.61
fairdealing,mo,36.67,-90.63
fairfax,mo,40.33,-95.38
fairport,mo,39.99,-94.35
fairview,mo,36.83,-94.09
falcon,mo,37.61,-92.35
farber,mo,39.27,-91.58
farley,mo,39.28,-94.83
farmington,mo,37.78,-90.41
farrar,mo,37.70,-89.69
faucett,mo,39.59,-94.79
fayette,mo,39.14,-92.66
fenton,mo,38.50,-90.47
festus,mo,38.19,-90.43
fillmore,mo,40.01,-94.96
fisk,mo,36.78,-90.22
flemington,mo,37.78,-93.45
fletcher,mo,38.18,-90.73
flinthill,mo,38.85,-90.86
florence,mo,38.61,-93.00
florissant,mo,38.81,-90.34
foley,mo,39.05,-90.78
fordland,mo,37.14,-92.91
forest city,mo,39.99,-95.19
foristell,mo,38.76,-90.93
forsyth,mo,36.70,-93.11
ft leonard wood,mo,37.76,-92.13
fortuna,mo,38.57,-92.78
foster,mo,38.17,-94.54
frankford,mo,39.49,-91.30
franklin,mo,39.07,-92.83
fredericktown,mo,37.54,-90.31
freeburg,mo,38.36,-91.93
freeman,mo,38.62,-94.50
freistatt,mo,37.02,-93.90
fremont,mo,36.92,-91.14
french village,mo,38.00,-90.40
friedheim,mo,37.57,-89.84
frohna,mo,37.67,-89.66
fulton,mo,38.85,-91.96
gainesville,mo,36.59,-92.42
galena,mo,36.82,-93.48
gallatin,mo,39.90,-93.98
galt,mo,40.14,-93.40
garden city,mo,38.57,-94.18
garrison,mo,36.86,-93.00
gasconade,mo,38.67,-91.56
gatewood,mo,36.56,-91.07
gentry,mo,40.34,-94.41
gerald,mo,38.35,-91.29
gibbs,mo,40.08,-92.44
gibson,mo,36.44,-90.03
gideon,mo,36.45,-89.91
gilliam,mo,39.24,-92.99
gilman city,mo,40.15,-93.83
gipsy,mo,37.13,-90.19
glasgow,mo,39.23,-92.83
glenallen,mo,37.32,-90.05
glencoe,mo,38.57,-90.64
glenwood,mo,40.51,-92.59
gobler,mo,36.16,-89.93
golden,mo,36.56,-93.62
golden city,mo,37.40,-94.10
goodman,mo,36.73,-94.40
gordonville,mo,37.31,-89.68
gorin,mo,40.36,-92.01
gower,mo,39.60,-94.60
graff,mo,37.33,-92.26
graham,mo,40.20,-95.01
grain valley,mo,39.03,-94.21
granby,mo,36.91,-94.26
grandin,mo,36.83,-90.79
grandview,mo,38.88,-94.52
granger,mo,40.46,-92.02
grant city,mo,40.49,-94.40
gravois mills,mo,38.26,-92.82
gray summit,mo,38.50,-90.83
grayridge,mo,36.82,-89.78
green castle,mo,40.27,-92.88
green city,mo,40.26,-92.95
green ridge,mo,38.62,-93.44
greenfield,mo,37.42,-93.84
greentop,mo,40.34,-92.56
greenville,mo,37.11,-90.45
greenwood,mo,38.84,-94.33
grover,mo,38.57,-90.65
grovespring,mo,37.49,-92.60
grubville,mo,38.29,-90.75
guilford,mo,40.17,-94.70
hale,mo,39.60,-93.34
half way,mo,37.60,-93.24
hallsville,mo,39.11,-92.22
halltown,mo,37.19,-93.63
hamilton,mo,39.74,-93.99
hannibal,mo,39.71,-91.38
hardenville,mo,36.59,-92.37
hardin,mo,39.35,-93.84
harris,mo,40.31,-93.35
harrisburg,mo,39.12,-92.44
harrisonville,mo,38.64,-94.33
hartsburg,mo,38.72,-92.29
hartshorn,mo,37.28,-91.68
hartville,mo,37.27,-92.52
harviell,mo,36.67,-90.56
harwood,mo,37.95,-94.14
hatfield,mo,40.52,-94.17
hawk point,mo,38.98,-91.12
hayti,mo,36.24,-89.75
hazelwood,mo,38.78,-90.37
helena,mo,39.93,-94.69
hematite,mo,38.20,-90.48
henley,mo,38.39,-92.31
henrietta,mo,39.24,-93.94
herculaneum,mo,38.26,-90.39
hermann,mo,38.67,-91.47
hermitage,mo,37.90,-93.30
higbee,mo,39.31,-92.52
higginsville,mo,39.07,-93.71
high hill,mo,38.89,-91.37
high point,mo,38.48,-92.60
high ridge,mo,38.47,-90.53
highlandville,mo,36.94,-93.27
hillsboro,mo,38.26,-90.58
holcomb,mo,36.39,-90.02
holden,mo,38.72,-93.99
holland,mo,36.06,-89.87
holliday,mo,39.49,-92.13
hollister,mo,36.61,-93.23
holt,mo,39.43,-94.37
holts summit,mo,38.63,-92.12
hopkins,mo,40.55,-94.82
hornersville,mo,36.06,-90.08
house springs,mo,38.41,-90.56
houston,mo,37.32,-91.95
houstonia,mo,38.91,-93.33
huggins,mo,37.27,-92.15
hughesville,mo,38.85,-93.22
humansville,mo,37.79,-93.58
hume,mo,38.06,-94.56
humphreys,mo,40.11,-93.30
hunnewell,mo,39.70,-91.88
huntsville,mo,39.44,-92.55
hurdland,mo,40.16,-92.28
hurley,mo,36.93,-93.48
iberia,mo,38.12,-92.30
imperial,mo,38.39,-90.43
independence,mo,39.10,-94.41
ionia,mo,38.50,-93.32
irondale,mo,37.83,-90.70
ironton,mo,37.61,-90.64
isabella,mo,36.57,-92.61
jackson,mo,37.39,-89.65
jacksonville,mo,39.58,-92.43
jadwin,mo,37.47,-91.52
jameson,mo,40.00,-93.96
jamesport,mo,39.98,-93.78
jamestown,mo,38.78,-92.48
jasper,mo,37.32,-94.27
jefferson city,mo,38.55,-92.15
jerico springs,mo,37.66,-94.01
jerome,mo,37.93,-91.99
jonesburg,mo,38.87,-91.30
joplin,mo,37.10,-94.51
kahoka,mo,40.43,-91.73
kaiser,mo,38.16,-92.58
kansas city,mo,39.16,-94.57
kearney,mo,39.37,-94.36
kelso,mo,37.19,-89.55
kennett,mo,36.24,-90.05
kewanee,mo,36.67,-89.57
keytesville,mo,39.48,-92.93
kidder,mo,39.76,-94.13
kimberling city,mo,36.64,-93.44
kimmswick,mo,38.37,-90.36
king city,mo,40.07,-94.52
kingdom city,mo,38.96,-91.95
kingston,mo,39.65,-94.08
kingsville,mo,38.82,-94.05
kirbyville,mo,36.64,-93.17
kirksville,mo,40.19,-92.59
kissee mills,mo,36.67,-93.04
knob lick,mo,37.68,-90.37
knob noster,mo,38.75,-93.56
knox city,mo,40.14,-92.01
koeltztown,mo,38.32,-92.05
koshkonong,mo,36.61,-91.63
la belle,mo,40.12,-91.92
la grange,mo,40.04,-91.52
la monte,mo,38.78,-93.43
la plata,mo,40.02,-92.51
la russell,mo,37.17,-94.03
labadie,mo,38.52,-90.88
laclede,mo,39.78,-93.17
laddonia,mo,39.26,-91.69
lake ozark,mo,38.21,-92.68
lake st louis,mo,38.79,-90.79
lake spring,mo,37.78,-91.68
lamar,mo,37.50,-94.27
lampe,mo,36.58,-93.45
lanagan,mo,36.61,-94.46
lancaster,mo,40.53,-92.53
laquey,mo,37.75,-92.34
laredo,mo,40.01,-93.44
latham,mo,38.55,-92.65
lathrop,mo,39.52,-94.31
laurie,mo,38.20,-92.83
lawson,mo,39.44,-94.20
leadwood,mo,37.86,-90.59
leasburg,mo,38.08,-91.25
lebanon,mo,37.69,-92.66
lees summit,mo,38.92,-94.35
leeton,mo,38.61,-93.71
lenox,mo,37.64,-91.73
lentner,mo,39.71,-92.15
leonard,mo,39.91,-92.19
leopold,mo,37.26,-89.92
leslie,mo,38.46,-91.20
lesterville,mo,37.48,-90.84
levasy,mo,39.14,-94.13
lewistown,mo,40.09,-91.82
lexington,mo,39.17,-93.87
liberal,mo,37.57,-94.52
liberty,mo,39.24,-94.43
licking,mo,37.51,-91.86
liguori,mo,38.33,-90.43
lilbourn,mo,36.59,-89.61
lincoln,mo,38.41,-93.37
linn,mo,38.47,-91.82
linn creek,mo,38.06,-92.68
linneus,mo,39.91,-93.19
livonia,mo,40.51,-92.72
lock springs,mo,39.91,-93.80
lockwood,mo,37.39,-93.87
lodi,mo,37.24,-90.46
lohman,mo,38.55,-92.38
lone jack,mo,38.89,-94.16
lonedell,mo,38.27,-90.82
long lane,mo,37.58,-92.93
loose creek,mo,38.47,-91.96
louisburg,mo,37.68,-93.10
louisiana,mo,39.43,-91.07
lowndes,mo,37.13,-90.25
lowry city,mo,38.14,-93.71
lucerne,mo,40.44,-93.29
ludlow,mo,39.66,-93.70
luebbering,mo,38.26,-90.80
luray,mo,40.49,-91.89
lynchburg,mo,37.51,-92.32
macks creek,mo,37.96,-92.96
macomb,mo,37.10,-92.48
macon,mo,39.75,-92.46
madison,mo,39.46,-92.23
maitland,mo,40.20,-95.09
malden,mo,36.57,-89.97
malta bend,mo,39.20,-93.38
mansfield,mo,37.13,-92.59
mapaville,mo,38.25,-90.48
marble hill,mo,37.31,-89.96
marceline,mo,39.71,-92.95
marionville,mo,37.00,-93.64
marquand,mo,37.43,-90.17
marshall,mo,39.11,-93.20
marshfield,mo,37.33,-92.93
marston,mo,36.51,-89.63
marthasville,mo,38.65,-91.06
martinsburg,mo,39.10,-91.66
martinsville,mo,40.37,-94.16
maryland heights,mo,38.72,-90.45
maryville,mo,40.34,-94.87
matthews,mo,36.81,-89.58
maysville,mo,39.91,-94.35
mayview,mo,39.05,-93.84
maywood,mo,39.93,-91.61
mc bride,mo,37.72,-89.86
mc clurg,mo,36.75,-92.82
mc fall,mo,40.11,-94.30
mc gee,mo,37.04,-90.19
mc girk,mo,38.63,-92.57
meadville,mo,39.78,-93.30
memphis,mo,40.46,-92.19
mendon,mo,39.58,-93.09
mercer,mo,40.52,-93.52
meta,mo,38.25,-92.14
metz,mo,38.00,-94.44
mexico,mo,39.17,-91.89
miami,mo,39.28,-93.20
middle brook,mo,37.67,-90.67
middletown,mo,39.11,-91.39
milan,mo,40.18,-93.14
milford,mo,37.58,-94.16
mill spring,mo,37.07,-90.67
miller,mo,37.22,-93.84
millersville,mo,37.44,-89.80
milo,mo,37.74,-94.30
mindenmines,mo,37.45,-94.58
mineral point,mo,37.92,-90.72
missouri city,mo,39.24,-94.29
moberly,mo,39.42,-92.44
mokane,mo,38.70,-91.89
monett,mo,36.92,-93.93
monroe city,mo,39.65,-91.72
montgomery city,mo,38.98,-91.51
monticello,mo,40.10,-91.71
montier,mo,36.99,-91.58
montreal,mo,37.99,-92.55
montrose,mo,38.26,-94.00
moody,mo,36.53,-91.99
mooresville,mo,39.74,-93.72
mora,mo,38.52,-93.23
morehouse,mo,36.82,-89.69
morley,mo,37.04,-89.61
morrison,mo,38.61,-91.66
morrisville,mo,37.47,-93.43
morse mill,mo,38.28,-90.65
mosby,mo,39.32,-94.29
moscow mills,mo,38.92,-90.96
mound city,mo,40.14,-95.21
moundville,mo,37.75,-94.45
mt sterling,mo,38.54,-91.61
mt vernon,mo,37.10,-93.80
mountain grove,mo,37.16,-92.28
mountain view,mo,36.99,-91.71
myrtle,mo,36.52,-91.27
napoleon,mo,39.11,-94.07
naylor,mo,36.58,-90.61
neck city,mo,37.26,-94.44
neelyville,mo,36.57,-90.50
nelson,mo,39.01,-93.03
neosho,mo,36.87,-94.39
nevada,mo,37.84,-94.36
new bloomfield,mo,38.71,-92.08
new boston,mo,39.93,-92.92
new cambria,mo,39.76,-92.77
new florence,mo,38.90,-91.49
new franklin,mo,39.02,-92.74
new hampton,mo,40.24,-94.18
new haven,mo,38.57,-91.23
new london,mo,39.59,-91.40
new madrid,mo,36.61,-89.54
new melle,mo,38.71,-90.88
newark,mo,40.00,-91.99
newburg,mo,37.90,-91.88
newtonia,mo,36.88,-94.19
newtown,mo,40.36,-93.31
niangua,mo,37.40,-92.78
nixa,mo,37.05,-93.30
noble,mo,36.74,-92.58
noel,mo,36.54,-94.49
norborne,mo,39.33,-93.68
norwood,mo,37.07,-92.41
novelty,mo,40.04,-92.24
novinger,mo,40.27,-92.72
o fallon,mo,38.80,-90.72
oak grove,mo,39.00,-94.14
oak ridge,mo,37.53,-89.75
odessa,mo,38.98,-93.98
old appleton,mo,37.58,-89.71
old monroe,mo,38.93,-90.78
oldfield,mo,36.97,-93.03
olean,mo,38.40,-92.53
olney,mo,39.09,-91.21
oran,mo,37.09,-89.67
oregon,mo,39.98,-95.12
oronogo,mo,37.24,-94.45
orrick,mo,39.21,-94.12
osage beach,mo,38.14,-92.67
osborn,mo,39.77,-94.25
osceola,mo,38.03,-93.75
otterville,mo,38.72,-93.01
owensville,mo,38.35,-91.49
oxly,mo,36.59,-90.69
ozark,mo,37.02,-93.20
pacific,mo,38.49,-90.75
palmyra,mo,39.79,-91.54
paris,mo,39.49,-92.01
park hills,mo,37.86,-90.53
parma,mo,36.59,-89.82
parnell,mo,40.47,-94.66
patterson,mo,37.20,-90.58
patton,mo,37.47,-90.05
pattonsburg,mo,40.04,-94.13
peace valley,mo,36.84,-91.77
peculiar,mo,38.72,-94.44
perkins,mo,37.09,-89.78
perry,mo,39.42,-91.66
perryville,mo,37.72,-89.87
pevely,mo,38.28,-90.41
philadelphia,mo,39.84,-91.75
phillipsburg,mo,37.58,-92.74
pickering,mo,40.46,-94.84
piedmont,mo,37.16,-90.70
pierce city,mo,36.97,-94.00
pilot grove,mo,38.87,-92.93
pilot knob,mo,37.62,-90.64
pineville,mo,36.58,-94.35
pittsburg,mo,37.84,-93.34
plato,mo,37.51,-92.17
platte city,mo,39.36,-94.79
plattsburg,mo,39.57,-94.43
pleasant hill,mo,38.79,-94.24
pleasant hope,mo,37.46,-93.26
plevna,mo,39.99,-92.11
pocahontas,mo,37.50,-89.64
point lookout,mo,36.62,-93.24
polk,mo,37.75,-93.29
pollock,mo,40.34,-93.11
polo,mo,39.56,-94.07
pomona,mo,36.84,-91.91
ponce de leon,mo,36.89,-93.37
pontiac,mo,36.52,-92.56
poplar bluff,mo,36.77,-90.42
portage des sioux,mo,38.93,-90.35
portageville,mo,36.43,-89.70
portland,mo,38.78,-91.70
potosi,mo,37.95,-90.84
pottersville,mo,36.71,-92.04
powell,mo,36.56,-94.17
powersite,mo,36.63,-93.09
powersville,mo,40.53,-93.28
prairie home,mo,38.83,-92.60
preston,mo,37.94,-93.17
princeton,mo,40.39,-93.58
protem,mo,36.55,-92.83
purcell,mo,37.24,-94.44
purdin,mo,39.95,-93.17
purdy,mo,36.81,-93.92
puxico,mo,36.94,-90.16
queen city,mo,40.42,-92.57
quincy,mo,38.00,-93.47
qulin,mo,36.58,-90.26
racine,mo,36.90,-94.53
ravenwood,mo,40.36,-94.68
raymondville,mo,37.36,-91.81
raymore,mo,38.80,-94.45
rayville,mo,39.39,-94.03
rea,mo,40.06,-94.70
redford,mo,37.32,-90.92
reeds,mo,37.12,-94.16
reeds spring,mo,36.69,-93.37
renick,mo,39.34,-92.41
republic,mo,37.12,-93.48
revere,mo,40.49,-91.68
reynolds,mo,37.40,-91.07
rhineland,mo,38.76,-91.52
rich hill,mo,38.09,-94.36
richards,mo,37.91,-94.56
richland,mo,37.85,-92.40
richmond,mo,39.28,-93.98
richwoods,mo,38.15,-90.83
ridgedale,mo,36.52,-93.28
ridgeway,mo,40.40,-93.96
risco,mo,36.55,-89.82
riverside,mo,39.18,-94.62
rives,mo,36.09,-90.01
roach,mo,38.01,-92.81
robertsville,mo,38.38,-90.80
roby,mo,37.50,-92.12
rocheport,mo,38.98,-92.51
rock port,mo,40.43,-95.53
rockaway beach,mo,36.71,-93.17
rockbridge,mo,36.79,-92.41
rockville,mo,38.08,-94.13
rocky comfort,mo,36.72,-94.11
rocky mt,mo,38.29,-92.71
rogersville,mo,37.13,-93.10
rolla,mo,37.95,-91.76
rombauer,mo,36.84,-90.28
roscoe,mo,37.97,-93.81
rosebud,mo,38.39,-91.40
rosendale,mo,40.04,-94.83
rothville,mo,39.66,-93.05
rueter,mo,36.63,-92.92
rush hill,mo,39.19,-91.69
rushville,mo,39.57,-95.04
russellville,mo,38.50,-92.43
rutledge,mo,40.33,-92.10
saginaw,mo,37.02,-94.47
st albans,mo,38.58,-90.78
st ann,mo,38.73,-90.39
st charles,mo,38.80,-90.51
st clair,mo,38.33,-90.97
st elizabeth,mo,38.27,-92.26
st james,mo,38.01,-91.61
st joseph,mo,39.77,-94.84
st louis,mo,38.64,-90.32
st mary,mo,37.91,-89.93
st patrick,mo,40.32,-91.65
st peters,mo,38.78,-90.62
st robert,mo,37.83,-92.18
st thomas,mo,38.39,-92.19
sainte genevieve,mo,37.95,-90.10
salem,mo,37.62,-91.53
salisbury,mo,39.43,-92.80
santa fe,mo,39.40,-91.83
sarcoxie,mo,37.07,-94.12
savannah,mo,39.92,-94.83
saverton,mo,39.65,-91.27
schell city,mo,38.01,-94.16
scott city,mo,37.21,-89.52
sedalia,mo,38.70,-93.23
sedgewickville,mo,37.54,-89.93
seligman,mo,36.53,-93.94
senath,mo,36.13,-90.16
seneca,mo,36.84,-94.56
seymour,mo,37.17,-92.79
shelbina,mo,39.69,-92.04
shelbyville,mo,39.81,-92.05
sheldon,mo,37.68,-94.25
shell knob,mo,36.62,-93.62
sheridan,mo,40.49,-94.57
shook,mo,37.08,-90.30
sibley,mo,39.16,-94.20
sikeston,mo,36.89,-89.58
silex,mo,39.12,-91.04
silva,mo,37.21,-90.44
skidmore,mo,40.29,-95.08
slater,mo,39.22,-93.05
smithton,mo,38.65,-93.11
smithville,mo,39.39,-94.56
solo,mo,37.17,-91.96
south fork,mo,36.63,-91.91
south greenfield,mo,37.37,-93.84
south west city,mo,36.53,-94.60
sparta,mo,36.98,-93.11
spickard,mo,40.24,-93.55
spokane,mo,36.86,-93.28
springfield,mo,37.22,-93.30
squires,mo,36.85,-92.58
stanberry,mo,40.23,-94.54
stanton,mo,38.27,-91.11
stark city,mo,36.88,-94.15
steedman,mo,38.76,-91.79
steele,mo,36.09,-89.83
steelville,mo,37.96,-91.33
stella,mo,36.75,-94.21
stet,mo,39.42,-93.76
stewartsville,mo,39.75,-94.52
stockton,mo,37.72,-93.80
stotts city,mo,37.10,-93.95
stoutland,mo,37.87,-92.51
stoutsville,mo,39.56,-91.83
stover,mo,38.44,-92.99
strafford,mo,37.28,-93.11
strasburg,mo,38.76,-94.17
sturdivant,mo,37.07,-90.01
sturgeon,mo,39.21,-92.30
success,mo,37.48,-92.00
sullivan,mo,38.23,-91.16
summersville,mo,37.15,-91.68
sumner,mo,39.65,-93.22
sunrise beach,mo,38.16,-92.79
sweet springs,mo,38.97,-93.42
syracuse,mo,38.64,-92.88
tallapoosa,mo,36.51,-89.82
taneyville,mo,36.74,-93.03
tarkio,mo,40.44,-95.38
taylor,mo,39.91,-91.53
tebbetts,mo,38.64,-91.97
tecumseh,mo,36.59,-92.26
thayer,mo,36.53,-91.54
theodosia,mo,36.57,-92.70
thompson,mo,39.20,-92.03
thornfield,mo,36.71,-92.66
tiff,mo,38.02,-90.65
tiff city,mo,36.66,-94.59
tina,mo,39.55,-93.46
tipton,mo,38.65,-92.78
treloar,mo,38.64,-91.19
trenton,mo,40.08,-93.61
trimble,mo,39.49,-94.55
triplett,mo,39.50,-93.19
troy,mo,39.00,-90.96
truxton,mo,38.97,-91.21
tunas,mo,37.84,-92.98
turners,mo,37.18,-93.16
turney,mo,39.63,-94.30
tuscumbia,mo,38.24,-92.49
udall,mo,36.53,-92.23
ulman,mo,38.13,-92.46
union,mo,38.45,-91.02
union star,mo,39.98,-94.58
uniontown,mo,37.61,-89.72
unionville,mo,40.48,-93.00
urbana,mo,37.85,-93.15
urich,mo,38.44,-93.98
utica,mo,39.74,-93.63
valles mines,mo,38.04,-90.50
valley park,mo,38.56,-90.49
van buren,mo,37.00,-91.00
vandalia,mo,39.29,-91.49
vanduser,mo,36.99,-89.69
vanzant,mo,36.98,-92.21
verona,mo,36.94,-93.80
versailles,mo,38.44,-92.83
viburnum,mo,37.72,-91.13
vichy,mo,38.10,-91.78
vienna,mo,38.19,-91.94
villa ridge,mo,38.46,-90.88
vista,mo,37.99,-93.66
vulcan,mo,37.31,-90.71
waco,mo,37.25,-94.60
waldron,mo,39.22,-94.79
walker,mo,37.89,-94.23
walnut grove,mo,37.39,-93.50
walnut shade,mo,36.77,-93.21
wappapello,mo,36.98,-90.28
wardell,mo,36.35,-89.82
warrensburg,mo,38.77,-93.73
warrenton,mo,38.81,-91.17
warsaw,mo,38.25,-93.34
washburn,mo,36.58,-93.99
washington,mo,38.55,-91.02
wasola,mo,36.78,-92.59
watson,mo,40.48,-95.62
waverly,mo,39.21,-93.53
wayland,mo,40.44,-91.61
waynesville,mo,37.82,-92.20
weatherby,mo,39.89,-94.25
weaubleau,mo,37.88,-93.53
webb city,mo,37.14,-94.47
wellington,mo,39.13,-93.99
wellsville,mo,39.08,-91.56
wentworth,mo,36.98,-94.13
wentzville,mo,38.80,-90.85
wesco,mo,37.87,-91.35
west alton,mo,38.88,-90.24
west plains,mo,36.73,-91.87
westboro,mo,40.54,-95.31
weston,mo,39.45,-94.91
westphalia,mo,38.43,-92.04
wheatland,mo,37.91,-93.40
wheaton,mo,36.77,-94.05
wheeling,mo,39.80,-93.39
whiteman air force base,mo,38.73,-93.57
whiteoak,mo,36.33,-90.03
whiteside,mo,39.19,-91.02
whitewater,mo,37.29,-89.74
willard,mo,37.30,-93.43
williamsburg,mo,38.90,-91.68
williamstown,mo,40.22,-91.85
williamsville,mo,36.96,-90.49
willow springs,mo,37.00,-91.94
windsor,mo,38.53,-93.53
windyville,mo,37.72,-92.94
winfield,mo,38.99,-90.82
winigan,mo,40.04,-92.93
winona,mo,37.02,-91.31
winston,mo,39.85,-94.15
wolf island,mo,36.74,-89.21
wooldridge,mo,38.92,-92.58
worth,mo,40.42,-94.44
worthington,mo,40.42,-92.74
wright city,mo,38.81,-91.03
wyaconda,mo,40.37,-91.91
wyatt,mo,36.91,-89.22
yukon,mo,37.23,-91.82
zalma,mo,37.14,-90.08
zanoni,mo,36.69,-92.30
abbeville,ms,34.46,-89.57
aberdeen,ms,33.83,-88.54
ackerman,ms,33.35,-89.20
algoma,ms,34.18,-89.03
alligator,ms,34.13,-90.74
amory,ms,33.98,-88.47
anguilla,ms,33.01,-90.81
arcola,ms,33.27,-90.88
arkabutla,ms,34.70,-90.12
artesia,ms,33.42,-88.64
ashland,ms,34.79,-89.21
avon,ms,33.23,-91.05
bailey,ms,32.48,-88.70
baldwyn,ms,34.53,-88.64
banner,ms,34.09,-89.42
bassfield,ms,31.50,-89.70
batesville,ms,34.33,-89.91
bay st louis,ms,30.32,-89.40
bay springs,ms,31.94,-89.23
beaumont,ms,31.14,-88.91
becker,ms,33.93,-88.48
belden,ms,34.28,-88.82
belen,ms,34.27,-90.35
bellefontaine,ms,33.65,-89.31
belmont,ms,34.51,-88.23
belzoni,ms,33.18,-90.49
benoit,ms,33.64,-91.03
benton,ms,32.82,-90.28
bentonia,ms,32.70,-90.37
beulah,ms,33.79,-90.98
big creek,ms,33.85,-89.44
biloxi,ms,30.40,-88.90
blue mountain,ms,34.67,-89.01
blue springs,ms,34.43,-88.86
bogue chitto,ms,31.46,-90.47
bolton,ms,32.38,-90.45
booneville,ms,34.67,-88.54
boyle,ms,33.69,-90.73
brandon,ms,32.30,-89.96
braxton,ms,32.00,-89.97
brookhaven,ms,31.59,-90.45
brooklyn,ms,31.00,-89.23
brooksville,ms,33.21,-88.50
bruce,ms,34.01,-89.35
buckatunna,ms,31.51,-88.53
bude,ms,31.46,-90.85
burnsville,ms,34.86,-88.31
byhalia,ms,34.89,-89.68
byram,ms,32.19,-90.27
caledonia,ms,33.69,-88.31
calhoun city,ms,33.84,-89.32
camden,ms,32.79,-89.89
canton,ms,32.62,-90.01
carriere,ms,30.62,-89.58
carrollton,ms,33.52,-89.95
carson,ms,31.56,-89.78
carthage,ms,32.79,-89.54
cary,ms,32.81,-90.93
cascilla,ms,33.91,-90.04
cedarbluff,ms,33.62,-88.83
centreville,ms,31.09,-91.10
charleston,ms,33.97,-90.11
chatawa,ms,31.06,-90.47
chatham,ms,33.10,-91.10
chunky,ms,32.25,-88.95
clara,ms,31.58,-88.70
clarksdale,ms,34.20,-90.58
cleveland,ms,33.74,-90.73
clinton,ms,32.34,-90.32
coahoma,ms,34.36,-90.47
coffeeville,ms,33.92,-89.68
coila,ms,33.37,-89.99
coldwater,ms,34.69,-89.99
collins,ms,31.67,-89.54
collinsville,ms,32.52,-88.82
columbia,ms,31.26,-89.80
columbus,ms,33.54,-88.43
como,ms,34.51,-89.92
conehatta,ms,32.47,-89.27
corinth,ms,34.93,-88.54
courtland,ms,34.26,-89.94
crawford,ms,33.32,-88.57
crenshaw,ms,34.45,-90.19
crosby,ms,31.30,-91.02
crowder,ms,34.17,-90.14
cruger,ms,33.31,-90.23
crystal springs,ms,31.99,-90.37
d lo,ms,31.99,-89.90
daleville,ms,32.55,-88.66
darling,ms,34.36,-90.27
de kalb,ms,32.72,-88.73
decatur,ms,32.44,-89.12
delta city,ms,33.07,-90.80
dennis,ms,34.55,-88.21
derma,ms,33.86,-89.28
diamondhead,ms,30.39,-89.36
diberville,ms,30.44,-88.90
doddsville,ms,33.63,-90.53
drew,ms,33.87,-90.54
dublin,ms,34.07,-90.49
duck hill,ms,33.69,-89.73
dumas,ms,34.65,-88.81
duncan,ms,34.05,-90.77
dundee,ms,34.53,-90.39
durant,ms,33.08,-89.86
eastabuchie,ms,31.47,-89.23
ecru,ms,34.34,-88.96
edwards,ms,32.32,-90.60
elliott,ms,33.68,-89.75
ellisville,ms,31.58,-89.22
enid,ms,34.13,-90.00
enterprise,ms,32.16,-88.85
escatawpa,ms,30.44,-88.54
ethel,ms,33.15,-89.49
etta,ms,34.44,-89.18
eupora,ms,33.57,-89.30
falcon,ms,34.39,-90.26
falkner,ms,34.84,-88.95
farrell,ms,34.26,-90.67
fayette,ms,31.71,-91.06
fernwood,ms,31.19,-90.45
flora,ms,32.56,-90.32
florence,ms,32.15,-90.12
flowood,ms,32.32,-90.11
forest,ms,32.35,-89.47
foxworth,ms,31.25,-89.93
french camp,ms,33.34,-89.39
friars point,ms,34.37,-90.64
fulton,ms,34.27,-88.38
gallman,ms,31.93,-90.39
gattman,ms,33.87,-88.26
gautier,ms,30.40,-88.64
georgetown,ms,31.86,-90.21
glen,ms,34.88,-88.44
glen allan,ms,33.03,-91.01
glendora,ms,33.83,-90.29
gloster,ms,31.19,-90.92
golden,ms,34.48,-88.18
goodman,ms,32.97,-89.98
gore springs,ms,33.72,-89.58
grace,ms,33.00,-90.96
greenville,ms,33.38,-91.05
greenwood,ms,33.52,-90.17
greenwood springs,ms,33.99,-88.31
grenada,ms,33.78,-89.81
gulfport,ms,30.38,-89.10
gunnison,ms,33.94,-90.93
guntown,ms,34.43,-88.70
hamilton,ms,33.80,-88.45
harperville,ms,32.49,-89.49
harriston,ms,31.73,-91.03
harrisville,ms,31.97,-90.11
hattiesburg,ms,31.31,-89.31
hazlehurst,ms,31.86,-90.41
heidelberg,ms,31.88,-89.00
hermanville,ms,31.96,-90.84
hernando,ms,34.81,-90.01
hickory,ms,32.32,-89.01
hickory flat,ms,34.62,-89.19
hillsboro,ms,32.46,-89.51
holcomb,ms,33.76,-89.90
hollandale,ms,33.18,-90.85
holly bluff,ms,32.82,-90.70
holly ridge,ms,33.45,-90.75
holly springs,ms,34.77,-89.45
horn lake,ms,34.95,-90.05
houlka,ms,34.06,-89.05
houston,ms,33.90,-88.97
hurley,ms,30.66,-88.49
independence,ms,34.70,-89.81
indianola,ms,33.45,-90.65
inverness,ms,33.35,-90.61
isola,ms,33.25,-90.60
itta bena,ms,33.48,-90.34
iuka,ms,34.81,-88.20
jackson,ms,32.29,-90.19
jayess,ms,31.40,-90.19
jonestown,ms,34.32,-90.46
kilmichael,ms,33.42,-89.57
kiln,ms,30.41,-89.44
kokomo,ms,31.18,-89.98
kosciusko,ms,33.04,-89.57
lake,ms,32.35,-89.34
lake cormorant,ms,34.89,-90.16
lakeshore,ms,30.25,-89.44
lamar,ms,34.93,-89.32
lambert,ms,34.18,-90.26
lauderdale,ms,32.50,-88.50
laurel,ms,31.71,-89.13
lawrence,ms,32.29,-89.27
leakesville,ms,31.12,-88.56
leland,ms,33.41,-90.89
lena,ms,32.64,-89.55
lexington,ms,33.13,-90.06
liberty,ms,31.14,-90.71
little rock,ms,32.54,-89.18
long beach,ms,30.36,-89.16
lorman,ms,31.84,-91.10
louin,ms,32.10,-89.22
louise,ms,32.99,-90.59
louisville,ms,33.11,-89.03
lucedale,ms,30.87,-88.59
ludlow,ms,32.57,-89.71
lula,ms,34.45,-90.48
lumberton,ms,31.05,-89.45
lyon,ms,34.25,-90.50
maben,ms,33.53,-89.07
macon,ms,33.10,-88.58
madden,ms,32.71,-89.38
madison,ms,32.47,-90.11
magee,ms,31.85,-89.75
magnolia,ms,31.12,-90.48
mantachie,ms,34.36,-88.50
mantee,ms,33.67,-89.12
marietta,ms,34.50,-88.45
marion,ms,32.42,-88.65
marks,ms,34.26,-90.28
mathiston,ms,33.54,-89.13
mayersville,ms,32.90,-91.03
mayhew,ms,33.48,-88.63
mc adams,ms,33.04,-89.66
mc call creek,ms,31.49,-90.78
mc carley,ms,33.59,-89.85
mc cool,ms,33.16,-89.33
mc henry,ms,30.70,-89.15
mc lain,ms,31.08,-88.82
mc neill,ms,30.71,-89.69
mccomb,ms,31.22,-90.43
meadville,ms,31.43,-90.86
mendenhall,ms,31.95,-89.81
meridian,ms,32.36,-88.66
merigold,ms,33.84,-90.73
metcalfe,ms,33.45,-91.01
michigan city,ms,34.93,-89.14
midnight,ms,33.05,-90.57
minter city,ms,33.75,-90.31
mississippi state,ms,33.46,-88.79
mize,ms,31.85,-89.57
money,ms,33.65,-90.21
monticello,ms,31.52,-90.13
montpelier,ms,33.72,-88.95
mooreville,ms,34.28,-88.60
moorhead,ms,33.48,-90.51
morgan city,ms,33.38,-90.35
morton,ms,32.44,-89.55
moselle,ms,31.48,-89.32
moss,ms,31.82,-89.18
moss point,ms,30.41,-88.53
mound bayou,ms,33.89,-90.73
mt olive,ms,31.73,-89.67
mt pleasant,ms,34.94,-89.53
myrtle,ms,34.54,-89.12
natchez,ms,31.55,-91.36
neely,ms,31.18,-88.72
nesbit,ms,34.90,-90.01
nettleton,ms,34.08,-88.61
new albany,ms,34.49,-89.00
new augusta,ms,31.13,-89.03
new site,ms,34.56,-88.44
newhebron,ms,31.73,-90.02
newton,ms,32.32,-89.18
nicholson,ms,30.48,-89.69
north carrollton,ms,33.52,-89.92
noxapater,ms,32.98,-89.12
oak vale,ms,31.44,-89.98
oakland,ms,34.08,-89.89
ocean springs,ms,30.44,-88.78
okolona,ms,33.99,-88.76
olive branch,ms,34.94,-89.85
osyka,ms,31.02,-90.48
ovett,ms,31.47,-89.04
oxford,ms,34.35,-89.50
pace,ms,33.79,-90.86
pachuta,ms,32.01,-88.87
panther burn,ms,33.07,-90.87
parchman,ms,33.92,-90.50
paris,ms,34.18,-89.42
pascagoula,ms,30.53,-88.52
pass christian,ms,30.40,-89.28
pattison,ms,31.85,-90.83
paulding,ms,32.02,-89.06
pearl,ms,32.28,-90.10
pearlington,ms,30.25,-89.61
pelahatchie,ms,32.32,-89.79
perkinston,ms,30.77,-89.14
petal,ms,31.35,-89.22
pheba,ms,33.60,-88.95
philadelphia,ms,32.76,-89.12
philipp,ms,33.76,-90.21
picayune,ms,30.54,-89.69
pickens,ms,32.89,-89.97
piney woods,ms,32.06,-89.99
pinola,ms,31.83,-90.01
pittsboro,ms,33.94,-89.34
plantersville,ms,34.20,-88.63
pocahontas,ms,32.47,-90.29
pontotoc,ms,34.22,-88.99
pope,ms,34.19,-90.00
poplarville,ms,30.85,-89.56
port gibson,ms,31.93,-91.02
porterville,ms,32.64,-88.50
potts camp,ms,34.60,-89.32
prairie,ms,33.80,-88.63
prentiss,ms,31.61,-89.87
preston,ms,32.85,-88.81
puckett,ms,32.08,-89.78
pulaski,ms,32.27,-89.65
purvis,ms,31.15,-89.46
quitman,ms,32.07,-88.68
raleigh,ms,32.05,-89.51
randolph,ms,34.18,-89.16
raymond,ms,32.24,-90.42
red banks,ms,34.88,-89.52
redwood,ms,32.49,-90.79
rena lara,ms,34.15,-90.78
richland,ms,32.22,-90.16
richton,ms,31.34,-88.91
ridgeland,ms,32.41,-90.12
rienzi,ms,34.80,-88.58
ripley,ms,34.75,-88.92
robinsonville,ms,34.81,-90.31
rolling fork,ms,32.87,-90.88
rome,ms,33.96,-90.48
rose hill,ms,32.15,-89.00
rosedale,ms,33.84,-90.99
roxie,ms,31.50,-91.06
ruleville,ms,33.72,-90.55
ruth,ms,31.38,-90.29
sallis,ms,33.00,-89.76
saltillo,ms,34.38,-88.67
sandersville,ms,31.79,-89.03
sandhill,ms,32.49,-89.88
sandy hook,ms,31.05,-89.82
sarah,ms,34.61,-90.14
sardis,ms,34.43,-89.92
satartia,ms,32.61,-90.60
saucier,ms,30.60,-89.15
schlater,ms,33.62,-90.36
scobey,ms,33.93,-89.89
scooba,ms,32.84,-88.49
scott,ms,33.59,-91.07
sebastopol,ms,32.57,-89.33
seminary,ms,31.53,-89.48
senatobia,ms,34.63,-89.89
shannon,ms,34.12,-88.73
sharon,ms,32.66,-89.94
shaw,ms,33.59,-90.81
shelby,ms,33.95,-90.76
sherard,ms,34.22,-90.71
sherman,ms,34.36,-88.84
shubuta,ms,31.90,-88.73
shuqualak,ms,32.98,-88.56
sibley,ms,31.38,-91.40
sidon,ms,33.41,-90.18
silver city,ms,33.05,-90.49
silver creek,ms,31.58,-90.02
slate spring,ms,33.86,-89.31
sledge,ms,34.38,-90.21
smithdale,ms,31.37,-90.68
smithville,ms,34.06,-88.39
sontag,ms,31.65,-90.18
soso,ms,31.76,-89.31
southaven,ms,34.98,-90.00
star,ms,32.09,-90.05
starkville,ms,33.45,-88.82
state line,ms,31.39,-88.52
steens,ms,33.57,-88.33
stennis space center,ms,30.31,-89.33
stewart,ms,33.51,-89.48
stoneville,ms,33.42,-90.92
stonewall,ms,32.16,-88.77
stringer,ms,31.84,-89.26
sturgis,ms,33.36,-89.05
summit,ms,31.30,-90.47
sumner,ms,33.97,-90.37
sumrall,ms,31.36,-89.58
sunflower,ms,33.58,-90.64
swan lake,ms,34.01,-90.06
swiftown,ms,33.31,-90.42
taylor,ms,34.28,-89.63
taylorsville,ms,31.84,-89.40
tchula,ms,33.16,-90.25
terry,ms,32.11,-90.32
thaxton,ms,34.31,-89.15
thomastown,ms,32.86,-89.67
tie plant,ms,33.74,-89.79
tillatoba,ms,33.99,-89.89
tinsley,ms,32.73,-90.46
tiplersville,ms,34.90,-88.92
tippo,ms,33.91,-90.18
tishomingo,ms,34.65,-88.22
toccopola,ms,34.26,-89.23
toomsuba,ms,32.43,-88.49
tougaloo,ms,32.40,-90.16
trebloc,ms,33.84,-88.83
tremont,ms,34.23,-88.24
tula,ms,34.23,-89.36
tunica,ms,34.69,-90.37
tupelo,ms,34.25,-88.72
tutwiler,ms,33.98,-90.38
tylertown,ms,31.15,-90.12
union,ms,32.54,-89.05
union church,ms,31.71,-90.83
university,ms,34.36,-89.58
utica,ms,32.12,-90.60
vaiden,ms,33.33,-89.76
valley park,ms,32.63,-90.85
van vleet,ms,33.99,-88.90
vance,ms,34.09,-90.38
vancleave,ms,30.54,-88.70
vardaman,ms,33.92,-89.19
vaughan,ms,32.82,-90.09
verona,ms,34.19,-88.72
vicksburg,ms,32.33,-90.85
victoria,ms,34.85,-89.62
vossburg,ms,31.97,-88.97
walls,ms,34.96,-90.12
walnut,ms,34.95,-88.91
walnut grove,ms,32.61,-89.41
walthall,ms,33.61,-89.28
washington,ms,31.58,-91.30
water valley,ms,34.15,-89.64
waterford,ms,34.64,-89.47
waveland,ms,30.29,-89.38
waynesboro,ms,31.68,-88.68
wayside,ms,33.26,-91.02
webb,ms,33.95,-90.34
weir,ms,33.26,-89.28
wesson,ms,31.69,-90.41
west,ms,33.19,-89.77
west point,ms,33.63,-88.68
wheeler,ms,34.58,-88.61
whitfield,ms,32.24,-90.07
wiggins,ms,30.86,-89.13
winona,ms,33.49,-89.73
winstonville,ms,33.91,-90.75
winterville,ms,33.50,-91.06
woodland,ms,33.81,-89.03
woodville,ms,31.15,-91.31
yazoo city,ms,32.86,-90.40
absarokee,mt,45.52,-109.47
acton,mt,45.94,-108.68
alberton,mt,46.98,-114.49
alder,mt,45.32,-112.11
alzada,mt,45.16,-104.26
anaconda,mt,46.13,-112.97
angela,mt,46.77,-106.32
antelope,mt,48.70,-104.45
arlee,mt,47.19,-114.08
ashland,mt,45.58,-106.28
augusta,mt,47.45,-112.39
avon,mt,46.60,-112.60
babb,mt,48.88,-113.37
bainville,mt,48.16,-104.20
baker,mt,46.36,-104.27
ballantine,mt,45.95,-108.12
basin,mt,46.27,-112.26
bearcreek,mt,45.15,-109.04
belfry,mt,45.05,-109.08
belgrade,mt,45.78,-111.14
belt,mt,47.38,-110.91
biddle,mt,45.26,-105.29
big arm,mt,47.76,-114.21
big sandy,mt,48.15,-110.08
big sky,mt,45.28,-111.37
big timber,mt,45.83,-109.96
bigfork,mt,48.04,-114.02
bighorn,mt,46.24,-107.21
billings,mt,45.77,-108.50
birney,mt,45.29,-106.51
black eagle,mt,47.53,-111.28
bloomfield,mt,47.34,-104.88
bonner,mt,46.86,-113.75
boulder,mt,46.23,-112.11
box elder,mt,48.28,-109.82
boyd,mt,45.46,-109.07
boyes,mt,45.49,-104.88
bozeman,mt,45.67,-111.04
brady,mt,48.03,-111.76
bridger,mt,45.29,-108.91
broadus,mt,45.46,-105.42
broadview,mt,46.08,-108.81
brockton,mt,48.21,-104.85
brockway,mt,47.25,-105.78
browning,mt,48.55,-113.02
brusett,mt,47.34,-107.60
buffalo,mt,46.81,-109.72
busby,mt,45.55,-106.87
butte,mt,45.99,-112.52
bynum,mt,47.99,-112.28
cameron,mt,45.14,-111.65
canyon creek,mt,46.76,-112.28
capitol,mt,45.47,-104.15
cardwell,mt,45.89,-111.78
carter,mt,47.78,-110.98
cascade,mt,47.29,-111.72
charlo,mt,47.43,-114.16
chester,mt,48.45,-110.98
chinook,mt,48.58,-109.22
choteau,mt,47.84,-112.20
circle,mt,47.43,-105.61
clancy,mt,46.47,-111.99
clinton,mt,46.77,-113.70
clyde park,mt,45.89,-110.60
coffee creek,mt,47.34,-110.05
cohagen,mt,47.13,-106.50
colstrip,mt,45.88,-106.62
columbia falls,mt,48.35,-114.18
columbus,mt,45.63,-109.26
condon,mt,47.51,-113.71
conner,mt,45.91,-114.18
conrad,mt,48.18,-111.94
cooke city,mt,45.02,-109.93
coram,mt,48.42,-114.05
corvallis,mt,46.31,-114.10
crane,mt,47.58,-104.26
crow agency,mt,45.63,-107.50
culbertson,mt,48.15,-104.51
custer,mt,46.13,-107.60
cut bank,mt,48.66,-112.37
dagmar,mt,48.61,-104.24
darby,mt,46.03,-114.19
dayton,mt,47.86,-114.28
de borgia,mt,47.38,-115.34
decker,mt,45.18,-106.87
deer lodge,mt,46.39,-112.75
dell,mt,44.96,-112.95
denton,mt,47.32,-109.88
dillon,mt,45.23,-112.64
divide,mt,45.72,-112.72
dixon,mt,47.31,-114.31
dodson,mt,48.21,-108.63
drummond,mt,46.66,-113.24
dupuyer,mt,48.19,-112.50
dutton,mt,47.86,-111.69
east glacier park,mt,48.46,-113.32
east helena,mt,46.60,-111.91
edgar,mt,45.46,-108.85
ekalaka,mt,45.88,-104.50
elliston,mt,46.56,-112.43
elmo,mt,47.82,-114.34
emigrant,mt,45.13,-110.80
ennis,mt,45.35,-111.69
essex,mt,48.49,-113.95
ethridge,mt,48.56,-112.12
eureka,mt,48.84,-115.00
fairfield,mt,47.61,-112.00
fairview,mt,47.89,-104.23
fallon,mt,46.79,-105.12
fishtail,mt,45.40,-109.58
flaxville,mt,48.75,-105.16
florence,mt,46.63,-114.09
floweree,mt,47.66,-111.12
forest grove,mt,46.91,-109.02
forsyth,mt,46.28,-106.70
ft benton,mt,47.81,-110.67
ft harrison,mt,46.63,-112.10
ft peck,mt,48.05,-106.52
ft shaw,mt,47.56,-111.81
fortine,mt,48.76,-114.90
frazer,mt,48.16,-105.99
frenchtown,mt,47.05,-114.27
froid,mt,48.32,-104.45
fromberg,mt,45.40,-108.91
galata,mt,48.46,-111.42
gallatin gateway,mt,45.61,-111.17
gardiner,mt,45.05,-110.20
garrison,mt,46.57,-112.62
garryowen,mt,45.51,-107.36
geraldine,mt,47.60,-110.28
geyser,mt,47.26,-110.48
gildford,mt,48.59,-110.28
glasgow,mt,48.20,-106.61
glen,mt,45.48,-112.69
glendive,mt,47.10,-104.73
glentana,mt,48.85,-106.25
gold creek,mt,46.59,-112.97
grantsdale,mt,46.20,-114.14
grass range,mt,47.03,-108.83
great falls,mt,47.51,-111.27
greycliff,mt,45.79,-109.67
hall,mt,46.58,-113.21
hamilton,mt,46.24,-114.17
hammond,mt,45.29,-104.62
hardin,mt,45.75,-107.61
harlem,mt,48.54,-108.77
harlowton,mt,46.44,-109.83
harrison,mt,45.74,-111.85
hathaway,mt,46.28,-106.20
haugan,mt,47.38,-115.40
havre,mt,48.56,-109.69
hays,mt,48.38,-108.77
heart butte,mt,48.28,-112.85
helena,mt,46.61,-112.02
helmville,mt,46.83,-112.94
heron,mt,48.05,-115.94
highwood,mt,47.58,-110.79
hilger,mt,47.27,-109.46
hingham,mt,48.59,-110.43
hinsdale,mt,48.40,-107.01
hobson,mt,46.95,-109.95
hogeland,mt,48.86,-108.67
homestead,mt,48.43,-104.59
hot springs,mt,47.59,-114.66
hungry horse,mt,48.39,-114.06
huntley,mt,45.89,-108.28
huson,mt,47.07,-114.42
hysham,mt,46.28,-107.31
ingomar,mt,46.65,-107.55
inverness,mt,48.59,-110.69
ismay,mt,46.41,-105.21
jackson,mt,45.43,-113.47
jefferson city,mt,46.39,-112.03
joliet,mt,45.50,-108.95
joplin,mt,48.65,-110.79
jordan,mt,47.37,-106.92
judith gap,mt,46.66,-109.68
kalispell,mt,48.22,-114.29
kevin,mt,48.75,-111.97
kila,mt,48.07,-114.51
kinsey,mt,46.58,-105.74
kremlin,mt,48.56,-110.05
lake mc donald,mt,48.74,-114.05
lakeside,mt,48.02,-114.23
lambert,mt,47.75,-104.60
lame deer,mt,45.60,-106.57
larslan,mt,48.58,-106.28
laurel,mt,45.67,-108.77
lavina,mt,46.33,-109.00
ledger,mt,48.28,-111.76
lewistown,mt,47.06,-109.42
libby,mt,48.38,-115.54
lima,mt,44.64,-112.56
lincoln,mt,46.96,-112.67
lindsay,mt,47.20,-105.21
livingston,mt,45.65,-110.56
lloyd,mt,48.15,-109.29
lodge grass,mt,45.33,-107.73
lolo,mt,46.76,-114.11
loma,mt,47.95,-110.50
lonepine,mt,47.71,-114.64
loring,mt,48.80,-107.87
lothair,mt,48.47,-111.23
malmstrom a f b,mt,47.50,-111.18
malta,mt,48.37,-107.84
manhattan,mt,45.80,-111.31
marion,mt,48.08,-114.74
martin city,mt,48.39,-114.04
martinsdale,mt,46.46,-110.43
marysville,mt,46.75,-112.30
mc allister,mt,45.29,-111.80
mc leod,mt,45.60,-109.94
medicine lake,mt,48.49,-104.44
melrose,mt,45.63,-112.68
melstone,mt,46.60,-107.87
melville,mt,46.04,-109.88
mildred,mt,46.75,-104.79
miles city,mt,46.41,-105.83
milltown,mt,46.87,-113.88
missoula,mt,46.86,-114.03
moccasin,mt,47.09,-109.89
molt,mt,45.86,-108.97
monarch,mt,47.07,-110.87
moore,mt,46.99,-109.65
mosby,mt,46.90,-107.79
musselshell,mt,46.52,-108.00
nashua,mt,48.19,-106.24
neihart,mt,46.94,-110.73
norris,mt,45.53,-111.69
noxon,mt,48.03,-115.78
nye,mt,45.44,-109.83
oilmont,mt,48.74,-111.84
olive,mt,45.55,-105.67
olney,mt,48.55,-114.58
opheim,mt,48.87,-106.37
otter,mt,45.45,-106.01
outlook,mt,48.88,-104.74
ovando,mt,47.01,-113.09
pablo,mt,47.60,-114.12
paradise,mt,47.39,-114.80
park city,mt,45.63,-108.93
peerless,mt,48.78,-105.80
pendroy,mt,48.09,-112.33
philipsburg,mt,46.32,-113.31
pinesdale,mt,46.33,-114.22
plains,mt,47.47,-114.89
plentywood,mt,48.78,-104.56
plevna,mt,46.41,-104.57
polaris,mt,45.37,-113.12
polebridge,mt,48.82,-114.38
polson,mt,47.69,-114.14
pompeys pillar,mt,45.98,-107.92
pony,mt,45.57,-111.96
poplar,mt,48.13,-105.19
powderville,mt,45.74,-105.28
power,mt,47.68,-111.72
pray,mt,45.42,-110.69
proctor,mt,47.94,-114.38
pryor,mt,45.43,-108.53
radersburg,mt,46.08,-111.57
ramsay,mt,46.12,-112.62
rapelje,mt,45.98,-109.28
ravalli,mt,47.28,-114.18
raymond,mt,48.97,-104.63
raynesford,mt,47.26,-110.70
red lodge,mt,45.20,-109.27
redstone,mt,48.84,-104.94
reed point,mt,45.65,-109.47
reserve,mt,48.59,-104.63
rexford,mt,48.92,-115.21
richey,mt,47.62,-105.02
richland,mt,48.73,-106.22
ringling,mt,46.29,-110.82
roberts,mt,45.37,-109.18
rollins,mt,47.92,-114.22
ronan,mt,47.55,-114.11
roscoe,mt,45.38,-109.45
rosebud,mt,45.94,-106.60
roundup,mt,46.42,-108.54
roy,mt,47.37,-108.86
rudyard,mt,48.59,-110.56
ryegate,mt,46.27,-109.28
saco,mt,48.64,-107.43
st ignatius,mt,47.33,-114.08
st marie,mt,48.20,-106.64
st regis,mt,47.34,-115.17
st xavier,mt,45.49,-107.71
saltese,mt,47.41,-115.51
sand coulee,mt,47.40,-111.17
sand springs,mt,47.03,-107.29
sanders,mt,46.29,-107.23
savage,mt,47.52,-104.28
scobey,mt,48.79,-105.42
seeley lake,mt,47.18,-113.48
shawmut,mt,46.39,-109.60
shelby,mt,48.50,-111.84
shepherd,mt,45.95,-108.34
sheridan,mt,45.42,-112.17
sidney,mt,47.71,-104.16
silver gate,mt,45.01,-109.99
silver star,mt,45.76,-112.18
simms,mt,47.49,-111.93
somers,mt,48.08,-114.24
springdale,mt,45.74,-110.23
stanford,mt,47.15,-110.20
stevensville,mt,46.53,-114.05
stockett,mt,47.32,-111.13
stryker,mt,48.67,-114.77
sula,mt,45.83,-114.04
sumatra,mt,46.62,-107.55
sun river,mt,47.48,-111.72
sunburst,mt,48.85,-111.74
superior,mt,47.17,-114.89
sweet grass,mt,48.97,-112.02
teigen,mt,47.04,-108.60
terry,mt,46.83,-105.37
thompson falls,mt,47.60,-115.36
three forks,mt,45.88,-111.54
toston,mt,46.20,-111.43
townsend,mt,46.33,-111.49
trego,mt,48.71,-114.87
trout creek,mt,47.81,-115.56
troy,mt,48.48,-115.88
turner,mt,48.83,-108.40
twin bridges,mt,45.53,-112.35
two dot,mt,46.45,-109.90
ulm,mt,47.43,-111.51
valier,mt,48.28,-112.30
vandalia,mt,48.35,-106.91
vaughn,mt,47.56,-111.58
victor,mt,46.40,-114.17
vida,mt,47.89,-105.60
virginia city,mt,45.25,-112.00
volborg,mt,46.07,-105.72
warm springs,mt,46.16,-112.82
west glacier,mt,48.50,-113.98
west yellowstone,mt,44.91,-111.19
westby,mt,48.86,-104.12
white sulphur springs,mt,46.57,-110.93
whitefish,mt,48.40,-114.35
whitehall,mt,45.88,-112.12
whitetail,mt,48.92,-105.30
whitewater,mt,48.83,-107.41
whitlash,mt,48.91,-111.11
wibaux,mt,46.96,-104.19
willard,mt,46.11,-104.45
willow creek,mt,45.83,-111.64
wilsall,mt,45.95,-110.61
winifred,mt,47.59,-109.34
winnett,mt,46.94,-108.32
winston,mt,46.43,-111.64
wisdom,mt,45.65,-113.47
wise river,mt,45.74,-113.00
wolf creek,mt,46.84,-111.88
wolf point,mt,48.11,-105.63
worden,mt,45.98,-108.15
wyola,mt,45.11,-107.43
yellowtail,mt,45.31,-107.94
zortman,mt,47.87,-108.35
zurich,mt,48.58,-109.03
aberdeen,nc,35.12,-79.45
advance,nc,36.01,-80.45
ahoskie,nc,36.30,-77.00
alamance,nc,36.03,-79.49
albemarle,nc,35.36,-80.20
albertson,nc,35.12,-77.85
alexander,nc,35.71,-82.63
alexis,nc,35.38,-81.10
alliance,nc,35.14,-76.80
almond,nc,35.33,-83.58
altamahaw,nc,36.18,-79.51
andrews,nc,35.20,-83.82
angier,nc,35.49,-78.72
ansonville,nc,35.10,-80.11
apex,nc,35.72,-78.84
arapahoe,nc,35.01,-76.81
ararat,nc,36.39,-80.61
arden,nc,35.46,-82.54
ash,nc,34.07,-78.51
asheboro,nc,35.69,-79.82
asheville,nc,35.60,-82.56
atkinson,nc,34.53,-78.17
atlantic,nc,34.89,-76.35
atlantic beach,nc,34.70,-76.82
aulander,nc,36.15,-77.11
aurora,nc,35.30,-76.80
autryville,nc,35.10,-78.60
avon,nc,35.35,-75.51
ayden,nc,35.46,-77.41
aydlett,nc,36.30,-75.90
badin,nc,35.41,-80.12
bahama,nc,36.16,-78.89
bailey,nc,35.81,-78.09
bakersville,nc,36.03,-82.17
balsam,nc,35.43,-83.09
balsam grove,nc,35.23,-82.88
banner elk,nc,36.17,-81.84
barco,nc,36.36,-75.98
barium springs,nc,35.72,-80.90
barnardsville,nc,35.77,-82.46
barnesville,nc,34.41,-79.05
bat cave,nc,35.45,-82.29
bath,nc,35.47,-76.77
battleboro,nc,35.84,-77.43
bayboro,nc,35.15,-76.75
bear creek,nc,35.61,-79.37
beaufort,nc,34.76,-76.62
belews creek,nc,36.23,-80.09
belhaven,nc,35.52,-76.62
bellarthur,nc,35.58,-77.49
belmont,nc,35.24,-81.04
belvidere,nc,36.31,-76.54
bennett,nc,35.57,-79.52
benson,nc,35.40,-78.54
bessemer city,nc,35.28,-81.29
bethania,nc,36.18,-80.34
bethel,nc,35.79,-77.37
beulaville,nc,34.93,-77.77
biscoe,nc,35.33,-79.76
black creek,nc,35.63,-77.93
black mountain,nc,35.61,-82.33
bladenboro,nc,34.57,-78.78
blanch,nc,36.53,-79.30
blounts creek,nc,35.38,-76.93
blowing rock,nc,36.09,-81.75
boiling springs,nc,35.25,-81.67
bolivia,nc,34.03,-78.17
bolton,nc,34.31,-78.34
bonlee,nc,35.65,-79.41
boomer,nc,36.06,-81.31
boone,nc,36.21,-81.67
boonville,nc,36.23,-80.64
bostic,nc,35.45,-81.81
brasstown,nc,35.03,-83.97
brevard,nc,35.22,-82.74
bridgeton,nc,35.12,-77.02
broadway,nc,35.42,-79.04
browns summit,nc,36.20,-79.71
brunswick,nc,34.29,-78.70
bryson city,nc,35.42,-83.44
buies creek,nc,35.41,-78.74
bullock,nc,36.51,-78.56
bunn,nc,35.96,-78.25
bunnlevel,nc,35.28,-78.86
burgaw,nc,34.55,-77.94
burlington,nc,36.07,-79.46
burnsville,nc,35.90,-82.29
butner,nc,36.14,-78.76
buxton,nc,35.27,-75.54
bynum,nc,35.77,-79.14
calabash,nc,33.90,-78.57
calypso,nc,35.15,-78.11
camden,nc,36.32,-76.15
cameron,nc,35.31,-79.27
camp lejeune,nc,34.67,-77.34
candler,nc,35.54,-82.70
candor,nc,35.22,-79.79
canton,nc,35.51,-82.84
caroleen,nc,35.28,-81.80
carolina beach,nc,34.04,-77.90
carrboro,nc,35.91,-79.08
carthage,nc,35.31,-79.40
cary,nc,35.76,-78.78
casar,nc,35.51,-81.64
cashiers,nc,35.10,-83.09
castalia,nc,36.09,-78.07
castle hayne,nc,34.32,-77.91
catawba,nc,35.68,-81.05
cedar falls,nc,35.75,-79.73
cedar grove,nc,36.20,-79.17
cedar island,nc,35.07,-76.08
cedar mountain,nc,35.14,-82.64
cerro gordo,nc,34.30,-78.92
chadbourn,nc,34.32,-78.83
chapel hill,nc,35.92,-79.04
charlotte,nc,35.23,-80.84
cherokee,nc,35.51,-83.31
cherry point,nc,34.94,-76.82
cherryville,nc,35.37,-81.35
chimney rock,nc,35.44,-82.25
china grove,nc,35.57,-80.59
chinquapin,nc,34.83,-77.76
chocowinity,nc,35.48,-77.09
claremont,nc,35.72,-81.13
clarendon,nc,34.20,-78.79
clarkton,nc,34.50,-78.63
clayton,nc,35.63,-78.45
clemmons,nc,36.03,-80.40
cleveland,nc,35.74,-80.71
cliffside,nc,35.24,-81.77
climax,nc,35.93,-79.70
clinton,nc,35.02,-78.33
clyde,nc,35.56,-82.92
coats,nc,35.41,-78.66
cofield,nc,36.33,-76.87
coinjock,nc,36.38,-75.93
colerain,nc,36.19,-76.85
colfax,nc,36.10,-80.01
collettsville,nc,35.95,-81.67
columbia,nc,35.91,-76.23
columbus,nc,35.24,-82.12
comfort,nc,35.01,-77.49
como,nc,36.50,-77.05
concord,nc,35.37,-80.53
conetoe,nc,35.82,-77.46
connellys springs,nc,35.71,-81.49
conover,nc,35.73,-81.22
conway,nc,36.42,-77.25
cooleemee,nc,35.81,-80.56
corapeake,nc,36.52,-76.60
cordova,nc,34.91,-79.82
cornelius,nc,35.49,-80.86
corolla,nc,36.32,-75.81
council,nc,34.43,-78.41
cove city,nc,35.20,-77.30
cramerton,nc,35.24,-81.08
creedmoor,nc,36.11,-78.65
creston,nc,36.45,-81.65
creswell,nc,35.87,-76.42
crossnore,nc,36.02,-81.93
crouse,nc,35.48,-81.34
crumpler,nc,36.46,-81.40
culberson,nc,34.99,-84.17
cullowhee,nc,35.24,-83.15
cumberland,nc,35.00,-78.97
cumnock,nc,35.47,-79.17
currie,nc,34.45,-78.09
currituck,nc,36.43,-75.99
dallas,nc,35.33,-81.19
dana,nc,35.33,-82.38
danbury,nc,36.46,-80.22
davidson,nc,35.50,-80.85
davis,nc,34.80,-76.46
deep gap,nc,36.21,-81.52
deep run,nc,35.16,-77.69
delco,nc,34.33,-78.19
denton,nc,35.62,-80.10
denver,nc,35.48,-80.99
dillsboro,nc,35.37,-83.25
dobson,nc,36.37,-80.71
dover,nc,35.26,-77.37
drexel,nc,35.76,-81.60
dublin,nc,34.66,-78.73
dudley,nc,35.29,-78.03
dunn,nc,35.32,-78.62
durants neck,nc,36.19,-76.47
durham,nc,36.00,-78.90
eagle springs,nc,35.34,-79.63
earl,nc,35.19,-81.53
east bend,nc,36.20,-80.53
east flat rock,nc,35.28,-82.42
east spencer,nc,35.68,-80.43
eden,nc,36.50,-79.76
edenton,nc,36.09,-76.62
edneyville,nc,35.39,-82.34
edward,nc,35.32,-76.88
efland,nc,36.09,-79.19
elizabeth city,nc,36.30,-76.22
elizabethtown,nc,34.65,-78.57
elk park,nc,36.16,-81.96
elkin,nc,36.29,-80.86
ellenboro,nc,35.33,-81.77
ellerbe,nc,35.09,-79.75
elm city,nc,35.81,-77.86
elon,nc,36.15,-79.50
emerald isle,nc,34.67,-77.03
enfield,nc,36.20,-77.71
engelhard,nc,35.50,-76.04
enka,nc,35.55,-82.65
ennice,nc,36.53,-80.98
ernul,nc,35.25,-77.05
erwin,nc,35.33,-78.69
ether,nc,35.44,-79.78
etowah,nc,35.32,-82.60
eure,nc,36.43,-76.85
everetts,nc,35.83,-77.17
evergreen,nc,34.38,-78.88
fair bluff,nc,34.30,-79.02
fairfield,nc,35.57,-76.23
fairmont,nc,34.48,-79.13
fairview,nc,35.53,-82.40
faison,nc,35.12,-78.12
faith,nc,35.59,-80.46
falcon,nc,35.19,-78.65
falkland,nc,35.70,-77.51
fallston,nc,35.43,-81.50
farmville,nc,35.58,-77.58
fayetteville,nc,35.05,-78.84
ferguson,nc,36.13,-81.39
flat rock,nc,35.29,-82.39
fleetwood,nc,36.28,-81.51
fletcher,nc,35.45,-82.50
fontana dam,nc,35.43,-83.82
forest city,nc,35.30,-81.86
ft bragg,nc,35.14,-79.00
fountain,nc,35.67,-77.62
four oaks,nc,35.40,-78.42
franklin,nc,35.18,-83.39
franklinton,nc,36.10,-78.45
franklinville,nc,35.79,-79.71
fremont,nc,35.52,-78.00
frisco,nc,35.23,-75.63
fuquay varina,nc,35.58,-78.79
garland,nc,34.82,-78.34
garner,nc,35.68,-78.60
garysburg,nc,36.48,-77.57
gaston,nc,36.51,-77.68
gastonia,nc,35.24,-81.22
gates,nc,36.50,-76.76
gatesville,nc,36.41,-76.73
germanton,nc,36.27,-80.23
gerton,nc,35.47,-82.31
gibson,nc,34.75,-79.58
gibsonville,nc,36.12,-79.57
glade valley,nc,36.44,-81.02
glen alpine,nc,35.73,-81.78
glendale springs,nc,36.34,-81.38
glenville,nc,35.19,-83.09
glenwood,nc,35.68,-82.01
gloucester,nc,34.69,-76.53
godwin,nc,35.20,-78.66
gold hill,nc,35.55,-80.33
goldsboro,nc,35.38,-78.02
goldston,nc,35.56,-79.34
graham,nc,36.03,-79.38
grandy,nc,36.23,-75.88
granite falls,nc,35.82,-81.46
granite quarry,nc,35.61,-80.45
grantsboro,nc,35.12,-76.88
grassy creek,nc,36.54,-81.45
green mountain,nc,36.00,-82.29
greensboro,nc,36.07,-79.79
greenville,nc,35.66,-77.40
grifton,nc,35.38,-77.42
grimesland,nc,35.56,-77.26
grover,nc,35.18,-81.46
gulf,nc,35.56,-79.28
halifax,nc,36.30,-77.56
hallsboro,nc,34.32,-78.60
hamilton,nc,35.94,-77.22
hamlet,nc,34.89,-79.70
hampstead,nc,34.39,-77.66
hamptonville,nc,36.12,-80.81
harbinger,nc,36.09,-75.81
harkers island,nc,34.70,-76.56
harmony,nc,35.96,-80.76
harrells,nc,34.68,-78.24
harrellsville,nc,36.29,-76.78
harris,nc,35.24,-81.87
harrisburg,nc,35.32,-80.66
hassell,nc,35.91,-77.28
hatteras,nc,35.22,-75.69
havelock,nc,34.90,-76.89
haw river,nc,36.06,-79.33
hayesville,nc,35.04,-83.79
hays,nc,36.31,-81.12
hazelwood,nc,35.48,-83.00
henderson,nc,36.33,-78.40
hendersonville,nc,35.32,-82.50
henrico,nc,36.53,-77.85
henrietta,nc,35.26,-81.80
hertford,nc,36.18,-76.42
hickory,nc,35.76,-81.33
hiddenite,nc,35.95,-81.05
high point,nc,35.96,-80.01
high shoals,nc,35.40,-81.20
highfalls,nc,35.48,-79.52
highlands,nc,35.07,-83.22
hildebran,nc,35.71,-81.42
hillsborough,nc,36.08,-79.09
hobbsville,nc,36.35,-76.62
hobgood,nc,36.00,-77.44
hobucken,nc,35.25,-76.57
hoffman,nc,35.03,-79.56
hollister,nc,36.26,-77.93
holly ridge,nc,34.46,-77.51
holly springs,nc,35.63,-78.85
hookerton,nc,35.44,-77.57
hope mills,nc,34.95,-78.94
horse shoe,nc,35.37,-82.60
hot springs,nc,35.82,-82.81
hubert,nc,34.70,-77.21
hudson,nc,35.84,-81.49
huntersville,nc,35.41,-80.84
hurdle mills,nc,36.25,-79.08
icard,nc,35.73,-81.47
indian trail,nc,35.08,-80.66
iron station,nc,35.47,-81.11
ivanhoe,nc,34.70,-78.16
jackson,nc,36.39,-77.47
jackson springs,nc,35.23,-79.67
jacksonville,nc,34.74,-77.46
jamestown,nc,36.00,-79.93
jamesville,nc,35.78,-76.90
jarvisburg,nc,36.17,-75.86
jefferson,nc,36.41,-81.44
jonas ridge,nc,35.97,-81.89
jonesville,nc,36.23,-80.79
julian,nc,35.95,-79.64
kannapolis,nc,35.50,-80.64
kelford,nc,36.20,-77.26
kelly,nc,34.46,-78.29
kenansville,nc,35.04,-77.97
kenly,nc,35.61,-78.14
kernersville,nc,36.12,-80.08
kill devil hills,nc,36.01,-75.68
king,nc,36.30,-80.36
kings mountain,nc,35.25,-81.38
kinston,nc,35.28,-77.59
kipling,nc,35.48,-78.82
kittrell,nc,36.20,-78.42
kitty hawk,nc,36.10,-75.73
knightdale,nc,35.78,-78.49
knotts island,nc,36.52,-75.97
kure beach,nc,33.99,-77.91
la grange,nc,35.31,-77.77
lake junaluska,nc,35.53,-82.97
lake lure,nc,35.45,-82.18
lake toxaway,nc,35.15,-82.92
lake waccamaw,nc,34.34,-78.51
lakeview,nc,35.24,-79.31
landis,nc,35.54,-80.61
lansing,nc,36.52,-81.53
lattimore,nc,35.32,-81.66
laurel hill,nc,34.82,-79.55
laurel springs,nc,36.44,-81.26
laurinburg,nc,34.76,-79.47
lawndale,nc,35.44,-81.53
lawsonville,nc,36.51,-80.21
leasburg,nc,36.42,-79.19
leicester,nc,35.65,-82.71
leland,nc,34.27,-78.06
lemon springs,nc,35.39,-79.19
lenoir,nc,35.91,-81.54
lewiston woodville,nc,36.13,-77.21
lewisville,nc,36.10,-80.42
lexington,nc,35.82,-80.26
liberty,nc,35.87,-79.58
lilesville,nc,34.97,-79.97
lillington,nc,35.33,-78.92
lincolnton,nc,35.48,-81.23
linden,nc,35.23,-78.80
linville,nc,36.07,-81.87
linville falls,nc,35.96,-81.94
linwood,nc,35.76,-80.37
little switzerland,nc,35.83,-82.02
littleton,nc,36.42,-77.85
locust,nc,35.27,-80.42
longwood,nc,33.95,-78.53
louisburg,nc,36.06,-78.26
lowell,nc,35.27,-81.10
lowgap,nc,36.50,-80.79
lowland,nc,35.31,-76.58
lucama,nc,35.64,-78.02
lumber bridge,nc,34.88,-79.07
lumberton,nc,34.63,-79.01
lynn,nc,35.23,-82.23
macclesfield,nc,35.77,-77.60
macon,nc,36.44,-78.00
madison,nc,36.37,-79.97
maggie valley,nc,35.52,-83.09
magnolia,nc,34.90,-78.04
maiden,nc,35.58,-81.17
mamers,nc,35.42,-78.93
manns harbor,nc,35.89,-75.94
manson,nc,36.46,-78.30
manteo,nc,35.89,-75.67
maple,nc,36.40,-76.00
maple hill,nc,34.62,-77.74
marble,nc,35.15,-83.94
margarettsville,nc,36.52,-77.33
marietta,nc,34.37,-79.12
marion,nc,35.68,-82.02
mars hill,nc,35.85,-82.53
marshall,nc,35.86,-82.66
marshallberg,nc,34.73,-76.52
marshville,nc,35.02,-80.38
marston,nc,34.99,-79.66
matthews,nc,35.12,-80.71
maury,nc,35.48,-77.59
maxton,nc,34.73,-79.31
mayodan,nc,36.43,-79.96
maysville,nc,34.87,-77.23
mc adenville,nc,35.26,-81.08
mc farlan,nc,34.81,-79.97
mc grady,nc,36.31,-81.19
mc leansville,nc,36.12,-79.67
mccutcheon field,nc,34.72,-77.45
mebane,nc,36.10,-79.27
merritt,nc,35.12,-76.70
merry hill,nc,36.09,-76.78
micaville,nc,35.91,-82.21
micro,nc,35.56,-78.20
middleburg,nc,36.40,-78.32
middlesex,nc,35.77,-78.21
midland,nc,35.25,-80.53
midway park,nc,34.73,-77.32
mill spring,nc,35.33,-82.16
millers creek,nc,36.21,-81.25
mills river,nc,35.37,-82.59
milton,nc,36.52,-79.21
milwaukee,nc,36.41,-77.23
mineral springs,nc,34.94,-80.67
minneapolis,nc,36.10,-81.99
misenheimer,nc,35.48,-80.29
mocksville,nc,35.92,-80.54
moncure,nc,35.63,-79.08
monroe,nc,35.02,-80.54
montezuma,nc,36.06,-81.90
montreat,nc,35.64,-82.30
mooresboro,nc,35.25,-81.67
mooresville,nc,35.58,-80.82
moravian falls,nc,36.08,-81.18
morehead city,nc,34.73,-76.75
morganton,nc,35.73,-81.70
morrisville,nc,35.83,-78.85
morven,nc,34.85,-80.00
mt airy,nc,36.50,-80.61
mt gilead,nc,35.23,-79.99
mt holly,nc,35.31,-81.03
mt mourne,nc,35.54,-80.85
mt olive,nc,35.21,-78.10
mt pleasant,nc,35.41,-80.42
mt ulla,nc,35.64,-80.72
mountain home,nc,35.37,-82.49
moyock,nc,36.49,-76.11
murfreesboro,nc,36.43,-77.10
murphy,nc,35.08,-84.10
nags head,nc,35.35,-75.57
nakina,nc,34.12,-78.66
naples,nc,35.39,-82.50
nashville,nc,35.98,-77.96
nebo,nc,35.67,-81.91
new bern,nc,35.10,-77.03
new hill,nc,35.68,-78.94
new london,nc,35.43,-80.21
newell,nc,35.28,-80.74
newland,nc,36.04,-81.95
newport,nc,34.76,-76.91
newton,nc,35.65,-81.24
newton grove,nc,35.22,-78.43
norlina,nc,36.48,-78.19
norman,nc,35.17,-79.72
north wilkesboro,nc,36.16,-81.15
norwood,nc,35.23,-80.14
oak city,nc,35.96,-77.30
oak island,nc,33.92,-78.13
oak ridge,nc,36.17,-79.98
oakboro,nc,35.25,-80.34
ocean isle beach,nc,33.89,-78.43
ocracoke,nc,35.11,-75.98
old ft,nc,35.62,-82.17
olin,nc,35.96,-80.85
olivia,nc,35.36,-79.11
oriental,nc,35.04,-76.70
orrum,nc,34.45,-79.03
otto,nc,35.06,-83.38
oxford,nc,36.33,-78.61
pantego,nc,35.62,-76.70
parkton,nc,34.90,-79.00
parmele,nc,35.82,-77.31
patterson,nc,36.00,-81.56
paw creek,nc,35.27,-80.94
peachland,nc,35.01,-80.28
pelham,nc,36.49,-79.47
pembroke,nc,34.69,-79.18
pendleton,nc,36.49,-77.19
penland,nc,35.93,-82.11
penrose,nc,35.25,-82.62
pfafftown,nc,36.17,-80.38
pikeville,nc,35.49,-77.96
pilot mountain,nc,36.41,-80.49
pine hall,nc,36.35,-80.05
pine level,nc,35.51,-78.24
pinebluff,nc,35.11,-79.47
pinehurst,nc,35.20,-79.47
pineola,nc,36.03,-81.89
pinetops,nc,35.82,-77.69
pinetown,nc,35.58,-76.81
pineville,nc,35.07,-80.89
piney creek,nc,36.55,-81.29
pink hill,nc,35.07,-77.71
pinnacle,nc,36.33,-80.44
pisgah forest,nc,35.26,-82.67
pittsboro,nc,35.77,-79.18
pleasant garden,nc,35.95,-79.75
pleasant hill,nc,36.52,-77.52
plumtree,nc,36.03,-82.01
plymouth,nc,35.85,-76.74
point harbor,nc,36.08,-75.80
polkton,nc,34.98,-80.15
polkville,nc,35.42,-81.64
pollocksville,nc,35.02,-77.23
pope a f b,nc,35.18,-79.01
poplar branch,nc,36.26,-75.88
potecasi,nc,36.36,-77.24
powells point,nc,36.12,-75.83
powellsville,nc,36.23,-76.93
princeton,nc,35.46,-78.17
proctorville,nc,34.48,-79.04
prospect hill,nc,36.29,-79.22
providence,nc,36.48,-79.36
purlear,nc,36.20,-81.35
raeford,nc,34.99,-79.22
raleigh,nc,35.77,-78.63
ramseur,nc,35.71,-79.64
randleman,nc,35.85,-79.80
red oak,nc,36.04,-77.91
red springs,nc,34.81,-79.16
reidsville,nc,36.34,-79.66
research triangle park,nc,35.91,-78.87
rex,nc,34.86,-79.05
rhodhiss,nc,35.77,-81.43
rich square,nc,36.28,-77.30
richfield,nc,35.51,-80.27
richlands,nc,34.86,-77.59
ridgecrest,nc,35.62,-82.28
ridgeway,nc,36.44,-78.24
riegelwood,nc,34.35,-78.26
roanoke rapids,nc,36.45,-77.67
roaring gap,nc,36.38,-81.02
roaring river,nc,36.19,-81.00
robbins,nc,35.45,-79.58
robbinsville,nc,35.33,-83.79
robersonville,nc,35.82,-77.26
rockingham,nc,34.93,-79.77
rockwell,nc,35.55,-80.42
rocky mt,nc,35.94,-77.76
rocky point,nc,34.43,-77.92
rodanthe,nc,35.59,-75.47
roduco,nc,36.46,-76.81
rolesville,nc,35.92,-78.47
ronda,nc,36.21,-80.93
roper,nc,35.90,-76.58
rose hill,nc,34.82,-78.02
roseboro,nc,34.99,-78.50
rosman,nc,35.12,-82.82
rougemont,nc,36.24,-78.90
rowland,nc,34.59,-79.26
roxboro,nc,36.41,-78.97
roxobel,nc,36.19,-77.23
ruffin,nc,36.44,-79.56
rural hall,nc,36.23,-80.29
rutherford college,nc,35.75,-81.52
rutherfordton,nc,35.37,-81.98
st pauls,nc,34.80,-78.97
salemburg,nc,35.05,-78.47
salisbury,nc,35.65,-80.49
salter path,nc,34.69,-76.89
saluda,nc,35.24,-82.33
salvo,nc,35.54,-75.47
sandy ridge,nc,36.49,-80.09
sanford,nc,35.46,-79.18
sapphire,nc,35.07,-83.00
saratoga,nc,35.66,-77.77
saxapahaw,nc,35.95,-79.32
scaly mountain,nc,35.02,-83.31
scotland neck,nc,36.13,-77.43
scotts,nc,35.84,-81.01
scottville,nc,36.48,-81.31
scranton,nc,35.53,-76.49
seaboard,nc,36.49,-77.41
seagrove,nc,35.53,-79.70
sealevel,nc,34.88,-76.39
sedalia,nc,36.07,-79.62
selma,nc,35.56,-78.26
semora,nc,36.51,-79.09
seven springs,nc,35.21,-77.91
severn,nc,36.52,-77.19
shallotte,nc,33.94,-78.41
shannon,nc,34.90,-79.18
sharpsburg,nc,35.87,-77.83
shawboro,nc,36.38,-76.09
shelby,nc,35.35,-81.58
sherrills ford,nc,35.60,-81.03
shiloh,nc,36.26,-76.04
siler city,nc,35.74,-79.46
siloam,nc,36.30,-80.58
simpson,nc,35.58,-77.28
sims,nc,35.74,-78.09
skyland,nc,35.49,-82.52
smithfield,nc,35.51,-78.35
smyrna,nc,34.77,-76.52
sneads ferry,nc,34.54,-77.40
snow camp,nc,35.91,-79.43
snow hill,nc,35.44,-77.70
sophia,nc,35.83,-79.90
south mills,nc,36.45,-76.30
southern pines,nc,35.17,-79.40
southmont,nc,35.67,-80.27
southport,nc,34.01,-78.05
sparta,nc,36.51,-81.14
speed,nc,35.97,-77.45
spencer,nc,35.70,-80.43
spindale,nc,35.36,-81.93
spring hope,nc,35.93,-78.11
spring lake,nc,35.18,-78.98
spruce pine,nc,35.91,-82.07
stacy,nc,34.84,-76.43
staley,nc,35.80,-79.58
stanfield,nc,35.21,-80.44
stanley,nc,35.35,-81.10
stantonsburg,nc,35.59,-77.84
star,nc,35.42,-79.78
state road,nc,36.34,-80.87
statesville,nc,35.84,-80.88
stedman,nc,35.03,-78.69
stella,nc,34.78,-77.13
stem,nc,36.21,-78.70
stokes,nc,35.71,-77.27
stokesdale,nc,36.26,-79.97
stoneville,nc,36.47,-79.90
stonewall,nc,35.14,-76.75
stony point,nc,35.87,-81.06
stovall,nc,36.45,-78.57
stumpy point,nc,35.86,-75.78
sugar grove,nc,36.26,-81.84
summerfield,nc,36.22,-79.89
sunbury,nc,36.43,-76.61
sunset beach,nc,33.88,-78.52
supply,nc,33.96,-78.30
swannanoa,nc,35.60,-82.41
swanquarter,nc,35.42,-76.29
swansboro,nc,34.70,-77.14
swepsonville,nc,36.02,-79.36
sylva,nc,35.35,-83.20
tabor city,nc,34.12,-78.82
tar heel,nc,34.75,-78.81
tarawa terrace,nc,34.74,-77.38
tarboro,nc,35.90,-77.54
taylorsville,nc,35.90,-81.21
teachey,nc,34.77,-78.02
terrell,nc,35.58,-80.96
thomasville,nc,35.87,-80.09
thurmond,nc,36.36,-80.93
tillery,nc,36.25,-77.49
timberlake,nc,36.29,-78.94
toast,nc,36.50,-80.63
tobaccoville,nc,36.23,-80.39
todd,nc,36.32,-81.59
topton,nc,35.23,-83.75
townsville,nc,36.49,-78.42
traphill,nc,36.33,-81.02
trenton,nc,35.07,-77.46
trinity,nc,35.84,-79.99
troutman,nc,35.69,-80.88
troy,nc,35.38,-79.91
tryon,nc,35.22,-82.24
tuckasegee,nc,35.26,-83.07
turkey,nc,34.99,-78.21
turnersburg,nc,35.91,-80.81
tuxedo,nc,35.23,-82.43
tyner,nc,36.25,-76.64
union grove,nc,36.04,-80.90
union mills,nc,35.47,-81.97
valdese,nc,35.74,-81.57
vale,nc,35.52,-81.46
valle crucis,nc,36.21,-81.88
vanceboro,nc,35.31,-77.17
vandemere,nc,35.20,-76.66
vass,nc,35.22,-79.26
vaughan,nc,36.43,-78.00
vilas,nc,36.26,-81.77
waco,nc,35.36,-81.43
wade,nc,35.16,-78.72
wadesboro,nc,34.98,-80.07
wagram,nc,34.90,-79.40
wake forest,nc,35.98,-78.54
walkertown,nc,36.18,-80.16
wallace,nc,34.75,-77.94
wallburg,nc,36.01,-80.14
walnut cove,nc,36.32,-80.15
walstonburg,nc,35.59,-77.70
wanchese,nc,35.84,-75.64
warne,nc,35.00,-83.90
warrensville,nc,36.46,-81.55
warrenton,nc,36.35,-78.16
warsaw,nc,35.00,-78.09
washington,nc,35.59,-77.14
waves,nc,35.57,-75.47
waxhaw,nc,34.96,-80.73
waynesville,nc,35.49,-82.99
weaverville,nc,35.71,-82.55
webster,nc,35.35,-83.22
welcome,nc,35.90,-80.26
weldon,nc,36.42,-77.60
wendell,nc,35.80,-78.39
wentworth,nc,36.40,-79.77
west end,nc,35.25,-79.54
west jefferson,nc,36.38,-81.49
westfield,nc,36.47,-80.37
whitakers,nc,36.08,-77.72
white oak,nc,34.77,-78.73
white plains,nc,36.50,-80.61
whiteville,nc,34.32,-78.72
whitsett,nc,36.03,-79.60
whittier,nc,35.45,-83.29
wilkesboro,nc,36.14,-81.16
willard,nc,34.68,-78.02
williamston,nc,35.66,-77.05
williston,nc,34.79,-76.51
willow spring,nc,35.55,-78.67
wilmington,nc,34.23,-77.94
wilson,nc,35.73,-77.92
wilsons mills,nc,35.58,-78.36
windsor,nc,36.02,-76.93
winfall,nc,36.22,-76.46
wingate,nc,34.98,-80.45
winnabow,nc,34.21,-78.06
winston salem,nc,36.10,-80.22
winterville,nc,35.53,-77.39
winton,nc,36.38,-76.94
wise,nc,36.49,-78.17
woodland,nc,36.32,-77.20
woodleaf,nc,35.79,-80.60
wrightsville beach,nc,34.21,-77.80
yadkinville,nc,36.13,-80.65
yanceyville,nc,36.39,-79.35
youngsville,nc,36.01,-78.44
zebulon,nc,35.83,-78.32
zionville,nc,36.32,-81.75
zirconia,nc,35.22,-82.46
abercrombie,nd,46.45,-96.73
absaraka,nd,47.01,-97.39
adams,nd,48.42,-98.09
agate,nd,48.62,-99.49
alamo,nd,48.59,-103.42
alexander,nd,47.84,-103.64
almont,nd,46.70,-101.52
alsen,nd,48.64,-98.62
ambrose,nd,48.82,-103.70
amenia,nd,47.02,-97.20
amidon,nd,46.46,-103.26
anamoose,nd,47.87,-100.25
aneta,nd,47.70,-97.98
antler,nd,48.96,-101.33
argusville,nd,47.11,-96.91
arnegard,nd,47.81,-103.45
arthur,nd,47.10,-97.21
arvilla,nd,47.91,-97.49
ashley,nd,46.05,-99.32
ayr,nd,47.02,-97.57
baldwin,nd,46.95,-100.76
balfour,nd,47.97,-100.52
balta,nd,48.17,-100.04
bantry,nd,48.51,-100.79
barney,nd,46.25,-96.97
bathgate,nd,48.87,-97.48
beach,nd,46.93,-103.98
belcourt,nd,48.84,-99.77
belfield,nd,46.89,-103.18
benedict,nd,47.79,-101.06
berlin,nd,46.40,-98.52
berthold,nd,48.32,-101.80
beulah,nd,47.27,-101.81
binford,nd,47.57,-98.35
bisbee,nd,48.56,-99.36
bismarck,nd,46.82,-100.77
blanchard,nd,47.35,-97.26
bottineau,nd,48.85,-100.43
bowbells,nd,48.80,-102.25
bowdon,nd,47.43,-99.70
bowman,nd,46.17,-103.40
braddock,nd,46.55,-100.24
bremen,nd,47.73,-99.37
brocket,nd,48.23,-98.36
buchanan,nd,47.04,-98.81
buffalo,nd,46.93,-97.54
burlington,nd,48.27,-101.43
butte,nd,47.81,-100.66
buxton,nd,47.62,-97.09
caledonia,nd,47.46,-96.91
calvin,nd,48.81,-98.92
cando,nd,48.49,-99.19
cannon ball,nd,46.39,-100.60
carpio,nd,48.43,-101.71
carrington,nd,47.45,-99.11
carson,nd,46.46,-101.54
cartwright,nd,47.80,-103.95
casselton,nd,46.90,-97.21
cathay,nd,47.55,-99.43
cavalier,nd,48.79,-97.66
cayuga,nd,46.13,-97.41
center,nd,47.12,-101.33
chaseley,nd,47.45,-99.82
christine,nd,46.55,-96.79
churchs ferry,nd,48.29,-99.14
cleveland,nd,46.88,-99.09
clifford,nd,47.36,-97.41
cogswell,nd,46.09,-97.81
coleharbor,nd,47.52,-101.23
colfax,nd,46.50,-96.98
columbus,nd,48.88,-102.79
cooperstown,nd,47.45,-98.15
courtenay,nd,47.23,-98.55
crary,nd,48.05,-98.62
crosby,nd,48.88,-103.27
crystal,nd,48.59,-97.67
cummings,nd,47.54,-96.99
dahlen,nd,48.16,-97.96
davenport,nd,46.70,-97.09
dawson,nd,46.83,-99.76
dazey,nd,47.20,-98.14
deering,nd,48.41,-101.03
denhoff,nd,47.57,-100.26
des lacs,nd,48.26,-101.57
devils lake,nd,48.11,-98.86
dickey,nd,46.54,-98.47
dickinson,nd,46.89,-102.79
dodge,nd,47.30,-102.20
donnybrook,nd,48.49,-101.90
douglas,nd,47.87,-101.51
drake,nd,47.90,-100.38
drayton,nd,48.58,-97.20
driscoll,nd,46.85,-100.14
dunn center,nd,47.35,-102.59
dunseith,nd,48.85,-100.03
edgeley,nd,46.32,-98.71
edinburg,nd,48.49,-97.89
edmore,nd,48.43,-98.45
egeland,nd,48.64,-99.11
elgin,nd,46.41,-101.84
ellendale,nd,46.01,-98.51
emerado,nd,47.92,-97.26
enderlin,nd,46.61,-97.61
epping,nd,48.26,-103.37
erie,nd,47.11,-97.38
esmond,nd,48.07,-99.70
fairdale,nd,48.48,-98.21
fairfield,nd,47.12,-103.22
fairmount,nd,46.04,-96.63
fargo,nd,46.90,-96.79
fessenden,nd,47.63,-99.64
fingal,nd,46.77,-97.78
finley,nd,47.53,-97.74
flasher,nd,46.47,-101.15
flaxton,nd,48.92,-102.34
forbes,nd,46.01,-98.81
fordville,nd,48.22,-97.80
forest river,nd,48.23,-97.46
forman,nd,46.07,-97.70
ft ransom,nd,46.48,-97.91
ft totten,nd,47.98,-98.99
ft yates,nd,46.09,-100.65
fortuna,nd,48.92,-103.83
fredonia,nd,46.35,-99.26
fullerton,nd,46.20,-98.39
gackle,nd,46.59,-99.22
galesburg,nd,47.28,-97.37
gardner,nd,47.13,-96.99
garrison,nd,47.66,-101.40
gilby,nd,48.08,-97.46
gladstone,nd,46.82,-102.53
glasston,nd,48.71,-97.45
glen ullin,nd,46.82,-101.82
glenburn,nd,48.51,-101.32
glenfield,nd,47.44,-98.66
golden valley,nd,47.29,-102.06
golva,nd,46.71,-103.96
goodrich,nd,47.47,-100.12
grace city,nd,47.55,-98.81
grafton,nd,48.41,-97.42
grand forks,nd,47.90,-97.04
grand forks afb,nd,47.96,-97.37
grandin,nd,47.22,-97.02
granville,nd,48.26,-100.81
grassy butte,nd,47.44,-103.29
grenora,nd,48.61,-103.93
gwinner,nd,46.23,-97.87
hague,nd,46.06,-99.97
halliday,nd,47.37,-102.32
hamilton,nd,48.79,-97.47
hampden,nd,48.52,-98.65
hankinson,nd,46.06,-96.90
hannaford,nd,47.30,-98.16
hannah,nd,48.96,-98.72
hansboro,nd,48.87,-99.38
harvey,nd,47.77,-99.93
harwood,nd,47.00,-96.90
hatton,nd,47.64,-97.43
havana,nd,45.96,-97.61
hazelton,nd,46.49,-100.27
hazen,nd,47.33,-101.61
hebron,nd,46.89,-102.04
hensel,nd,48.67,-97.60
hettinger,nd,46.03,-102.58
hillsboro,nd,47.39,-97.06
hoople,nd,48.52,-97.62
hope,nd,47.20,-97.78
horace,nd,46.74,-96.86
hunter,nd,47.19,-97.25
hurdsfield,nd,47.44,-99.94
inkster,nd,48.12,-97.68
jamestown,nd,46.91,-98.71
jessie,nd,47.54,-98.24
jud,nd,46.50,-98.81
karlsruhe,nd,48.10,-100.57
kathryn,nd,46.71,-98.00
keene,nd,47.94,-102.89
kenmare,nd,48.67,-102.07
kensal,nd,47.27,-98.72
killdeer,nd,47.41,-102.78
kindred,nd,46.65,-97.00
kintyre,nd,46.57,-99.97
knox,nd,48.34,-99.67
kramer,nd,48.69,-100.67
kulm,nd,46.31,-98.94
lakota,nd,48.04,-98.34
lamoure,nd,46.36,-98.30
langdon,nd,48.79,-98.36
lankin,nd,48.30,-98.01
lansford,nd,48.63,-101.39
larimore,nd,47.90,-97.65
lawton,nd,48.30,-98.41
leeds,nd,48.27,-99.44
lefor,nd,46.73,-102.76
lehr,nd,46.26,-99.35
leonard,nd,46.66,-97.27
lidgerwood,nd,46.07,-97.14
lignite,nd,48.85,-102.55
linton,nd,46.29,-100.22
lisbon,nd,46.42,-97.66
litchville,nd,46.69,-98.20
luverne,nd,47.32,-97.73
maddock,nd,47.95,-99.54
maida,nd,48.95,-98.39
makoti,nd,47.99,-101.81
mandan,nd,46.83,-100.91
mandaree,nd,47.86,-102.65
manning,nd,47.13,-102.68
mantador,nd,46.16,-96.96
manvel,nd,48.09,-97.19
mapleton,nd,46.87,-97.05
marion,nd,46.57,-98.25
marmarth,nd,46.33,-103.88
marshall,nd,47.14,-102.33
martin,nd,47.78,-100.12
max,nd,47.82,-101.29
maxbass,nd,48.77,-101.26
mayville,nd,47.50,-97.32
mcclusky,nd,47.49,-100.45
mcgregor,nd,48.59,-102.93
mchenry,nd,47.56,-98.57
mcleod,nd,46.41,-97.31
mcville,nd,47.78,-98.16
medina,nd,46.89,-99.31
medora,nd,46.85,-103.42
mekinock,nd,47.98,-97.49
menoken,nd,46.86,-100.53
mercer,nd,47.49,-100.72
michigan,nd,48.04,-98.12
milnor,nd,46.26,-97.43
milton,nd,48.62,-98.02
minnewaukan,nd,48.07,-99.27
minot,nd,48.23,-101.30
minot afb,nd,48.42,-101.32
minto,nd,48.30,-97.33
moffit,nd,46.68,-100.30
mohall,nd,48.77,-101.55
montpelier,nd,46.65,-98.60
mooreton,nd,46.26,-96.85
mott,nd,46.40,-102.31
mountain,nd,48.68,-97.81
munich,nd,48.65,-98.84
mylo,nd,48.64,-99.63
napoleon,nd,46.49,-99.77
neche,nd,48.98,-97.54
nekoma,nd,48.58,-98.37
new england,nd,46.51,-102.84
new leipzig,nd,46.37,-101.89
new rockford,nd,47.68,-99.08
new salem,nd,46.85,-101.42
new town,nd,47.98,-102.49
newburg,nd,48.70,-100.97
niagara,nd,47.98,-97.83
nome,nd,46.67,-97.79
noonan,nd,48.89,-103.01
northwood,nd,47.74,-97.56
norwich,nd,48.25,-100.97
oakes,nd,46.13,-98.10
oberon,nd,47.95,-99.14
oriska,nd,46.94,-97.79
osnabrock,nd,48.64,-98.23
page,nd,47.15,-97.60
palermo,nd,48.34,-102.24
park river,nd,48.40,-97.74
parshall,nd,47.96,-102.14
pekin,nd,47.77,-98.33
pembina,nd,48.94,-97.28
penn,nd,48.23,-99.07
perth,nd,48.68,-99.38
petersburg,nd,48.00,-97.98
pettibone,nd,47.12,-99.53
pillsbury,nd,47.21,-97.79
pingree,nd,47.17,-99.00
pisek,nd,48.30,-97.70
plaza,nd,48.02,-101.96
portal,nd,48.98,-102.55
portland,nd,47.50,-97.38
powers lake,nd,48.59,-102.64
raleigh,nd,46.34,-101.28
ray,nd,48.33,-103.18
reeder,nd,46.11,-102.94
regan,nd,47.15,-100.52
regent,nd,46.42,-102.57
reynolds,nd,47.71,-97.21
rhame,nd,46.17,-103.71
richardton,nd,46.84,-102.29
riverdale,nd,47.64,-101.12
robinson,nd,47.15,-99.70
rocklake,nd,48.82,-99.18
rogers,nd,47.07,-98.22
rolette,nd,48.66,-99.87
rolla,nd,48.86,-99.61
roseglen,nd,47.70,-101.82
ross,nd,48.32,-102.53
rugby,nd,48.32,-100.00
ruso,nd,47.76,-100.88
rutland,nd,46.07,-97.55
ryder,nd,47.87,-101.77
st anthony,nd,46.59,-100.90
st john,nd,48.94,-99.76
st michael,nd,47.98,-98.92
st thomas,nd,48.63,-97.45
sanborn,nd,46.93,-98.23
sarles,nd,48.95,-98.96
sawyer,nd,48.09,-101.07
scranton,nd,46.14,-103.14
selfridge,nd,46.04,-101.15
sentinel butte,nd,46.83,-103.80
sharon,nd,47.61,-97.91
sheldon,nd,46.55,-97.45
sherwood,nd,48.96,-101.70
sheyenne,nd,47.82,-99.06
shields,nd,46.18,-101.26
solen,nd,46.29,-100.81
souris,nd,48.94,-100.74
south heart,nd,46.81,-103.02
spiritwood,nd,47.10,-98.65
stanley,nd,48.32,-102.39
stanton,nd,47.31,-101.39
starkweather,nd,48.45,-98.85
steele,nd,46.85,-99.93
sterling,nd,46.84,-100.27
stirum,nd,46.23,-97.65
strasburg,nd,46.10,-100.21
streeter,nd,46.69,-99.30
surrey,nd,48.24,-101.12
sutton,nd,47.39,-98.43
sykeston,nd,47.44,-99.40
tappen,nd,46.83,-99.60
taylor,nd,46.93,-102.38
thompson,nd,47.78,-97.10
tioga,nd,48.39,-102.96
tokio,nd,47.92,-98.82
tolley,nd,48.80,-101.86
tolna,nd,47.80,-98.48
tower city,nd,46.91,-97.66
towner,nd,48.38,-100.41
trenton,nd,48.06,-103.86
turtle lake,nd,47.54,-100.88
tuttle,nd,47.16,-99.99
underwood,nd,47.46,-101.19
upham,nd,48.58,-100.73
valley city,nd,46.93,-98.00
velva,nd,48.07,-100.93
verona,nd,46.37,-98.09
voltaire,nd,47.95,-100.80
wahpeton,nd,46.27,-96.61
walcott,nd,46.58,-97.00
wales,nd,48.92,-98.56
walhalla,nd,48.91,-97.88
warwick,nd,47.89,-98.68
washburn,nd,47.31,-101.01
watford city,nd,47.80,-103.26
webster,nd,48.32,-98.87
west fargo,nd,46.87,-96.90
westhope,nd,48.91,-101.03
wheatland,nd,46.88,-97.39
white earth,nd,48.43,-102.81
wildrose,nd,48.62,-103.18
williston,nd,48.17,-103.63
willow city,nd,48.61,-100.30
wilton,nd,47.17,-100.79
wimbledon,nd,47.14,-98.43
wing,nd,47.15,-100.31
wishek,nd,46.25,-99.59
wolford,nd,48.48,-99.66
woodworth,nd,47.16,-99.34
wyndmere,nd,46.29,-97.13
york,nd,48.32,-99.55
ypsilanti,nd,46.77,-98.49
zahl,nd,48.58,-103.66
zap,nd,47.29,-101.93
zeeland,nd,46.01,-99.77
abie,ne,41.35,-96.96
adams,ne,40.46,-96.54
ainsworth,ne,42.54,-99.86
albion,ne,41.70,-98.00
alda,ne,40.86,-98.46
alexandria,ne,40.26,-97.40
allen,ne,42.44,-96.86
alliance,ne,42.11,-102.89
alma,ne,40.12,-99.36
alvo,ne,40.90,-96.40
amelia,ne,42.18,-99.01
ames,ne,41.46,-96.65
amherst,ne,40.85,-99.26
angora,ne,41.89,-103.09
anselmo,ne,41.64,-99.80
ansley,ne,41.30,-99.36
arapahoe,ne,40.30,-99.90
arcadia,ne,41.43,-99.12
archer,ne,41.18,-98.12
arlington,ne,41.44,-96.31
arnold,ne,41.45,-100.16
arthur,ne,41.57,-101.69
ashby,ne,41.98,-101.96
ashland,ne,41.05,-96.39
ashton,ne,41.27,-98.80
atkinson,ne,42.55,-98.98
atlanta,ne,40.38,-99.48
auburn,ne,40.38,-95.85
aurora,ne,40.85,-98.02
avoca,ne,40.82,-96.10
axtell,ne,40.53,-99.12
ayr,ne,40.44,-98.44
bancroft,ne,42.03,-96.62
barneston,ne,40.05,-96.58
bartlett,ne,41.87,-98.56
bartley,ne,40.26,-100.29
bassett,ne,42.58,-99.54
battle creek,ne,41.99,-97.60
bayard,ne,41.76,-103.30
beatrice,ne,40.27,-96.74
beaver city,ne,40.13,-99.81
beaver crossing,ne,40.79,-97.29
bee,ne,41.00,-97.07
beemer,ne,41.94,-96.82
belden,ne,42.40,-97.20
belgrade,ne,41.46,-98.09
bellevue,ne,41.15,-95.91
bellwood,ne,41.35,-97.27
belvidere,ne,40.25,-97.56
benedict,ne,41.00,-97.60
benkelman,ne,40.10,-101.53
bennet,ne,40.64,-96.51
bennington,ne,41.36,-96.16
bertrand,ne,40.56,-99.58
big springs,ne,41.07,-102.09
bingham,ne,42.26,-102.13
bladen,ne,40.30,-98.60
blair,ne,41.55,-96.16
bloomfield,ne,42.60,-97.65
bloomington,ne,40.14,-99.01
blue hill,ne,40.31,-98.43
blue springs,ne,40.14,-96.66
boelus,ne,41.10,-98.70
boys town,ne,41.26,-96.13
bradshaw,ne,40.92,-97.76
brady,ne,41.05,-100.37
brainard,ne,41.18,-96.99
brewster,ne,41.95,-99.83
bridgeport,ne,41.68,-103.07
bristow,ne,42.88,-98.60
broadwater,ne,41.58,-102.82
brock,ne,40.48,-95.98
broken bow,ne,41.41,-99.64
brownville,ne,40.40,-95.69
brule,ne,41.10,-101.91
bruning,ne,40.33,-97.56
bruno,ne,41.27,-96.96
brunswick,ne,42.35,-97.94
burchard,ne,40.11,-96.35
burr,ne,40.56,-96.24
burwell,ne,41.81,-99.10
bushnell,ne,41.21,-103.91
butte,ne,42.91,-98.85
byron,ne,40.03,-97.76
cairo,ne,41.00,-98.62
callaway,ne,41.25,-99.99
cambridge,ne,40.28,-100.17
campbell,ne,40.30,-98.74
carleton,ne,40.30,-97.67
carroll,ne,42.28,-97.19
cedar bluffs,ne,41.38,-96.57
cedar creek,ne,41.04,-96.10
cedar rapids,ne,41.56,-98.16
center,ne,42.60,-97.88
central city,ne,41.12,-98.00
ceresco,ne,41.07,-96.64
chadron,ne,42.82,-103.00
chambers,ne,42.19,-98.74
champion,ne,40.46,-101.75
chapman,ne,40.99,-98.22
chappell,ne,41.10,-102.45
chester,ne,40.03,-97.62
clarks,ne,41.23,-97.85
clarkson,ne,41.70,-97.11
clatonia,ne,40.47,-96.86
clay center,ne,40.51,-98.04
clearwater,ne,42.13,-98.19
cody,ne,42.61,-101.38
coleridge,ne,42.52,-97.18
colon,ne,41.29,-96.61
columbus,ne,41.44,-97.36
comstock,ne,41.56,-99.28
concord,ne,42.38,-96.98
cook,ne,40.50,-96.15
cordova,ne,40.72,-97.34
cortland,ne,40.50,-96.72
cozad,ne,40.86,-99.99
crab orchard,ne,40.32,-96.41
craig,ne,41.77,-96.39
crawford,ne,42.68,-103.41
creighton,ne,42.47,-97.89
creston,ne,41.66,-97.37
crete,ne,40.62,-96.96
crofton,ne,42.74,-97.54
crookston,ne,42.93,-100.77
culbertson,ne,40.22,-100.85
curtis,ne,40.61,-100.51
dakota city,ne,42.38,-96.45
dalton,ne,41.41,-102.97
danbury,ne,40.04,-100.42
dannebrog,ne,41.12,-98.55
davenport,ne,40.31,-97.80
davey,ne,41.00,-96.64
david city,ne,41.24,-97.13
dawson,ne,40.14,-95.83
daykin,ne,40.32,-97.30
de witt,ne,40.39,-96.93
decatur,ne,42.00,-96.26
denton,ne,40.70,-96.85
deshler,ne,40.14,-97.73
deweese,ne,40.38,-98.18
dickens,ne,40.80,-101.01
diller,ne,40.12,-96.95
dix,ne,41.23,-103.48
dixon,ne,42.42,-96.98
dodge,ne,41.68,-96.82
doniphan,ne,40.77,-98.38
dorchester,ne,40.65,-97.11
douglas,ne,40.58,-96.40
du bois,ne,40.04,-96.06
dunbar,ne,40.66,-96.01
duncan,ne,41.39,-97.49
dunning,ne,41.81,-100.09
dwight,ne,41.09,-96.99
eagle,ne,40.82,-96.43
eddyville,ne,41.01,-99.68
edgar,ne,40.37,-97.97
edison,ne,40.28,-99.79
elba,ne,41.29,-98.58
elgin,ne,41.97,-98.08
elk creek,ne,40.30,-96.14
elkhorn,ne,41.28,-96.24
ellsworth,ne,42.17,-102.47
elm creek,ne,40.73,-99.37
elmwood,ne,40.84,-96.29
elsie,ne,40.86,-101.37
elsmere,ne,42.26,-100.28
elwood,ne,40.57,-99.83
elyria,ne,41.70,-99.05
emerson,ne,42.29,-96.72
emmet,ne,42.47,-98.82
enders,ne,40.47,-101.52
endicott,ne,40.07,-97.09
ericson,ne,41.78,-98.65
eustis,ne,40.63,-100.05
ewing,ne,42.19,-98.40
exeter,ne,40.63,-97.44
fairbury,ne,40.15,-97.18
fairfield,ne,40.43,-98.11
fairmont,ne,40.64,-97.59
falls city,ne,40.07,-95.59
farnam,ne,40.71,-100.21
farwell,ne,41.22,-98.65
filley,ne,40.29,-96.53
firth,ne,40.56,-96.61
fordyce,ne,42.73,-97.36
ft calhoun,ne,41.44,-96.03
franklin,ne,40.11,-98.95
fremont,ne,41.44,-96.49
friend,ne,40.64,-97.27
fullerton,ne,41.37,-98.01
funk,ne,40.50,-99.24
garland,ne,40.94,-96.97
geneva,ne,40.53,-97.61
genoa,ne,41.45,-97.76
gering,ne,41.82,-103.66
gibbon,ne,40.74,-98.85
gilead,ne,40.15,-97.43
giltner,ne,40.77,-98.14
glenvil,ne,40.49,-98.25
goehner,ne,40.83,-97.21
gordon,ne,42.81,-102.20
gothenburg,ne,40.94,-100.15
grafton,ne,40.64,-97.74
grand island,ne,40.92,-98.34
grant,ne,40.85,-101.72
greeley,ne,41.55,-98.53
greenwood,ne,40.97,-96.43
gresham,ne,41.02,-97.41
gretna,ne,41.13,-96.25
guide rock,ne,40.08,-98.34
gurley,ne,41.29,-102.98
hadar,ne,42.10,-97.45
haigler,ne,40.06,-101.94
hallam,ne,40.55,-96.75
halsey,ne,41.93,-100.30
hampton,ne,40.92,-97.88
hardy,ne,40.03,-97.93
harrisburg,ne,41.55,-103.71
harrison,ne,42.39,-103.83
hartington,ne,42.62,-97.28
harvard,ne,40.63,-98.08
hastings,ne,40.59,-98.39
hay springs,ne,42.64,-102.68
hayes center,ne,40.52,-101.03
hazard,ne,41.09,-99.07
heartwell,ne,40.57,-98.79
hebron,ne,40.17,-97.61
hemingford,ne,42.33,-103.06
henderson,ne,40.78,-97.80
hendley,ne,40.11,-99.97
herman,ne,41.65,-96.29
hershey,ne,41.16,-101.00
hickman,ne,40.62,-96.62
hildreth,ne,40.32,-99.06
holbrook,ne,40.30,-100.01
holdrege,ne,40.45,-99.37
holstein,ne,40.45,-98.65
homer,ne,42.32,-96.49
hooper,ne,41.64,-96.52
hordville,ne,41.08,-97.89
hoskins,ne,42.14,-97.31
howells,ne,41.70,-96.99
hubbard,ne,42.41,-96.62
hubbell,ne,40.05,-97.47
humboldt,ne,40.16,-95.93
humphrey,ne,41.67,-97.50
hyannis,ne,42.01,-101.75
imperial,ne,40.53,-101.65
inavale,ne,40.10,-98.66
indianola,ne,40.24,-100.43
inland,ne,40.59,-98.22
inman,ne,42.38,-98.54
ithaca,ne,41.17,-96.53
jackson,ne,42.45,-96.57
jansen,ne,40.21,-97.02
johnson,ne,40.40,-95.99
johnstown,ne,42.53,-100.05
julian,ne,40.49,-95.85
juniata,ne,40.59,-98.52
kearney,ne,40.71,-99.12
kenesaw,ne,40.62,-98.66
kennard,ne,41.47,-96.16
keystone,ne,41.26,-101.63
kilgore,ne,42.91,-100.99
kimball,ne,41.23,-103.66
la vista,ne,41.17,-96.04
lakeside,ne,42.05,-102.44
laurel,ne,42.43,-97.09
lawrence,ne,40.28,-98.24
lebanon,ne,40.08,-100.26
leigh,ne,41.67,-97.23
lemoyne,ne,41.30,-101.89
lewellen,ne,41.34,-102.14
lewiston,ne,40.23,-96.40
lexington,ne,40.79,-99.75
liberty,ne,40.08,-96.52
lincoln,ne,40.82,-96.71
lindsay,ne,41.69,-97.67
linwood,ne,41.41,-96.94
lisco,ne,41.51,-102.55
litchfield,ne,41.17,-99.14
lodgepole,ne,41.17,-102.66
long pine,ne,42.53,-99.72
loomis,ne,40.48,-99.50
lorton,ne,40.60,-96.02
louisville,ne,41.00,-96.19
loup city,ne,41.28,-98.98
lyman,ne,41.89,-104.01
lynch,ne,42.84,-98.45
lyons,ne,41.94,-96.47
macy,ne,42.12,-96.36
madison,ne,41.83,-97.47
madrid,ne,40.85,-101.54
magnet,ne,42.48,-97.44
malcolm,ne,40.91,-96.86
malmo,ne,41.30,-96.73
manley,ne,40.92,-96.17
marquette,ne,41.01,-98.00
marsland,ne,42.60,-103.05
martell,ne,40.65,-96.74
maskell,ne,42.67,-96.97
mason city,ne,41.19,-99.30
max,ne,40.11,-101.39
maxwell,ne,41.06,-100.53
maywood,ne,40.59,-100.64
mc cook,ne,40.20,-100.63
mc cool junction,ne,40.74,-97.59
mcgrew,ne,41.73,-103.43
mclean,ne,42.39,-97.48
mead,ne,41.24,-96.50
meadow grove,ne,42.01,-97.73
melbeta,ne,41.78,-103.52
memphis,ne,41.09,-96.43
merna,ne,41.44,-99.80
merriman,ne,42.64,-101.76
milford,ne,40.76,-97.06
miller,ne,40.94,-99.37
milligan,ne,40.50,-97.40
mills,ne,42.92,-99.45
minatare,ne,41.85,-103.49
minden,ne,40.51,-98.94
mitchell,ne,41.95,-103.80
monroe,ne,41.48,-97.61
moorefield,ne,40.58,-100.31
morrill,ne,41.97,-103.92
morse bluff,ne,41.42,-96.79
mullen,ne,42.02,-101.05
murdock,ne,40.92,-96.28
murray,ne,40.92,-95.92
naper,ne,42.95,-99.07
naponee,ne,40.13,-99.13
nebraska city,ne,40.67,-95.86
nehawka,ne,40.83,-95.99
neligh,ne,42.14,-98.02
nelson,ne,40.21,-98.06
nemaha,ne,40.32,-95.69
nenzel,ne,42.93,-101.10
newcastle,ne,42.62,-96.87
newman grove,ne,41.75,-97.77
newport,ne,42.60,-99.34
nickerson,ne,41.52,-96.49
niobrara,ne,42.78,-97.91
norfolk,ne,42.03,-97.42
north bend,ne,41.47,-96.78
north loup,ne,41.50,-98.79
north platte,ne,41.13,-100.77
oak,ne,40.26,-97.88
oakdale,ne,42.05,-97.92
oakland,ne,41.84,-96.47
oconto,ne,41.14,-99.70
odell,ne,40.05,-96.80
odessa,ne,40.71,-99.25
offutt a f b,ne,41.11,-95.91
ogallala,ne,41.13,-101.71
ohiowa,ne,40.41,-97.44
omaha,ne,41.26,-95.94
oneill,ne,42.49,-98.65
ong,ne,40.40,-97.86
orchard,ne,42.34,-98.24
ord,ne,41.60,-98.94
orleans,ne,40.15,-99.46
osceola,ne,41.20,-97.56
oshkosh,ne,41.45,-102.35
osmond,ne,42.35,-97.58
otoe,ne,40.74,-96.13
overton,ne,40.75,-99.53
oxford,ne,40.26,-99.63
page,ne,42.41,-98.40
palisade,ne,40.34,-101.13
palmer,ne,41.18,-98.24
palmyra,ne,40.70,-96.40
panama,ne,40.60,-96.51
papillion,ne,41.15,-96.04
parks,ne,40.14,-101.74
pawnee city,ne,40.11,-96.15
paxton,ne,41.13,-101.36
pender,ne,42.12,-96.72
peru,ne,40.48,-95.73
petersburg,ne,41.86,-98.08
phillips,ne,40.90,-98.21
pickrell,ne,40.38,-96.73
pierce,ne,42.19,-97.53
pilger,ne,42.04,-97.27
plainview,ne,42.35,-97.78
platte center,ne,41.52,-97.46
plattsmouth,ne,41.00,-95.91
pleasant dale,ne,40.81,-96.95
pleasanton,ne,40.98,-99.13
plymouth,ne,40.30,-97.00
polk,ne,41.12,-97.75
ponca,ne,42.57,-96.71
potter,ne,41.23,-103.31
prague,ne,41.30,-96.83
primrose,ne,41.64,-98.24
purdum,ne,41.97,-100.16
ragan,ne,40.31,-99.25
randolph,ne,42.38,-97.35
ravenna,ne,41.02,-98.90
raymond,ne,40.99,-96.78
red cloud,ne,40.10,-98.52
republican city,ne,40.10,-99.23
reynolds,ne,40.06,-97.32
rising city,ne,41.21,-97.30
riverdale,ne,40.76,-99.14
riverton,ne,40.10,-98.79
roca,ne,40.67,-96.64
rockville,ne,41.11,-98.86
rogers,ne,41.47,-96.95
rosalie,ne,42.06,-96.49
roseland,ne,40.46,-98.56
royal,ne,42.29,-98.12
rulo,ne,40.05,-95.43
rushville,ne,42.74,-102.47
ruskin,ne,40.14,-97.87
st edward,ne,41.57,-97.88
st helena,ne,42.82,-97.36
st libory,ne,41.09,-98.36
st paul,ne,41.22,-98.44
salem,ne,40.06,-95.73
sargent,ne,41.65,-99.38
saronville,ne,40.60,-97.87
schuyler,ne,41.46,-97.06
scotia,ne,41.48,-98.69
scottsbluff,ne,41.87,-103.66
scribner,ne,41.66,-96.64
seneca,ne,41.99,-100.81
seward,ne,40.91,-97.10
shelby,ne,41.24,-97.43
shelton,ne,40.77,-98.74
shickley,ne,40.41,-97.71
shubert,ne,40.23,-95.69
sidney,ne,41.14,-102.98
silver creek,ne,41.32,-97.67
smithfield,ne,40.58,-99.82
snyder,ne,41.70,-96.79
south bend,ne,41.00,-96.25
south sioux city,ne,42.47,-96.42
spalding,ne,41.69,-98.37
sparks,ne,42.94,-100.26
spencer,ne,42.88,-98.71
sprague,ne,40.63,-96.74
springfield,ne,41.08,-96.14
springview,ne,42.85,-99.81
st columbans,ne,41.09,-96.05
stamford,ne,40.12,-99.58
stanton,ne,41.91,-97.21
staplehurst,ne,40.98,-97.19
stapleton,ne,41.49,-100.48
steele city,ne,40.04,-96.99
steinauer,ne,40.22,-96.23
stella,ne,40.23,-95.77
sterling,ne,40.46,-96.39
stockville,ne,40.49,-100.38
strang,ne,40.40,-97.55
stratton,ne,40.14,-101.22
stromsburg,ne,41.11,-97.57
stuart,ne,42.57,-99.14
sumner,ne,40.95,-99.52
superior,ne,40.03,-98.08
surprise,ne,41.09,-97.31
sutherland,ne,41.16,-101.14
sutton,ne,40.65,-97.87
swanton,ne,40.38,-97.08
syracuse,ne,40.66,-96.18
table rock,ne,40.19,-96.08
talmage,ne,40.56,-96.01
taylor,ne,41.82,-99.42
tecumseh,ne,40.37,-96.20
tekamah,ne,41.78,-96.23
thedford,ne,41.97,-100.57
thurston,ne,42.19,-96.69
tilden,ne,42.05,-97.82
tobias,ne,40.43,-97.32
trenton,ne,40.17,-101.02
trumbull,ne,40.67,-98.26
tryon,ne,41.57,-101.02
uehling,ne,41.73,-96.50
ulysses,ne,41.08,-97.20
unadilla,ne,40.69,-96.28
union,ne,40.82,-95.90
upland,ne,40.32,-98.90
utica,ne,40.92,-97.33
valentine,ne,42.81,-100.62
valley,ne,41.32,-96.35
valparaiso,ne,41.08,-96.81
venango,ne,40.81,-101.98
verdigre,ne,42.61,-98.08
verdon,ne,40.14,-95.72
virginia,ne,40.23,-96.51
waco,ne,40.92,-97.45
wahoo,ne,41.21,-96.62
wakefield,ne,42.27,-96.88
wallace,ne,40.83,-101.17
walthill,ne,42.15,-96.48
walton,ne,40.80,-96.54
washington,ne,41.40,-96.21
waterbury,ne,42.46,-96.74
waterloo,ne,41.27,-96.31
wauneta,ne,40.44,-101.38
wausa,ne,42.50,-97.56
waverly,ne,40.92,-96.53
wayne,ne,42.23,-97.02
weeping water,ne,40.87,-96.15
wellfleet,ne,40.80,-100.71
west point,ne,41.85,-96.73
western,ne,40.42,-97.20
westerville,ne,41.42,-99.38
weston,ne,41.18,-96.77
whiteclay,ne,43.00,-102.55
whitman,ne,41.96,-101.52
whitney,ne,42.76,-103.24
wilber,ne,40.48,-96.98
wilcox,ne,40.37,-99.15
willow island,ne,40.88,-100.09
wilsonville,ne,40.11,-100.12
winnebago,ne,42.23,-96.47
winnetoon,ne,42.49,-98.03
winside,ne,42.17,-97.18
winslow,ne,41.61,-96.50
wisner,ne,42.00,-96.92
wolbach,ne,41.42,-98.40
wood lake,ne,42.63,-100.29
wood river,ne,40.81,-98.61
wymore,ne,40.11,-96.66
wynot,ne,42.74,-97.17
york,ne,40.87,-97.58
yutan,ne,41.23,-96.39
acworth,nh,43.22,-72.29
alstead,nh,43.13,-72.33
alton,nh,43.46,-71.23
alton bay,nh,43.48,-71.25
amherst,nh,42.86,-71.61
andover,nh,43.43,-71.78
antrim,nh,43.06,-71.94
ashland,nh,43.70,-71.61
ashuelot,nh,42.79,-72.43
atkinson,nh,42.84,-71.16
auburn,nh,42.99,-71.34
barnstead,nh,43.37,-71.29
barrington,nh,43.20,-71.04
bartlett,nh,44.09,-71.25
bath,nh,44.17,-71.96
bedford,nh,42.94,-71.52
belmont,nh,43.45,-71.49
bennington,nh,43.01,-71.92
berlin,nh,44.48,-71.19
bethlehem,nh,44.28,-71.68
bow,nh,43.14,-71.54
bradford,nh,43.29,-71.99
bretton woods,nh,44.26,-71.44
bristol,nh,43.61,-71.75
brookline,nh,42.74,-71.67
campton,nh,43.89,-71.64
canaan,nh,43.66,-72.03
candia,nh,43.06,-71.30
canterbury,nh,43.36,-71.56
center barnstead,nh,43.36,-71.24
center harbor,nh,43.71,-71.48
center ossipee,nh,43.77,-71.13
center sandwich,nh,43.82,-71.45
center strafford,nh,43.26,-71.11
center tuftonboro,nh,43.69,-71.27
charlestown,nh,43.26,-72.41
chatham,nh,43.99,-71.06
chester,nh,42.97,-71.24
chesterfield,nh,42.90,-72.49
chichester,nh,43.25,-71.40
chocorua,nh,43.89,-71.24
claremont,nh,43.37,-72.34
colebrook,nh,44.91,-71.48
concord,nh,43.22,-71.53
contoocook,nh,43.22,-71.70
conway,nh,43.97,-71.15
cornish,nh,43.50,-72.34
cornish flat,nh,43.50,-72.28
danbury,nh,43.51,-71.87
danville,nh,42.92,-71.12
deerfield,nh,43.14,-71.25
derry,nh,42.89,-71.30
dover,nh,43.19,-70.88
drewsville,nh,43.13,-72.39
dublin,nh,42.90,-72.05
dunbarton,nh,43.11,-71.60
durham,nh,43.13,-70.95
east andover,nh,43.48,-71.76
east candia,nh,43.05,-71.25
east derry,nh,42.89,-71.29
east hampstead,nh,42.89,-71.13
east wakefield,nh,43.64,-71.01
eaton center,nh,43.91,-71.08
effingham,nh,43.72,-71.00
elkins,nh,43.42,-71.94
enfield,nh,43.63,-72.13
enfield center,nh,43.59,-72.11
epping,nh,43.04,-71.08
epsom,nh,43.22,-71.35
errol,nh,44.80,-71.14
etna,nh,43.71,-72.21
exeter,nh,42.98,-70.96
farmington,nh,43.39,-71.06
fitzwilliam,nh,42.76,-72.15
francestown,nh,42.99,-71.81
franconia,nh,44.21,-71.75
franklin,nh,43.44,-71.65
freedom,nh,43.82,-71.06
fremont,nh,42.98,-71.12
georges mills,nh,43.43,-72.07
gilford,nh,43.55,-71.41
gilmanton,nh,43.42,-71.41
gilmanton iron works,nh,43.43,-71.33
gilsum,nh,43.04,-72.26
glen,nh,44.10,-71.19
glencliff,nh,43.98,-71.89
goffstown,nh,43.02,-71.56
gorham,nh,44.40,-71.18
goshen,nh,43.30,-72.12
grafton,nh,43.57,-71.96
grantham,nh,43.51,-72.13
greenfield,nh,42.95,-71.87
greenland,nh,43.04,-70.85
greenville,nh,42.75,-71.78
guild,nh,43.38,-72.14
hampstead,nh,42.88,-71.18
hampton,nh,42.94,-70.82
hampton falls,nh,42.93,-70.89
hancock,nh,42.98,-71.98
hanover,nh,43.70,-72.28
harrisville,nh,42.94,-72.10
haverhill,nh,44.04,-72.06
hebron,nh,43.72,-71.83
henniker,nh,43.18,-71.82
hill,nh,43.53,-71.73
hillsborough,nh,43.12,-71.90
hinsdale,nh,42.80,-72.50
holderness,nh,43.73,-71.59
hollis,nh,42.75,-71.58
hooksett,nh,43.06,-71.44
hudson,nh,42.77,-71.41
intervale,nh,44.10,-71.12
jackson,nh,44.17,-71.19
jaffrey,nh,42.82,-72.03
jefferson,nh,44.40,-71.45
kearsarge,nh,44.08,-71.12
keene,nh,42.94,-72.29
kingston,nh,42.91,-71.06
laconia,nh,43.54,-71.45
lancaster,nh,44.49,-71.56
lebanon,nh,43.64,-72.25
lee,nh,43.12,-71.01
lempster,nh,43.22,-72.17
lincoln,nh,44.06,-71.67
lisbon,nh,44.21,-71.90
litchfield,nh,42.84,-71.48
littleton,nh,44.31,-71.78
lochmere,nh,43.47,-71.53
londonderry,nh,42.87,-71.38
loudon,nh,43.29,-71.47
lyme,nh,43.79,-72.16
lyme center,nh,43.80,-72.12
lyndeborough,nh,42.90,-71.77
madbury,nh,43.17,-70.92
madison,nh,43.92,-71.13
manchester,nh,42.99,-71.46
marlborough,nh,42.90,-72.20
marlow,nh,43.13,-72.21
melvin village,nh,43.69,-71.30
meredith,nh,43.65,-71.51
meriden,nh,43.53,-72.28
merrimack,nh,42.87,-71.51
milan,nh,44.59,-71.18
milford,nh,42.83,-71.66
milton,nh,43.41,-70.99
milton mills,nh,43.50,-70.97
mirror lake,nh,43.64,-71.27
monroe,nh,44.27,-72.03
mont vernon,nh,42.90,-71.68
moultonborough,nh,43.73,-71.39
mt washington,nh,44.35,-71.55
nashua,nh,42.76,-71.47
nelson,nh,43.00,-72.13
new boston,nh,42.97,-71.69
new castle,nh,43.07,-70.72
new durham,nh,43.44,-71.14
new hampton,nh,43.62,-71.64
new ipswich,nh,42.75,-71.87
new london,nh,43.41,-71.99
newbury,nh,43.34,-72.07
newfields,nh,43.04,-70.94
newington,nh,43.24,-70.82
newmarket,nh,43.07,-70.96
newport,nh,43.35,-72.18
newton,nh,42.87,-71.04
newton junction,nh,42.87,-71.07
north conway,nh,44.03,-71.12
north hampton,nh,42.98,-70.83
north haverhill,nh,44.10,-72.02
north salem,nh,42.84,-71.22
north sandwich,nh,43.85,-71.39
north stratford,nh,44.71,-71.56
north sutton,nh,43.36,-71.94
north walpole,nh,43.14,-72.45
north woodstock,nh,44.02,-71.70
northumberland,nh,44.60,-71.51
northwood,nh,43.21,-71.20
nottingham,nh,43.12,-71.11
orford,nh,43.89,-72.10
ossipee,nh,43.69,-71.11
pelham,nh,42.73,-71.30
peterborough,nh,42.89,-71.95
piermont,nh,43.99,-72.08
pike,nh,44.03,-72.01
pittsburg,nh,45.09,-71.36
pittsfield,nh,43.29,-71.33
plainfield,nh,43.55,-72.27
plaistow,nh,42.84,-71.09
plymouth,nh,43.76,-71.68
portsmouth,nh,43.07,-70.78
randolph,nh,44.38,-71.28
raymond,nh,43.03,-71.19
rindge,nh,42.75,-72.02
rochester,nh,43.27,-70.98
rollinsford,nh,43.23,-70.83
rumney,nh,43.80,-71.85
rye,nh,43.01,-70.77
rye beach,nh,42.98,-70.77
salem,nh,42.78,-71.22
salisbury,nh,43.41,-71.70
sanbornton,nh,43.55,-71.60
sanbornville,nh,43.55,-71.02
sandown,nh,42.93,-71.19
seabrook,nh,42.89,-70.86
silver lake,nh,43.88,-71.19
somersworth,nh,43.25,-70.88
south acworth,nh,43.18,-72.34
south hampton,nh,42.91,-70.98
south newbury,nh,43.30,-72.00
south sutton,nh,43.32,-71.93
south tamworth,nh,43.83,-71.31
spofford,nh,42.91,-72.41
springfield,nh,43.49,-72.06
stinson lake,nh,43.86,-71.81
stoddard,nh,43.07,-72.11
strafford,nh,43.25,-71.16
stratham,nh,43.02,-70.90
sugar hill,nh,43.61,-71.74
sullivan,nh,42.99,-72.19
sunapee,nh,43.39,-72.10
suncook,nh,43.15,-71.44
swanzey,nh,42.88,-72.25
tamworth,nh,43.86,-71.26
temple,nh,42.82,-71.85
thornton,nh,43.89,-71.68
tilton,nh,43.46,-71.58
troy,nh,42.83,-72.18
twin mountain,nh,44.27,-71.54
union,nh,43.44,-71.02
walpole,nh,43.08,-72.42
warner,nh,43.30,-71.84
warren,nh,43.94,-71.89
washington,nh,43.17,-72.08
waterville valley,nh,43.95,-71.50
weare,nh,43.07,-71.70
wentworth,nh,43.87,-71.91
west chesterfield,nh,42.87,-72.51
west lebanon,nh,43.64,-72.30
west nottingham,nh,43.13,-71.11
west ossipee,nh,43.84,-71.21
west peterborough,nh,42.89,-71.99
west stewartstown,nh,45.00,-71.53
west swanzey,nh,42.87,-72.30
westmoreland,nh,42.97,-72.44
whitefield,nh,44.37,-71.60
wilmot,nh,43.43,-71.90
wilton,nh,42.84,-71.75
winchester,nh,42.77,-72.36
windham,nh,42.81,-71.31
winnisquam,nh,43.50,-71.51
wolfeboro,nh,43.59,-71.19
wolfeboro falls,nh,43.59,-71.21
wonalancet,nh,43.91,-71.35
woodstock,nh,43.98,-71.69
woodsville,nh,44.14,-71.99
absecon,nj,39.46,-74.50
adelphia,nj,40.22,-74.26
allamuchy,nj,40.92,-74.81
allendale,nj,41.03,-74.13
allenhurst,nj,40.24,-74.01
allentown,nj,40.16,-74.59
allenwood,nj,40.14,-74.10
alloway,nj,39.56,-75.36
alpine,nj,40.95,-73.93
andover,nj,40.96,-74.75
annandale,nj,40.63,-74.89
asbury,nj,40.65,-75.02
asbury park,nj,40.24,-74.03
atco,nj,39.77,-74.88
atlantic city,nj,39.37,-74.43
atlantic highlands,nj,40.41,-74.03
audubon,nj,39.89,-75.07
augusta,nj,41.15,-74.68
avalon,nj,39.10,-74.73
avenel,nj,40.58,-74.28
avon by the sea,nj,40.19,-74.02
baptistown,nj,40.52,-75.01
barnegat,nj,39.76,-74.25
barnegat light,nj,39.76,-74.11
barrington,nj,39.87,-75.06
basking ridge,nj,40.68,-74.56
bayonne,nj,40.67,-74.12
bayville,nj,39.91,-74.19
beach haven,nj,39.64,-74.19
beachwood,nj,39.93,-74.20
bedminster,nj,40.66,-74.64
belford,nj,40.42,-74.09
belle mead,nj,40.47,-74.63
belleville,nj,40.79,-74.16
bellmawr,nj,39.87,-75.09
belmar,nj,40.18,-74.02
belvidere,nj,40.83,-75.05
bergenfield,nj,40.92,-74.00
berkeley heights,nj,40.68,-74.43
berlin,nj,39.78,-74.93
bernardsville,nj,40.72,-74.58
beverly,nj,40.06,-74.91
birmingham,nj,39.98,-74.71
blackwood,nj,39.77,-75.06
blairstown,nj,40.97,-74.97
blawenburg,nj,40.41,-74.70
bloomfield,nj,40.80,-74.19
bloomingdale,nj,41.01,-74.33
bloomsbury,nj,40.64,-75.10
bogota,nj,40.87,-74.03
boonton,nj,40.91,-74.41
bordentown,nj,40.14,-74.70
bound brook,nj,40.57,-74.54
bradley beach,nj,40.20,-74.01
branchville,nj,41.17,-74.75
brick,nj,40.04,-74.13
bridgeport,nj,39.80,-75.35
bridgeton,nj,39.45,-75.23
bridgewater,nj,40.59,-74.63
brielle,nj,40.11,-74.06
brigantine,nj,39.40,-74.38
broadway,nj,40.73,-75.05
brookside,nj,40.79,-74.57
browns mills,nj,39.96,-74.57
budd lake,nj,40.87,-74.74
buena,nj,39.54,-74.89
burlington,nj,40.07,-74.85
butler,nj,40.99,-74.36
buttzville,nj,40.83,-75.01
caldwell,nj,40.85,-74.28
califon,nj,40.72,-74.82
camden,nj,39.93,-75.12
cape may,nj,38.97,-74.93
cape may court house,nj,39.10,-74.83
cape may point,nj,38.94,-74.97
carlstadt,nj,40.84,-74.09
carteret,nj,40.58,-74.23
cedar brook,nj,39.72,-74.90
cedar grove,nj,40.85,-74.23
cedar knolls,nj,40.82,-74.46
cedarville,nj,39.34,-75.20
changewater,nj,40.74,-74.94
chatham,nj,40.73,-74.40
chatsworth,nj,39.80,-74.53
cherry hill,nj,39.93,-75.02
chester,nj,40.79,-74.68
chesterfield,nj,40.16,-74.67
clark,nj,40.62,-74.31
clarksboro,nj,39.80,-75.22
clayton,nj,39.66,-75.09
clementon,nj,39.81,-75.00
cliffside park,nj,40.82,-73.99
cliffwood,nj,40.44,-74.24
clifton,nj,40.88,-74.14
clinton,nj,40.64,-74.91
closter,nj,40.97,-73.96
cologne,nj,39.50,-74.61
colonia,nj,40.59,-74.32
colts neck,nj,40.30,-74.18
columbia,nj,40.94,-75.05
columbus,nj,40.06,-74.69
cookstown,nj,40.05,-74.56
cranbury,nj,40.30,-74.51
cranford,nj,40.66,-74.31
cream ridge,nj,40.13,-74.50
cresskill,nj,40.94,-73.97
dayton,nj,40.38,-74.51
deal,nj,40.25,-74.00
deepwater,nj,39.68,-75.49
deerfield street,nj,39.49,-75.22
delaware,nj,40.89,-75.06
delmont,nj,39.20,-74.97
delran,nj,40.02,-74.96
demarest,nj,40.95,-73.96
dennisville,nj,39.19,-74.83
denville,nj,40.89,-74.48
dividing creek,nj,39.27,-75.10
dorchester,nj,39.27,-74.98
dorothy,nj,39.40,-74.83
dover,nj,40.89,-74.56
dumont,nj,40.94,-73.99
dunellen,nj,40.59,-74.47
east brunswick,nj,40.43,-74.41
east hanover,nj,40.82,-74.36
east orange,nj,40.77,-74.21
east rutherford,nj,40.84,-74.10
eatontown,nj,40.30,-74.07
edgewater,nj,40.83,-73.97
edison,nj,40.52,-74.40
egg harbor city,nj,39.53,-74.62
egg harbor township,nj,39.41,-74.59
elizabeth,nj,40.67,-74.20
elmer,nj,39.57,-75.16
elmwood park,nj,40.91,-74.12
elwood,nj,39.58,-74.72
emerson,nj,40.98,-74.03
englewood,nj,40.89,-73.98
englewood cliffs,nj,40.88,-73.95
englishtown,nj,40.31,-74.33
essex fells,nj,40.83,-74.28
estell manor,nj,39.38,-74.82
ewan,nj,39.70,-75.19
ewing,nj,40.24,-74.78
fair haven,nj,40.36,-74.04
fair lawn,nj,40.93,-74.12
fairfield,nj,40.88,-74.30
fairton,nj,39.38,-75.22
fairview,nj,40.82,-74.00
fanwood,nj,40.64,-74.39
far hills,nj,40.70,-74.65
farmingdale,nj,40.20,-74.18
flagtown,nj,40.52,-74.68
flanders,nj,40.85,-74.70
flemington,nj,40.52,-74.85
florence,nj,40.12,-74.81
florham park,nj,40.78,-74.39
fords,nj,40.54,-74.31
forked river,nj,39.84,-74.20
ft dix,nj,40.01,-74.62
ft lee,nj,40.85,-73.97
ft monmouth,nj,40.32,-74.04
fortescue,nj,39.24,-75.17
franklin,nj,41.12,-74.59
franklin lakes,nj,41.01,-74.21
franklin park,nj,40.44,-74.54
franklinville,nj,39.62,-75.04
freehold,nj,40.25,-74.28
frenchtown,nj,40.52,-75.03
garfield,nj,40.88,-74.11
garwood,nj,40.65,-74.32
gibbsboro,nj,39.84,-74.97
gibbstown,nj,39.82,-75.28
gillette,nj,40.69,-74.47
gladstone,nj,40.72,-74.67
glassboro,nj,39.71,-75.12
glasser,nj,40.99,-74.63
glen gardner,nj,40.71,-74.92
glen ridge,nj,40.80,-74.21
glen rock,nj,40.96,-74.13
glendora,nj,39.84,-75.07
glenwood,nj,41.24,-74.49
gloucester city,nj,39.89,-75.12
goshen,nj,39.14,-74.85
great meadows,nj,40.85,-74.94
green creek,nj,39.05,-74.90
green village,nj,40.74,-74.45
greendell,nj,40.97,-74.82
greenwich,nj,39.39,-75.34
grenloch,nj,39.43,-75.23
greystone park,nj,40.84,-74.48
hackensack,nj,40.89,-74.05
hackettstown,nj,40.85,-74.83
haddon heights,nj,39.88,-75.07
haddon township,nj,39.92,-75.11
haddonfield,nj,39.90,-75.04
hainesport,nj,39.98,-74.83
haledon,nj,40.95,-74.18
hamburg,nj,41.15,-74.59
hammonton,nj,39.64,-74.79
hampton,nj,40.68,-74.96
hancocks bridge,nj,39.51,-75.46
harrington park,nj,40.99,-73.98
harrison,nj,40.75,-74.16
harrisonville,nj,39.69,-75.27
hasbrouck heights,nj,40.86,-74.08
haskell,nj,41.03,-74.30
haworth,nj,40.96,-73.99
hawthorne,nj,40.96,-74.16
hazlet,nj,40.42,-74.18
heislerville,nj,39.25,-74.99
helmetta,nj,40.38,-74.42
hewitt,nj,41.17,-74.37
hibernia,nj,40.94,-74.49
high bridge,nj,40.67,-74.89
highland lakes,nj,41.18,-74.46
highland park,nj,40.50,-74.43
highlands,nj,40.40,-73.99
hightstown,nj,40.27,-74.52
hillsborough,nj,40.48,-74.63
hillsdale,nj,41.01,-74.04
hillside,nj,40.70,-74.23
ho ho kus,nj,41.00,-74.10
hoboken,nj,40.74,-74.03
holmdel,nj,40.34,-74.18
hopatcong,nj,40.94,-74.66
hope,nj,40.91,-74.97
hopewell,nj,40.39,-74.77
howell,nj,40.15,-74.21
imlaystown,nj,40.17,-74.51
ironia,nj,40.82,-74.63
irvington,nj,40.73,-74.23
iselin,nj,40.57,-74.32
island heights,nj,39.94,-74.15
jackson,nj,40.12,-74.30
jersey city,nj,40.72,-74.04
jobstown,nj,40.04,-74.69
johnsonburg,nj,40.96,-74.88
juliustown,nj,40.01,-74.67
keansburg,nj,40.44,-74.13
kearny,nj,40.76,-74.15
keasbey,nj,40.52,-74.30
kendall park,nj,40.42,-74.55
kenilworth,nj,40.68,-74.29
kenvil,nj,40.88,-74.62
keyport,nj,40.44,-74.20
kingston,nj,40.38,-74.62
lafayette,nj,41.08,-74.69
lake hiawatha,nj,40.88,-74.38
lake hopatcong,nj,40.97,-74.61
lakehurst,nj,40.02,-74.29
lakewood,nj,40.09,-74.20
lambertville,nj,40.37,-74.93
landing,nj,40.91,-74.66
landisville,nj,39.52,-74.94
lanoka harbor,nj,39.86,-74.17
lavallette,nj,39.98,-74.07
lawnside,nj,39.87,-75.03
layton,nj,41.21,-74.82
lebanon,nj,40.65,-74.83
ledgewood,nj,40.88,-74.66
leeds point,nj,39.49,-74.43
leesburg,nj,39.24,-75.00
leonardo,nj,40.42,-74.06
leonia,nj,40.86,-73.99
liberty corner,nj,40.66,-74.58
lincoln park,nj,40.92,-74.30
lincroft,nj,40.34,-74.12
linden,nj,40.64,-74.26
linwood,nj,39.35,-74.58
little egg harbor twp,nj,39.59,-74.36
little falls,nj,40.89,-74.21
little ferry,nj,40.85,-74.04
little silver,nj,40.34,-74.04
little york,nj,40.61,-75.08
livingston,nj,40.79,-74.32
lodi,nj,40.88,-74.08
long branch,nj,40.30,-73.99
long valley,nj,40.79,-74.79
longport,nj,39.31,-74.54
lumberton,nj,39.97,-74.81
lyndhurst,nj,40.81,-74.12
lyons,nj,40.69,-74.55
madison,nj,40.76,-74.42
magnolia,nj,39.85,-75.04
mahwah,nj,41.07,-74.16
malaga,nj,39.58,-75.06
manahawkin,nj,39.71,-74.26
manasquan,nj,40.12,-74.06
manchester township,nj,39.95,-74.36
mantoloking,nj,40.03,-74.06
mantua,nj,39.79,-75.18
manville,nj,40.54,-74.59
maple shade,nj,39.95,-74.99
maplewood,nj,40.73,-74.27
margate city,nj,39.33,-74.51
marlboro,nj,40.32,-74.26
marlton,nj,39.88,-74.91
marmora,nj,39.26,-74.66
martinsville,nj,40.60,-74.56
matawan,nj,40.41,-74.24
mauricetown,nj,39.29,-74.99
mays landing,nj,39.43,-74.70
maywood,nj,40.90,-74.06
mc afee,nj,41.20,-74.55
medford,nj,39.87,-74.82
mendham,nj,40.78,-74.60
merchantville,nj,39.95,-75.05
metuchen,nj,40.54,-74.35
mickleton,nj,39.79,-75.25
middlesex,nj,40.58,-74.50
middletown,nj,40.40,-74.11
middleville,nj,41.06,-74.86
midland park,nj,41.00,-74.14
milford,nj,40.59,-75.10
millburn,nj,40.72,-74.30
millington,nj,40.67,-74.52
millstone township,nj,40.20,-74.43
milltown,nj,40.45,-74.44
millville,nj,39.37,-75.03
milmay,nj,39.45,-74.87
mine hill,nj,40.88,-74.60
minotola,nj,39.52,-74.95
mizpah,nj,39.49,-74.84
monmouth beach,nj,40.33,-73.98
monmouth junction,nj,40.39,-74.55
monroe township,nj,40.34,-74.43
monroeville,nj,39.64,-75.16
montague,nj,41.30,-74.75
montclair,nj,40.81,-74.22
montvale,nj,41.05,-74.04
montville,nj,40.90,-74.36
moonachie,nj,40.84,-74.06
moorestown,nj,39.97,-74.95
morganville,nj,40.35,-74.28
morristown,nj,40.80,-74.49
mt arlington,nj,40.93,-74.64
mt ephraim,nj,39.88,-75.09
mt freedom,nj,40.83,-74.57
mt holly,nj,39.99,-74.80
mt laurel,nj,39.95,-74.90
mt royal,nj,39.81,-75.21
mt tabor,nj,40.87,-74.48
mountain lakes,nj,40.89,-74.44
mountainside,nj,40.68,-74.36
mullica hill,nj,39.73,-75.21
national park,nj,39.87,-75.18
navesink,nj,40.40,-74.04
neptune,nj,40.21,-74.05
neshanic station,nj,40.51,-74.71
netcong,nj,40.90,-74.70
new brunswick,nj,40.49,-74.45
new egypt,nj,40.07,-74.51
new gretna,nj,39.59,-74.45
new lisbon,nj,39.96,-74.63
new milford,nj,40.93,-74.02
new providence,nj,40.70,-74.40
new vernon,nj,40.73,-74.48
newark,nj,40.73,-74.17
newfield,nj,39.56,-75.03
newfoundland,nj,41.06,-74.44
newport,nj,39.28,-75.17
newton,nj,41.06,-74.78
newtonville,nj,39.56,-74.86
norma,nj,39.50,-75.09
normandy beach,nj,40.00,-74.06
north arlington,nj,40.79,-74.13
north bergen,nj,40.79,-74.02
north brunswick,nj,40.45,-74.48
northfield,nj,39.37,-74.56
northvale,nj,41.01,-73.95
norwood,nj,41.00,-73.96
nutley,nj,40.82,-74.16
oak ridge,nj,41.03,-74.51
oakhurst,nj,40.26,-74.02
oakland,nj,41.03,-74.23
ocean city,nj,39.27,-74.59
ocean gate,nj,39.93,-74.14
ocean grove,nj,40.21,-74.01
ocean view,nj,39.22,-74.71
oceanport,nj,40.32,-74.02
oceanville,nj,39.47,-74.46
ogdensburg,nj,41.08,-74.60
old bridge,nj,40.40,-74.32
oldwick,nj,40.67,-74.75
oradell,nj,40.95,-74.03
orange,nj,40.77,-74.24
oxford,nj,40.81,-75.00
palisades park,nj,40.85,-74.00
palmyra,nj,40.00,-75.03
paramus,nj,40.95,-74.07
park ridge,nj,41.03,-74.04
parlin,nj,40.46,-74.30
parsippany,nj,40.86,-74.41
passaic,nj,40.86,-74.13
paterson,nj,40.91,-74.17
paulsboro,nj,39.83,-75.22
peapack,nj,40.72,-74.66
pedricktown,nj,39.74,-75.41
pemberton,nj,39.97,-74.67
pennington,nj,40.33,-74.79
penns grove,nj,39.72,-75.47
pennsauken,nj,39.96,-75.06
pennsville,nj,39.65,-75.52
pequannock,nj,40.95,-74.30
perth amboy,nj,40.52,-74.28
phillipsburg,nj,40.69,-75.17
picatinny arsenal,nj,40.89,-74.58
pine beach,nj,39.93,-74.17
pine brook,nj,40.87,-74.35
piscataway,nj,40.55,-74.46
pitman,nj,39.73,-75.13
pittstown,nj,40.60,-74.96
plainfield,nj,40.62,-74.43
plainsboro,nj,40.33,-74.57
pleasantville,nj,39.40,-74.55
pluckemin,nj,40.65,-74.64
point pleasant beach,nj,40.08,-74.07
pomona,nj,39.48,-74.58
pompton lakes,nj,41.00,-74.29
pompton plains,nj,40.97,-74.30
port elizabeth,nj,39.31,-74.98
port monmouth,nj,40.43,-74.11
port murray,nj,40.79,-74.92
port norris,nj,39.26,-75.05
port reading,nj,40.57,-74.25
port republic,nj,39.53,-74.49
pottersville,nj,40.66,-74.82
princeton,nj,40.37,-74.64
quakertown,nj,40.57,-74.94
quinton,nj,39.55,-75.41
rahway,nj,40.61,-74.28
ramsey,nj,41.06,-74.14
rancocas,nj,40.01,-74.87
randolph,nj,40.85,-74.57
raritan,nj,40.57,-74.64
readington,nj,40.57,-74.74
red bank,nj,40.35,-74.08
richland,nj,39.49,-74.88
richwood,nj,39.72,-75.17
ridgefield,nj,40.83,-74.00
ridgefield park,nj,40.86,-74.02
ridgewood,nj,40.98,-74.11
ringoes,nj,40.45,-74.83
ringwood,nj,41.09,-74.27
rio grande,nj,39.02,-74.88
river edge,nj,40.93,-74.04
riverdale,nj,40.99,-74.31
riverton,nj,40.01,-75.02
rochelle park,nj,40.90,-74.09
rockaway,nj,40.92,-74.51
rocky hill,nj,40.40,-74.64
roebling,nj,40.12,-74.78
roosevelt,nj,40.22,-74.47
roseland,nj,40.82,-74.30
roselle,nj,40.65,-74.26
roselle park,nj,40.67,-74.27
rosemont,nj,40.42,-74.99
rosenhayn,nj,39.48,-75.13
rumson,nj,40.37,-74.00
runnemede,nj,39.85,-75.07
rutherford,nj,40.83,-74.11
saddle brook,nj,40.90,-74.09
saddle river,nj,41.05,-74.10
salem,nj,39.56,-75.45
sayreville,nj,40.46,-74.36
schooleys mountain,nj,40.80,-74.81
scotch plains,nj,40.64,-74.38
sea girt,nj,40.13,-74.04
sea isle city,nj,39.14,-74.70
seaside heights,nj,39.95,-74.08
seaside park,nj,39.92,-74.08
secaucus,nj,40.79,-74.06
sergeantsville,nj,40.45,-74.94
sewaren,nj,40.55,-74.26
sewell,nj,39.75,-75.09
shiloh,nj,39.46,-75.30
short hills,nj,40.74,-74.33
shrewsbury,nj,40.33,-74.06
sicklerville,nj,39.74,-74.99
skillman,nj,40.42,-74.69
somerdale,nj,39.84,-75.03
somers point,nj,39.32,-74.60
somerset,nj,40.50,-74.50
somerville,nj,40.55,-74.65
south amboy,nj,40.46,-74.28
south bound brook,nj,40.55,-74.53
south dennis,nj,39.18,-74.82
south hackensack,nj,40.86,-74.05
south orange,nj,40.75,-74.26
south plainfield,nj,40.58,-74.41
south river,nj,40.44,-74.38
south seaville,nj,39.18,-74.76
sparta,nj,41.03,-74.64
spotswood,nj,40.38,-74.39
spring lake,nj,40.15,-74.04
springfield,nj,40.70,-74.32
stanhope,nj,40.92,-74.70
stanton,nj,40.58,-74.84
stewartsville,nj,40.70,-75.08
stillwater,nj,41.04,-74.88
stirling,nj,40.68,-74.50
stockholm,nj,41.10,-74.53
stockton,nj,40.44,-74.96
stone harbor,nj,39.05,-74.76
stratford,nj,39.83,-75.01
strathmere,nj,39.20,-74.66
succasunna,nj,40.85,-74.65
summit,nj,40.71,-74.36
sussex,nj,41.23,-74.60
swartswood,nj,41.09,-74.83
swedesboro,nj,39.75,-75.34
tabernacle,nj,39.87,-74.71
teaneck,nj,40.89,-74.01
tenafly,nj,40.92,-73.97
tennent,nj,40.28,-74.33
teterboro,nj,40.86,-74.05
thorofare,nj,39.86,-75.18
three bridges,nj,40.52,-74.80
titusville,nj,40.31,-74.87
toms river,nj,39.98,-74.16
totowa,nj,40.91,-74.21
towaco,nj,40.93,-74.34
township of washington,nj,41.00,-74.02
tranquility,nj,40.96,-74.81
trenton,nj,40.22,-74.74
tuckahoe,nj,39.29,-74.75
union,nj,40.70,-74.27
union city,nj,40.77,-74.03
vauxhall,nj,40.72,-74.28
ventnor city,nj,39.35,-74.47
vernon,nj,41.18,-74.53
verona,nj,40.83,-74.24
vienna,nj,40.87,-74.89
villas,nj,39.02,-74.94
vineland,nj,39.48,-75.01
voorhees,nj,39.85,-74.96
waldwick,nj,41.01,-74.12
wallington,nj,40.85,-74.11
wallpack center,nj,41.13,-74.92
wanaque,nj,41.05,-74.28
waretown,nj,39.79,-74.20
warren,nj,40.63,-74.51
washington,nj,40.76,-74.99
watchung,nj,40.64,-74.45
waterford works,nj,39.72,-74.86
wayne,nj,40.95,-74.25
weehawken,nj,40.77,-74.02
wenonah,nj,39.80,-75.15
west berlin,nj,39.82,-74.94
west creek,nj,39.66,-74.29
west long branch,nj,40.29,-74.02
west milford,nj,41.09,-74.37
west new york,nj,40.79,-74.01
west orange,nj,40.79,-74.26
west windsor,nj,40.30,-74.61
westfield,nj,40.65,-74.35
westville,nj,39.86,-75.13
westwood,nj,41.00,-74.03
wharton,nj,40.91,-74.59
whippany,nj,40.82,-74.42
whitehouse,nj,40.62,-74.74
whitehouse station,nj,40.60,-74.76
whitesboro,nj,39.04,-74.86
wickatunk,nj,40.35,-74.25
wildwood,nj,38.99,-74.82
williamstown,nj,39.67,-74.97
willingboro,nj,40.03,-74.88
windsor,nj,40.24,-74.58
winslow,nj,39.66,-74.86
wood ridge,nj,40.85,-74.09
woodbine,nj,39.25,-74.80
woodbridge,nj,40.56,-74.28
woodbury,nj,39.83,-75.14
woodbury heights,nj,39.81,-75.15
woodcliff lake,nj,40.99,-74.03
woodstown,nj,39.65,-75.32
wrightstown,nj,40.07,-74.57
wyckoff,nj,41.00,-74.17
zarephath,nj,40.54,-74.58
abiquiu,nm,36.18,-106.24
alamogordo,nm,32.89,-105.95
albuquerque,nm,35.09,-106.64
alcalde,nm,36.09,-106.06
algodones,nm,35.43,-106.62
alto,nm,33.39,-105.69
amalia,nm,36.94,-105.45
amistad,nm,35.90,-103.21
angel fire,nm,36.55,-105.26
animas,nm,31.79,-108.59
anthony,nm,31.93,-106.57
anton chico,nm,35.16,-105.14
aragon,nm,33.89,-108.55
arenas valley,nm,32.78,-108.19
arrey,nm,32.80,-107.35
arroyo hondo,nm,36.53,-105.62
arroyo seco,nm,36.50,-105.59
artesia,nm,32.84,-104.41
aztec,nm,36.82,-108.01
bard,nm,35.12,-103.32
bayard,nm,32.76,-108.11
belen,nm,34.65,-106.76
bent,nm,33.15,-105.86
berino,nm,32.07,-106.62
bernalillo,nm,35.33,-106.53
blanco,nm,36.73,-107.80
bloomfield,nm,36.70,-107.98
bluewater,nm,35.16,-108.19
bosque,nm,34.50,-106.80
bosque farms,nm,34.88,-106.70
brimhall,nm,35.80,-108.58
broadview,nm,34.80,-103.13
buckhorn,nm,32.81,-108.48
buena vista,nm,35.91,-105.25
caballo,nm,33.01,-107.35
canjilon,nm,36.48,-106.44
cannon afb,nm,34.40,-103.33
canones,nm,36.19,-106.44
capitan,nm,33.56,-105.53
caprock,nm,33.39,-103.64
capulin,nm,36.75,-103.99
carlsbad,nm,32.41,-104.24
carrizozo,nm,33.65,-105.87
carson,nm,36.36,-105.76
casa blanca,nm,35.04,-107.43
causey,nm,33.89,-103.15
cebolla,nm,36.54,-106.49
cedar crest,nm,35.13,-106.36
cedarvale,nm,34.39,-105.73
cerrillos,nm,35.42,-106.13
cerro,nm,36.75,-105.61
chacon,nm,36.14,-105.39
chama,nm,36.90,-106.58
chamberino,nm,32.04,-106.69
chamisal,nm,36.16,-105.68
chaparral,nm,32.00,-106.60
chimayo,nm,36.01,-105.91
church rock,nm,35.53,-108.60
cimarron,nm,36.46,-105.07
claunch,nm,34.14,-106.00
clayton,nm,36.44,-103.19
cleveland,nm,35.99,-105.43
cliff,nm,32.96,-108.61
clines corners,nm,35.01,-105.67
cloudcroft,nm,32.57,-105.94
clovis,nm,34.41,-103.22
cochiti lake,nm,35.62,-106.32
cochiti pueblo,nm,35.61,-106.35
columbus,nm,31.83,-107.64
conchas dam,nm,35.38,-104.21
continental divide,nm,35.50,-108.47
cordova,nm,36.01,-105.86
corona,nm,34.17,-105.53
corrales,nm,35.23,-106.62
costilla,nm,36.95,-105.50
counselor,nm,36.12,-106.95
coyote,nm,36.17,-106.62
crossroads,nm,33.53,-103.36
crownpoint,nm,35.72,-108.03
cuba,nm,36.05,-107.19
cubero,nm,35.12,-107.86
cuervo,nm,35.01,-104.40
datil,nm,34.04,-108.02
deming,nm,32.23,-107.75
derry,nm,32.81,-107.28
des moines,nm,36.73,-103.87
dexter,nm,33.19,-104.38
dixon,nm,36.18,-105.86
dona ana,nm,32.39,-106.82
dora,nm,33.94,-103.34
dulce,nm,36.86,-107.06
eagle nest,nm,36.53,-105.28
edgewood,nm,35.08,-106.19
el prado,nm,36.43,-105.58
el rito,nm,36.36,-106.22
elephant butte,nm,33.15,-107.19
elida,nm,33.94,-103.63
embudo,nm,36.14,-106.02
encino,nm,34.61,-105.48
espanola,nm,35.99,-106.07
estancia,nm,34.77,-106.14
eunice,nm,32.44,-103.16
fairacres,nm,32.30,-106.85
farmington,nm,36.71,-108.20
faywood,nm,32.64,-107.88
fence lake,nm,34.73,-108.69
flora vista,nm,36.80,-108.08
floyd,nm,34.25,-103.58
folsom,nm,36.87,-103.84
ft bayard,nm,32.87,-108.11
ft stanton,nm,33.49,-105.52
ft sumner,nm,34.46,-104.23
ft wingate,nm,35.47,-108.54
fruitland,nm,36.76,-108.45
gallina,nm,36.17,-106.66
gallup,nm,35.51,-108.74
gamerco,nm,35.57,-108.76
garfield,nm,32.76,-107.27
garita,nm,35.35,-104.44
gila,nm,32.97,-108.58
gladstone,nm,36.31,-103.89
glencoe,nm,33.39,-105.50
glenwood,nm,33.30,-108.77
glorieta,nm,35.57,-105.79
grady,nm,34.81,-103.30
grants,nm,35.36,-107.94
grenville,nm,36.73,-103.42
guadalupita,nm,36.11,-105.13
hachita,nm,31.92,-108.32
hagerman,nm,33.11,-104.33
hanover,nm,32.85,-108.08
hatch,nm,32.66,-107.16
hernandez,nm,36.07,-106.14
high rolls mountain park,nm,32.97,-105.79
hillsboro,nm,32.92,-107.63
hobbs,nm,32.72,-103.14
holloman air force base,nm,32.86,-106.08
holman,nm,36.04,-105.38
hondo,nm,33.46,-105.39
hope,nm,32.82,-104.73
house,nm,34.70,-103.92
hurley,nm,32.65,-108.15
ilfeld,nm,35.42,-105.56
isleta,nm,34.91,-106.69
jal,nm,32.11,-103.20
jamestown,nm,35.42,-108.31
jarales,nm,34.65,-107.03
jemez pueblo,nm,35.62,-106.72
jemez springs,nm,35.89,-106.77
kenna,nm,33.84,-103.77
kirtland,nm,36.74,-108.35
kirtland afb,nm,35.04,-106.56
la jara,nm,36.12,-106.99
la joya,nm,34.34,-106.84
la loma,nm,35.19,-105.10
la luz,nm,32.98,-105.95
la madera,nm,36.25,-106.13
la mesa,nm,32.08,-106.70
la plata,nm,36.96,-108.18
laguna,nm,35.09,-107.11
lake arthur,nm,33.02,-104.41
lakewood,nm,32.63,-104.38
lamy,nm,35.43,-105.94
las cruces,nm,32.32,-106.75
las vegas,nm,35.59,-105.23
lemitar,nm,34.16,-106.90
lincoln,nm,33.49,-105.53
lindrith,nm,36.34,-106.93
lingo,nm,33.70,-103.21
llano,nm,36.14,-105.68
loco hills,nm,32.82,-103.98
logan,nm,35.37,-103.44
lordsburg,nm,32.31,-108.75
los alamos,nm,35.87,-106.27
los lunas,nm,34.78,-106.71
los ojos,nm,36.72,-106.61
loving,nm,32.27,-104.09
lovington,nm,32.95,-103.35
luna,nm,33.82,-108.95
magdalena,nm,34.24,-107.34
malaga,nm,32.23,-104.07
maljamar,nm,32.84,-103.72
maxwell,nm,36.54,-104.56
mayhill,nm,32.91,-105.52
mc alister,nm,34.75,-103.66
mc donald,nm,33.08,-103.21
mc intosh,nm,34.85,-106.04
medanales,nm,36.18,-106.18
melrose,nm,34.45,-103.63
mentmore,nm,35.51,-108.84
mescalero,nm,33.22,-105.77
mesilla,nm,32.27,-106.80
mesilla park,nm,32.30,-106.64
mesquite,nm,32.15,-106.67
mexican springs,nm,35.78,-108.82
miami,nm,36.29,-104.81
milan,nm,35.17,-107.89
mills,nm,36.13,-104.23
milnesand,nm,33.61,-103.28
mimbres,nm,32.86,-107.94
montezuma,nm,35.68,-105.41
monticello,nm,33.40,-107.45
monument,nm,32.59,-103.27
mora,nm,36.00,-105.31
moriarty,nm,34.99,-106.06
mosquero,nm,35.72,-103.75
mountainair,nm,34.52,-106.26
mule creek,nm,33.12,-108.96
nageezi,nm,36.27,-107.74
nara visa,nm,35.62,-103.13
navajo,nm,35.89,-109.02
navajo dam,nm,36.83,-107.67
new laguna,nm,35.04,-107.42
newcomb,nm,36.28,-108.71
newkirk,nm,35.08,-104.24
nogal,nm,33.50,-105.70
ocate,nm,36.10,-105.07
ojo caliente,nm,36.41,-105.92
ojo feliz,nm,36.01,-104.71
organ,nm,32.43,-106.60
orogrande,nm,32.39,-106.09
paguate,nm,35.14,-107.38
pecos,nm,35.57,-105.67
pena blanca,nm,35.60,-106.34
penasco,nm,36.18,-105.73
pep,nm,33.90,-103.33
peralta,nm,34.83,-106.69
petaca,nm,36.51,-106.01
picacho,nm,33.35,-105.08
pie town,nm,34.32,-108.37
pinehill,nm,35.00,-108.41
pinon,nm,32.64,-105.42
pinos altos,nm,32.86,-108.22
placitas,nm,35.31,-106.53
playas,nm,32.03,-108.68
polvadera,nm,34.13,-106.90
ponderosa,nm,35.80,-106.65
portales,nm,34.18,-103.34
prewitt,nm,35.35,-108.10
pueblo of acoma,nm,34.90,-107.59
quay,nm,34.93,-103.78
quemado,nm,34.27,-108.76
questa,nm,36.73,-105.56
radium springs,nm,32.50,-106.93
rainsville,nm,35.98,-105.21
ramah,nm,35.13,-108.49
ranchos de taos,nm,36.34,-105.61
raton,nm,36.90,-104.43
red river,nm,36.71,-105.41
redrock,nm,32.69,-108.74
regina,nm,36.20,-107.07
rehoboth,nm,35.53,-108.65
reserve,nm,33.69,-108.80
ribera,nm,35.33,-105.47
rincon,nm,32.66,-107.06
rio rancho,nm,35.25,-106.68
rociada,nm,35.82,-105.31
rodeo,nm,31.83,-109.03
rogers,nm,34.02,-103.13
roswell,nm,33.39,-104.53
rowe,nm,35.49,-105.67
roy,nm,35.95,-104.15
ruidoso,nm,33.35,-105.65
ruidoso downs,nm,33.36,-105.54
sacramento,nm,32.81,-105.62
st vrain,nm,34.47,-103.45
salem,nm,32.71,-107.22
san acacia,nm,34.23,-106.90
san antonio,nm,33.89,-106.38
san cristobal,nm,36.61,-105.64
san fidel,nm,35.08,-107.60
san jon,nm,35.12,-103.28
san jose,nm,35.46,-105.44
san juan pueblo,nm,36.05,-106.08
san miguel,nm,32.16,-106.73
san patricio,nm,33.39,-105.35
san rafael,nm,35.11,-107.88
san ysidro,nm,35.52,-106.74
sandia park,nm,35.17,-106.32
sanostee,nm,36.42,-108.87
santa clara,nm,32.78,-108.16
santa cruz,nm,35.99,-106.03
santa fe,nm,35.70,-105.97
santa rosa,nm,34.93,-104.68
santa teresa,nm,31.85,-106.63
santo domingo pueblo,nm,35.51,-106.36
sapello,nm,35.76,-105.11
sedan,nm,36.23,-103.14
serafina,nm,35.39,-105.32
sheep springs,nm,36.14,-108.71
shiprock,nm,36.66,-108.74
silver city,nm,32.79,-108.27
smith lake,nm,35.52,-108.14
socorro,nm,34.05,-106.89
solano,nm,35.84,-104.12
springer,nm,36.38,-104.59
stanley,nm,35.13,-106.03
sunland park,nm,31.80,-106.58
sunspot,nm,32.79,-105.82
taiban,nm,34.42,-104.03
taos,nm,36.40,-105.58
taos ski valley,nm,36.58,-105.45
tatum,nm,33.26,-103.31
tererro,nm,35.74,-105.65
tesuque,nm,35.76,-105.94
texico,nm,34.40,-103.06
thoreau,nm,35.58,-107.83
tierra amarilla,nm,36.68,-106.56
tijeras,nm,35.04,-106.31
timberon,nm,32.96,-105.75
tinnie,nm,33.34,-105.20
tohatchi,nm,35.77,-108.69
tome,nm,34.74,-106.73
torreon,nm,34.72,-106.30
trampas,nm,36.13,-105.76
trementina,nm,35.58,-104.62
tres piedras,nm,36.65,-105.97
truchas,nm,36.04,-105.81
truth or consequences,nm,33.14,-107.25
tucumcari,nm,35.17,-103.72
tularosa,nm,33.07,-106.01
tyrone,nm,32.66,-108.36
ute park,nm,36.56,-105.11
vadito,nm,36.19,-105.68
vado,nm,32.12,-106.66
valdez,nm,36.57,-105.51
vallecitos,nm,36.52,-106.09
valmora,nm,35.79,-104.91
vanderwagen,nm,35.27,-108.75
vaughn,nm,34.62,-105.19
veguita,nm,34.49,-106.76
velarde,nm,36.16,-105.97
villanueva,nm,35.27,-105.36
wagon mound,nm,35.98,-104.69
waterflow,nm,36.78,-108.43
watrous,nm,35.79,-104.98
weed,nm,32.81,-105.51
white sands missile range,nm,32.38,-106.49
whites city,nm,32.18,-104.38
willard,nm,34.58,-106.03
williamsburg,nm,33.23,-107.34
winston,nm,33.31,-107.67
yatahey,nm,35.62,-108.71
yeso,nm,34.47,-104.53
youngsville,nm,36.19,-106.56
zuni,nm,35.07,-108.83
alamo,nv,37.33,-115.31
amargosa valley,nv,36.94,-116.58
austin,nv,39.51,-117.08
baker,nv,39.07,-114.25
battle mountain,nv,40.62,-116.96
beatty,nv,36.91,-116.76
blue diamond,nv,36.05,-115.40
boulder city,nv,35.97,-114.83
bunkerville,nv,36.77,-114.13
cal nev ari,nv,35.47,-114.92
caliente,nv,37.61,-114.51
carlin,nv,40.72,-116.11
carson city,nv,39.15,-119.75
crescent valley,nv,40.46,-116.48
crystal bay,nv,39.23,-120.00
dayton,nv,39.28,-119.53
deeth,nv,41.43,-115.37
denio,nv,41.70,-118.73
duckwater,nv,38.81,-116.14
dyer,nv,37.61,-118.02
elko,nv,40.83,-115.72
ely,nv,39.31,-114.88
empire,nv,40.36,-119.66
eureka,nv,39.59,-115.99
fallon,nv,39.47,-118.79
fernley,nv,39.60,-119.24
gabbs,nv,38.88,-117.87
gardnerville,nv,38.90,-119.73
genoa,nv,39.00,-119.85
gerlach,nv,40.67,-119.38
glenbrook,nv,38.99,-119.93
golconda,nv,40.97,-117.33
goldfield,nv,37.83,-117.27
halleck,nv,40.95,-115.45
hawthorne,nv,38.53,-118.64
henderson,nv,35.99,-114.95
hiko,nv,37.65,-115.18
imlay,nv,40.65,-118.02
incline village,nv,39.25,-119.96
indian springs,nv,36.41,-115.58
jackpot,nv,41.84,-115.11
jarbidge,nv,41.87,-115.43
jean,nv,35.85,-115.47
lamoille,nv,40.73,-115.48
las vegas,nv,36.17,-115.12
laughlin,nv,35.17,-114.57
logandale,nv,36.60,-114.48
lovelock,nv,40.18,-118.47
lund,nv,38.90,-115.04
luning,nv,38.41,-118.16
manhattan,nv,38.54,-117.07
mc dermitt,nv,41.87,-117.53
mc gill,nv,39.40,-114.78
mercury,nv,36.66,-115.99
mesquite,nv,36.81,-114.07
mina,nv,38.39,-118.11
minden,nv,39.02,-119.73
moapa,nv,36.68,-114.62
montello,nv,41.26,-114.19
mountain city,nv,41.87,-116.11
nellis afb,nv,36.24,-115.01
nixon,nv,39.89,-119.46
north las vegas,nv,36.45,-114.85
orovada,nv,41.82,-117.78
overton,nv,36.64,-114.38
owyhee,nv,41.95,-116.10
pahrump,nv,36.20,-116.01
panaca,nv,37.79,-114.39
paradise valley,nv,41.51,-117.57
pioche,nv,37.90,-114.40
reno,nv,39.53,-119.81
round mountain,nv,38.68,-117.13
ruby valley,nv,40.40,-115.23
ruth,nv,39.28,-114.99
schurz,nv,38.96,-118.78
searchlight,nv,35.45,-114.92
silver city,nv,39.26,-119.64
silver springs,nv,39.38,-119.27
silverpeak,nv,37.76,-117.95
sloan,nv,35.94,-115.22
smith,nv,38.92,-119.39
sparks,nv,39.55,-119.76
spring creek,nv,40.51,-115.34
stateline,nv,38.96,-119.94
sun valley,nv,39.60,-119.78
the lakes,nv,36.17,-115.14
tonopah,nv,38.20,-117.09
tuscarora,nv,41.17,-116.93
valmy,nv,40.79,-117.13
verdi,nv,39.52,-119.99
virginia city,nv,39.39,-119.60
wadsworth,nv,39.65,-119.29
washoe valley,nv,39.09,-119.83
wellington,nv,38.79,-119.34
wells,nv,41.13,-114.53
west wendover,nv,40.73,-114.08
winnemucca,nv,40.97,-117.75
yerington,nv,38.99,-119.16
zephyr cove,nv,39.00,-119.95
accord,ny,41.81,-74.24
acra,ny,42.33,-74.09
adams,ny,43.82,-76.05
adams basin,ny,43.19,-77.85
adams center,ny,43.86,-76.00
addison,ny,42.10,-77.27
adirondack,ny,43.72,-73.78
afton,ny,42.24,-75.54
akron,ny,43.02,-78.51
albany,ny,42.65,-73.76
albertson,ny,40.77,-73.65
albion,ny,43.24,-78.21
alcove,ny,42.45,-74.03
alden,ny,42.90,-78.53
alder creek,ny,43.42,-75.21
alexander,ny,42.92,-78.26
alexandria bay,ny,44.33,-75.93
alfred,ny,42.26,-77.79
alfred station,ny,42.26,-77.78
allegany,ny,42.09,-78.50
allentown,ny,42.08,-78.06
alma,ny,42.02,-78.04
almond,ny,42.32,-77.78
alpine,ny,42.35,-76.73
alplaus,ny,42.86,-73.90
altamont,ny,42.71,-74.02
altmar,ny,43.50,-75.97
alton,ny,43.21,-76.98
altona,ny,44.88,-73.64
amagansett,ny,40.97,-72.14
amawalk,ny,41.29,-73.76
amenia,ny,41.84,-73.55
amityville,ny,40.68,-73.42
amsterdam,ny,42.95,-74.18
ancram,ny,42.09,-73.64
ancramdale,ny,42.04,-73.58
andes,ny,42.16,-74.79
andover,ny,42.16,-77.79
angelica,ny,42.33,-77.99
angola,ny,42.64,-79.05
annandale on hudson,ny,42.00,-73.83
antwerp,ny,44.24,-75.60
apalachin,ny,42.06,-76.15
appleton,ny,43.31,-78.64
apulia station,ny,42.82,-76.07
aquebogue,ny,40.94,-72.63
arcade,ny,42.56,-78.41
arden,ny,41.27,-74.15
ardsley,ny,41.01,-73.84
ardsley on hudson,ny,41.03,-73.87
argyle,ny,43.24,-73.46
arkport,ny,42.42,-77.69
arkville,ny,42.08,-74.55
armonk,ny,41.14,-73.70
arverne,ny,40.59,-73.80
ashland,ny,42.24,-74.31
ashville,ny,42.11,-79.41
astoria,ny,40.77,-73.93
athens,ny,42.27,-73.82
athol,ny,43.48,-73.88
athol springs,ny,42.77,-78.87
atlanta,ny,42.56,-77.48
atlantic beach,ny,40.59,-73.73
attica,ny,42.85,-78.28
au sable forks,ny,44.45,-73.69
auburn,ny,42.93,-76.56
auriesville,ny,42.93,-74.32
aurora,ny,42.75,-76.68
austerlitz,ny,42.32,-73.45
ava,ny,43.34,-75.45
averill park,ny,42.64,-73.55
avoca,ny,42.42,-77.43
avon,ny,42.90,-77.73
babylon,ny,40.63,-73.32
bainbridge,ny,42.31,-75.49
bakers mills,ny,43.61,-74.03
baldwin,ny,40.65,-73.61
baldwin place,ny,41.35,-73.76
baldwinsville,ny,43.16,-76.32
ballston lake,ny,42.92,-73.86
ballston spa,ny,43.00,-73.85
bangall,ny,41.88,-73.69
barker,ny,43.34,-78.54
barneveld,ny,43.22,-75.16
barrytown,ny,42.00,-73.92
barryville,ny,41.49,-74.92
barton,ny,42.07,-76.40
basom,ny,43.08,-78.40
batavia,ny,43.00,-78.19
bath,ny,42.35,-77.32
bay shore,ny,40.73,-73.25
bayport,ny,40.74,-73.05
bayside,ny,40.79,-73.78
bayville,ny,40.91,-73.56
beacon,ny,41.51,-73.96
bear mountain,ny,41.31,-74.00
bearsville,ny,42.04,-74.17
beaver dams,ny,42.28,-76.97
beaver falls,ny,43.88,-75.45
bedford,ny,41.19,-73.64
bedford hills,ny,41.23,-73.69
belfast,ny,42.32,-78.09
bellerose,ny,40.73,-73.72
belleville,ny,43.79,-76.12
bellmore,ny,40.68,-73.53
bellona,ny,42.76,-77.02
bellport,ny,40.77,-72.95
bellvale,ny,41.25,-74.31
belmont,ny,42.23,-78.01
bemus point,ny,42.15,-79.36
bergen,ny,43.09,-77.96
berkshire,ny,42.31,-76.19
berlin,ny,42.69,-73.37
berne,ny,42.61,-74.15
bernhards bay,ny,43.27,-75.94
bethel,ny,41.67,-74.89
bethpage,ny,40.74,-73.49
bible school park,ny,42.11,-76.07
big flats,ny,42.15,-76.95
big indian,ny,42.14,-74.45
billings,ny,41.67,-73.76
binghamton,ny,42.15,-75.89
black creek,ny,42.29,-78.23
black river,ny,44.00,-75.80
blauvelt,ny,41.06,-73.96
bliss,ny,42.58,-78.26
blodgett mills,ny,42.57,-76.13
bloomfield,ny,42.89,-77.46
blooming grove,ny,41.41,-74.20
bloomingburg,ny,41.56,-74.43
bloomingdale,ny,44.40,-74.08
bloomington,ny,41.86,-74.07
bloomville,ny,42.35,-74.81
blossvale,ny,43.23,-75.69
blue mountain lake,ny,43.84,-74.43
blue point,ny,40.75,-73.04
bohemia,ny,40.77,-73.12
boiceville,ny,42.00,-74.27
bolivar,ny,42.07,-78.14
bolton landing,ny,43.58,-73.67
bombay,ny,44.95,-74.59
boonville,ny,43.48,-75.34
boston,ny,42.63,-78.74
bouckville,ny,42.89,-75.57
bovina center,ny,42.27,-74.77
bowmansville,ny,42.95,-78.68
bradford,ny,42.38,-77.09
brainard,ny,42.41,-73.62
brainardsville,ny,44.86,-74.03
branchport,ny,42.61,-77.21
brant,ny,42.59,-79.02
brant lake,ny,43.70,-73.72
brantingham,ny,43.71,-75.40
brasher falls,ny,44.85,-74.75
breesport,ny,42.19,-76.74
breezy point,ny,40.56,-73.91
brentwood,ny,40.78,-73.25
brewerton,ny,43.23,-76.14
brewster,ny,41.41,-73.60
briarcliff manor,ny,41.14,-73.83
bridgehampton,ny,40.94,-72.30
bridgeport,ny,43.16,-75.97
bridgewater,ny,42.88,-75.25
brier hill,ny,44.55,-75.67
brightwaters,ny,40.73,-73.26
broadalbin,ny,43.07,-74.17
brockport,ny,43.21,-77.94
brocton,ny,42.39,-79.43
bronx,ny,40.82,-73.92
bronxville,ny,40.94,-73.84
brookfield,ny,42.81,-75.34
brookhaven,ny,40.78,-72.89
brooklyn,ny,40.69,-73.99
brooktondale,ny,42.38,-76.37
brownville,ny,44.01,-75.98
brushton,ny,44.83,-74.52
buchanan,ny,41.26,-73.94
buffalo,ny,42.90,-78.88
bullville,ny,41.54,-74.36
burdett,ny,42.44,-76.83
burke,ny,44.92,-74.17
burlingham,ny,41.59,-74.38
burlington flats,ny,42.75,-75.17
burnt hills,ny,42.93,-73.90
burt,ny,43.32,-78.71
buskirk,ny,42.96,-73.45
byron,ny,43.07,-78.06
cadyville,ny,44.69,-73.67
cairo,ny,42.31,-74.01
calcium,ny,44.03,-75.85
caledonia,ny,42.96,-77.85
callicoon,ny,41.78,-75.03
callicoon center,ny,41.84,-74.95
calverton,ny,40.93,-72.74
cambria heights,ny,40.69,-73.74
cambridge,ny,43.05,-73.38
camden,ny,43.34,-75.75
cameron,ny,42.21,-77.44
cameron mills,ny,42.19,-77.36
camillus,ny,43.04,-76.28
campbell,ny,42.24,-77.21
campbell hall,ny,41.44,-74.25
canaan,ny,42.41,-73.42
canajoharie,ny,42.88,-74.58
canandaigua,ny,42.87,-77.28
canaseraga,ny,42.46,-77.80
canastota,ny,43.09,-75.76
candor,ny,42.21,-76.33
caneadea,ny,42.37,-78.20
canisteo,ny,42.26,-77.59
canton,ny,44.59,-75.16
cape vincent,ny,44.12,-76.32
carle place,ny,40.75,-73.61
carlisle,ny,42.75,-74.46
carmel,ny,41.44,-73.68
caroga lake,ny,43.19,-74.52
carthage,ny,43.98,-75.62
cassadaga,ny,42.35,-79.30
cassville,ny,42.91,-75.26
castile,ny,42.64,-78.05
castle creek,ny,42.26,-75.91
castle point,ny,41.55,-73.96
castleton on hudson,ny,42.54,-73.71
castorland,ny,43.88,-75.46
cato,ny,43.18,-76.56
catskill,ny,42.23,-73.90
cattaraugus,ny,42.33,-78.89
cayuga,ny,42.91,-76.70
cayuta,ny,42.28,-76.70
cazenovia,ny,42.94,-75.84
cedarhurst,ny,40.62,-73.73
celoron,ny,42.11,-79.28
center moriches,ny,40.80,-72.80
centereach,ny,40.87,-73.08
centerport,ny,40.89,-73.38
centerville,ny,42.48,-78.25
central bridge,ny,42.74,-74.35
central islip,ny,40.79,-73.20
central square,ny,43.31,-76.18
central valley,ny,41.33,-74.12
ceres,ny,42.00,-78.27
chadwicks,ny,43.02,-75.27
chaffee,ny,42.56,-78.50
champlain,ny,44.98,-73.45
chappaqua,ny,41.17,-73.77
charlotteville,ny,42.53,-74.68
chase mills,ny,44.87,-75.07
chateaugay,ny,44.91,-74.07
chatham,ny,42.35,-73.59
chaumont,ny,44.08,-76.12
chautauqua,ny,42.21,-79.47
chazy,ny,44.89,-73.45
chelsea,ny,41.55,-73.97
chemung,ny,42.04,-76.62
chenango bridge,ny,42.17,-75.86
chenango forks,ny,42.26,-75.82
cherry creek,ny,42.31,-79.12
cherry plain,ny,42.67,-73.38
cherry valley,ny,42.78,-74.74
chester,ny,41.36,-74.27
chestertown,ny,43.65,-73.81
chichester,ny,42.09,-74.28
childwold,ny,44.29,-74.68
chippewa bay,ny,44.44,-75.76
chittenango,ny,43.06,-75.88
churchville,ny,43.09,-77.86
churubusco,ny,44.94,-73.94
cicero,ny,43.17,-76.10
cincinnatus,ny,42.54,-75.90
circleville,ny,41.52,-74.39
clarence,ny,42.98,-78.62
clarence center,ny,43.04,-78.64
clarendon,ny,43.19,-78.06
clark mills,ny,43.09,-75.38
clarkson,ny,43.23,-77.93
clarksville,ny,42.57,-73.97
claryville,ny,41.97,-74.53
claverack,ny,42.22,-73.72
clay,ny,43.17,-76.17
clayton,ny,44.22,-76.11
clayville,ny,42.97,-75.21
clemons,ny,43.64,-73.43
cleveland,ny,43.24,-75.85
cleverdale,ny,43.48,-73.64
clifton park,ny,42.85,-73.79
clifton springs,ny,42.96,-77.14
climax,ny,42.37,-73.86
clinton,ny,43.06,-75.38
clinton corners,ny,41.87,-73.77
clintondale,ny,41.67,-74.06
clockville,ny,43.04,-75.75
clyde,ny,43.09,-76.87
clymer,ny,42.06,-79.67
cobleskill,ny,42.68,-74.49
cochecton,ny,41.70,-74.98
cochecton center,ny,41.65,-74.98
coeymans,ny,42.47,-73.79
coeymans hollow,ny,42.49,-73.92
cohocton,ny,42.50,-77.50
cohoes,ny,42.78,-73.71
cold brook,ny,43.30,-75.00
cold spring,ny,41.44,-73.93
cold spring harbor,ny,40.86,-73.45
colden,ny,42.66,-78.69
college point,ny,40.79,-73.84
colliersville,ny,42.49,-74.98
collins,ny,42.50,-78.89
collins center,ny,42.49,-78.85
colton,ny,44.50,-74.93
columbiaville,ny,42.32,-73.75
commack,ny,40.84,-73.28
comstock,ny,43.46,-73.36
conesus,ny,42.72,-77.67
conewango valley,ny,42.26,-79.02
congers,ny,41.15,-73.94
conklin,ny,42.05,-75.81
connelly,ny,41.91,-73.99
constable,ny,44.94,-74.33
constableville,ny,43.56,-75.46
constantia,ny,43.27,-76.00
coopers plains,ny,42.18,-77.14
cooperstown,ny,42.70,-74.92
copake,ny,42.11,-73.55
copake falls,ny,42.14,-73.51
copenhagen,ny,43.88,-75.68
copiague,ny,40.68,-73.40
coram,ny,40.88,-73.01
corbettsville,ny,42.02,-75.79
corfu,ny,42.98,-78.39
corinth,ny,43.24,-73.84
corning,ny,42.14,-77.05
cornwall,ny,41.43,-74.05
cornwall on hudson,ny,41.44,-74.02
cornwallville,ny,42.36,-74.16
corona,ny,40.75,-73.86
cortland,ny,42.60,-76.19
cortlandt manor,ny,41.29,-73.85
cossayuna,ny,43.18,-73.41
cottekill,ny,41.85,-74.10
cowlesville,ny,42.81,-78.45
coxsackie,ny,42.35,-73.82
cragsmoor,ny,41.67,-74.39
cranberry lake,ny,44.22,-74.84
craryville,ny,42.18,-73.66
crittenden,ny,42.95,-78.48
croghan,ny,43.91,-75.35
crompond,ny,41.30,-73.87
cropseyville,ny,42.77,-73.47
cross river,ny,41.27,-73.60
croton falls,ny,41.35,-73.66
croton on hudson,ny,41.22,-73.89
crown point,ny,43.95,-73.47
cuba,ny,42.19,-78.28
cuddebackville,ny,41.48,-74.60
cutchogue,ny,41.01,-72.48
dale,ny,42.83,-78.17
dalton,ny,42.54,-77.93
dannemora,ny,44.72,-73.72
dansville,ny,42.57,-77.71
darien center,ny,42.89,-78.39
davenport,ny,42.47,-74.84
davenport center,ny,42.45,-74.91
dayton,ny,42.42,-78.98
de kalb junction,ny,44.49,-75.29
de peyster,ny,44.54,-75.43
de ruyter,ny,42.75,-75.86
deansboro,ny,42.98,-75.44
deer park,ny,40.76,-73.33
deer river,ny,43.93,-75.59
deferiet,ny,44.04,-75.68
delancey,ny,42.19,-74.92
delanson,ny,42.75,-74.19
delevan,ny,42.49,-78.48
delhi,ny,42.29,-74.92
delmar,ny,42.62,-73.84
delphi falls,ny,42.88,-75.91
denmark,ny,43.90,-75.58
denver,ny,42.25,-74.54
depauville,ny,44.14,-76.07
depew,ny,42.90,-78.70
deposit,ny,42.07,-75.43
derby,ny,42.70,-78.98
dewittville,ny,42.24,-79.42
dexter,ny,44.01,-76.06
diamond point,ny,43.52,-73.70
dickinson center,ny,44.72,-74.55
dobbs ferry,ny,41.01,-73.87
dolgeville,ny,43.10,-74.76
dormansville,ny,42.44,-74.20
dover plains,ny,41.74,-73.59
downsville,ny,42.07,-75.02
dresden,ny,42.68,-76.96
dryden,ny,42.49,-76.29
duanesburg,ny,42.77,-74.08
dundee,ny,42.51,-77.00
dunkirk,ny,42.48,-79.33
durham,ny,42.40,-74.18
durhamville,ny,43.16,-75.67
eagle bay,ny,43.72,-74.97
eagle bridge,ny,42.96,-73.35
earlton,ny,42.35,-73.91
earlville,ny,42.75,-75.54
east amherst,ny,43.03,-78.71
east aurora,ny,42.77,-78.60
east berne,ny,42.62,-74.06
east bethany,ny,42.92,-78.13
east bloomfield,ny,42.90,-77.44
east branch,ny,41.98,-75.13
east chatham,ny,42.43,-73.49
east concord,ny,42.55,-78.61
east durham,ny,42.39,-74.11
east elmhurst,ny,40.76,-73.87
east greenbush,ny,42.60,-73.68
east hampton,ny,40.99,-72.18
east homer,ny,42.67,-76.10
east islip,ny,40.73,-73.18
east jewett,ny,42.28,-74.21
east marion,ny,41.13,-72.34
east meadow,ny,40.71,-73.56
east meredith,ny,42.41,-74.90
east moriches,ny,40.81,-72.75
east nassau,ny,42.54,-73.50
east northport,ny,40.87,-73.32
east norwich,ny,40.85,-73.53
east otto,ny,42.40,-78.74
east pembroke,ny,43.00,-78.31
east pharsalia,ny,42.56,-75.72
east quogue,ny,40.84,-72.58
east randolph,ny,42.17,-78.95
east rochester,ny,43.11,-77.49
east rockaway,ny,40.64,-73.67
east schodack,ny,42.56,-73.63
east setauket,ny,40.93,-73.10
east springfield,ny,42.83,-74.76
east syracuse,ny,43.07,-76.06
east williamson,ny,43.23,-77.15
east worcester,ny,42.62,-74.68
eastchester,ny,40.95,-73.81
eastport,ny,40.81,-72.71
eaton,ny,42.85,-75.63
eden,ny,42.65,-78.88
edmeston,ny,42.73,-75.25
edwards,ny,44.31,-75.25
elba,ny,43.09,-78.17
elbridge,ny,43.03,-76.44
eldred,ny,41.53,-74.90
elizabethtown,ny,44.22,-73.60
elizaville,ny,42.09,-73.78
elka park,ny,42.16,-74.12
ellenburg,ny,44.89,-73.84
ellenburg center,ny,44.84,-73.87
ellenburg depot,ny,44.92,-73.79
ellenville,ny,41.72,-74.41
ellicottville,ny,42.30,-78.66
ellington,ny,42.22,-79.11
ellisburg,ny,43.74,-76.13
elma,ny,42.83,-78.63
elmhurst,ny,40.74,-73.88
elmira,ny,42.10,-76.81
elmont,ny,40.70,-73.71
elmsford,ny,41.06,-73.81
endicott,ny,42.11,-76.06
endwell,ny,42.11,-76.02
erieville,ny,42.86,-75.75
erin,ny,42.19,-76.68
esopus,ny,41.83,-73.97
esperance,ny,42.77,-74.29
essex,ny,44.28,-73.37
etna,ny,42.48,-76.38
evans mills,ny,44.08,-75.83
fabius,ny,42.85,-75.98
fair haven,ny,43.32,-76.70
fairport,ny,43.09,-77.44
falconer,ny,42.12,-79.19
fallsburg,ny,41.73,-74.62
fancher,ny,43.24,-78.09
far rockaway,ny,40.60,-73.76
farmersville station,ny,42.45,-78.29
farmingdale,ny,40.73,-73.45
farmington,ny,42.96,-77.34
farmingville,ny,40.84,-73.04
farnham,ny,42.59,-79.09
fayette,ny,42.81,-76.81
fayetteville,ny,43.03,-76.01
felts mills,ny,44.02,-75.75
ferndale,ny,41.73,-74.75
feura bush,ny,42.55,-73.92
fillmore,ny,42.46,-78.11
findley lake,ny,42.12,-79.73
fine,ny,44.25,-75.14
fishers,ny,43.01,-77.47
fishers island,ny,41.26,-72.02
fishers landing,ny,44.28,-76.01
fishkill,ny,41.54,-73.90
fishs eddy,ny,41.96,-75.18
fleischmanns,ny,42.18,-74.53
floral park,ny,40.72,-73.71
florida,ny,41.33,-74.35
flushing,ny,40.78,-73.83
fly creek,ny,42.73,-74.99
fonda,ny,42.96,-74.40
forest hills,ny,40.72,-73.85
forestburgh,ny,41.57,-74.72
forestport,ny,43.47,-75.18
forestville,ny,42.45,-79.16
ft ann,ny,43.43,-73.48
ft covington,ny,44.97,-74.49
ft drum,ny,44.04,-75.75
ft edward,ny,43.27,-73.58
ft hunter,ny,42.94,-74.29
ft johnson,ny,42.98,-74.25
ft montgomery,ny,41.32,-73.99
ft plain,ny,42.94,-74.64
frankfort,ny,43.04,-75.11
franklin,ny,42.34,-75.15
franklin springs,ny,43.04,-75.39
franklin square,ny,40.70,-73.68
franklinville,ny,42.34,-78.44
fredonia,ny,42.43,-79.33
freedom,ny,42.49,-78.35
freehold,ny,42.38,-74.06
freeport,ny,40.65,-73.59
freeville,ny,42.50,-76.36
fremont center,ny,41.85,-75.03
fresh meadows,ny,40.74,-73.80
frewsburg,ny,42.05,-79.13
friendship,ny,42.19,-78.14
fulton,ny,43.32,-76.40
fultonham,ny,42.59,-74.39
fultonville,ny,42.90,-74.36
gabriels,ny,44.43,-74.18
gainesville,ny,42.62,-78.18
gallupville,ny,42.66,-74.23
galway,ny,43.02,-74.03
gansevoort,ny,43.18,-73.71
garden city,ny,40.72,-73.65
gardiner,ny,41.66,-74.17
garnerville,ny,41.20,-74.00
garrattsville,ny,42.64,-75.23
garrison,ny,41.36,-73.92
gasport,ny,43.21,-78.57
geneseo,ny,42.79,-77.80
geneva,ny,42.86,-76.99
genoa,ny,42.67,-76.54
georgetown,ny,42.76,-75.74
germantown,ny,42.12,-73.86
gerry,ny,42.21,-79.16
getzville,ny,43.02,-78.75
ghent,ny,42.30,-73.65
gilbertsville,ny,42.43,-75.36
gilboa,ny,42.41,-74.40
glasco,ny,42.04,-73.95
glen aubrey,ny,42.26,-75.98
glen cove,ny,40.86,-73.63
glen head,ny,40.83,-73.61
glen oaks,ny,40.75,-73.71
glen spey,ny,41.49,-74.80
glen wild,ny,41.65,-74.58
glenfield,ny,43.73,-75.37
glenford,ny,42.01,-74.15
glenham,ny,41.52,-73.93
glenmont,ny,42.60,-73.80
glens falls,ny,43.31,-73.65
glenwood,ny,42.60,-78.64
glenwood landing,ny,40.83,-73.64
gloversville,ny,43.06,-74.34
goldens bridge,ny,41.29,-73.68
gorham,ny,42.80,-77.13
goshen,ny,41.39,-74.33
gouverneur,ny,44.33,-75.47
gowanda,ny,42.47,-78.93
grafton,ny,42.77,-73.45
grahamsville,ny,41.88,-74.51
grand gorge,ny,42.39,-74.53
grand island,ny,43.02,-78.96
granite springs,ny,41.31,-73.75
granville,ny,43.38,-73.30
great bend,ny,44.03,-75.72
great neck,ny,40.77,-73.72
great river,ny,40.72,-73.16
great valley,ny,42.21,-78.62
greene,ny,42.34,-75.76
greenfield center,ny,43.12,-73.86
greenfield park,ny,41.73,-74.52
greenhurst,ny,42.12,-79.31
greenlawn,ny,40.86,-73.36
greenport,ny,41.10,-72.37
greenvale,ny,40.81,-73.63
greenville,ny,42.41,-74.02
greenwich,ny,43.10,-73.51
greenwood,ny,42.14,-77.64
greenwood lake,ny,41.21,-74.30
greig,ny,43.69,-75.31
groton,ny,42.59,-76.36
groveland,ny,42.68,-77.76
guilderland,ny,42.70,-73.90
guilderland center,ny,42.70,-73.97
guilford,ny,42.43,-75.48
hadley,ny,43.30,-73.95
hagaman,ny,42.96,-74.17
hague,ny,43.75,-73.53
hailesboro,ny,44.31,-75.45
haines falls,ny,42.20,-74.10
halcottsville,ny,42.21,-74.60
hall,ny,42.79,-77.07
hamburg,ny,42.73,-78.84
hamden,ny,42.18,-75.00
hamilton,ny,42.82,-75.54
hamlin,ny,43.31,-77.93
hammond,ny,44.45,-75.67
hammondsport,ny,42.43,-77.20
hampton,ny,43.46,-73.27
hampton bays,ny,40.87,-72.52
hancock,ny,41.96,-75.27
hankins,ny,41.83,-75.10
hannacroix,ny,42.43,-73.87
hannawa falls,ny,44.61,-74.97
hannibal,ny,43.31,-76.55
harford,ny,42.43,-76.23
harpersfield,ny,42.45,-74.69
harpursville,ny,42.18,-75.65
harriman,ny,41.30,-74.16
harris,ny,41.71,-74.72
harrison,ny,40.97,-73.72
harrisville,ny,44.16,-75.33
hartford,ny,43.35,-73.40
hartsdale,ny,41.02,-73.81
hartwick,ny,42.70,-75.06
hastings,ny,43.35,-76.15
hastings on hudson,ny,40.99,-73.88
hauppauge,ny,40.82,-73.20
haverstraw,ny,41.20,-73.97
hawthorne,ny,41.10,-73.80
hector,ny,42.50,-76.88
helena,ny,44.92,-74.73
hemlock,ny,42.78,-77.58
hempstead,ny,40.71,-73.60
henderson,ny,43.85,-76.24
henderson harbor,ny,43.86,-76.20
henrietta,ny,43.05,-77.61
hensonville,ny,42.26,-74.21
herkimer,ny,43.03,-74.99
hermon,ny,44.44,-75.20
heuvelton,ny,44.59,-75.42
hewlett,ny,40.64,-73.70
hicksville,ny,40.76,-73.52
high falls,ny,41.82,-74.13
highland,ny,41.72,-73.99
highland falls,ny,41.36,-73.97
highland lake,ny,41.53,-74.85
highland mills,ny,41.35,-74.12
highmount,ny,42.14,-74.49
hillburn,ny,41.12,-74.17
hillsdale,ny,42.19,-73.55
hilton,ny,43.29,-77.79
himrod,ny,42.59,-76.95
hinckley,ny,43.31,-75.12
hinsdale,ny,42.18,-78.40
hobart,ny,42.36,-74.68
hoffmeister,ny,43.39,-74.74
hogansburg,ny,44.98,-74.66
holbrook,ny,40.80,-73.07
holland,ny,42.64,-78.54
holland patent,ny,43.25,-75.25
holley,ny,43.23,-78.04
hollis,ny,40.71,-73.77
hollowville,ny,42.21,-73.69
holmes,ny,41.53,-73.66
holtsville,ny,40.82,-73.05
homer,ny,42.67,-76.19
honeoye,ny,42.77,-77.51
honeoye falls,ny,42.97,-77.58
hoosick,ny,42.86,-73.33
hoosick falls,ny,42.89,-73.36
hopewell junction,ny,41.58,-73.80
hornell,ny,42.33,-77.66
horseheads,ny,42.18,-76.83
hortonville,ny,41.79,-75.03
houghton,ny,42.41,-78.11
howard beach,ny,40.66,-73.85
howells,ny,41.48,-74.47
howes cave,ny,42.70,-74.36
hubbardsville,ny,42.82,-75.44
hudson,ny,42.25,-73.76
hudson falls,ny,43.31,-73.57
hughsonville,ny,41.58,-73.93
huguenot,ny,41.44,-74.64
huletts landing,ny,43.64,-73.51
hume,ny,42.47,-78.14
hunt,ny,42.54,-77.98
hunter,ny,42.24,-74.20
huntington,ny,40.87,-73.41
huntington station,ny,40.82,-73.38
hurley,ny,41.93,-74.07
hurleyville,ny,41.76,-74.65
hyde park,ny,41.79,-73.91
ilion,ny,43.01,-75.05
indian lake,ny,43.76,-74.28
inlet,ny,43.75,-74.78
interlaken,ny,42.62,-76.73
inwood,ny,40.62,-73.75
ionia,ny,42.94,-77.50
irving,ny,42.57,-79.06
irvington,ny,41.04,-73.86
island park,ny,40.60,-73.66
islandia,ny,40.79,-73.20
islip,ny,40.73,-73.22
islip terrace,ny,40.75,-73.18
ithaca,ny,42.45,-76.49
jackson heights,ny,40.75,-73.88
jacksonville,ny,42.51,-76.62
jamaica,ny,40.69,-73.81
jamesport,ny,40.95,-72.58
jamestown,ny,42.09,-79.24
jamesville,ny,42.98,-76.08
jasper,ny,42.13,-77.50
java center,ny,42.66,-78.39
java village,ny,42.68,-78.44
jay,ny,44.37,-73.72
jefferson,ny,42.50,-74.61
jefferson valley,ny,41.34,-73.79
jeffersonville,ny,41.78,-74.92
jericho,ny,40.79,-73.53
jewett,ny,42.27,-74.28
johnsburg,ny,43.63,-74.02
johnson,ny,41.37,-74.51
johnson city,ny,42.13,-75.97
johnsonville,ny,42.88,-73.50
johnstown,ny,43.01,-74.37
jordan,ny,43.07,-76.46
jordanville,ny,42.89,-74.82
kanona,ny,42.37,-77.37
katonah,ny,41.27,-73.68
kattskill bay,ny,43.52,-73.63
kauneonga lake,ny,41.69,-74.83
keene,ny,44.26,-73.79
keene valley,ny,44.18,-73.80
keeseville,ny,44.52,-73.51
kendall,ny,43.33,-78.03
kennedy,ny,42.15,-79.10
kenoza lake,ny,41.78,-74.94
kent,ny,43.33,-78.14
kerhonkson,ny,41.79,-74.30
keuka park,ny,42.60,-77.11
kew gardens,ny,40.71,-73.83
kiamesha lake,ny,41.68,-74.67
kill buck,ny,42.14,-78.64
killawog,ny,42.40,-76.02
kinderhook,ny,42.38,-73.72
king ferry,ny,42.66,-76.62
kings park,ny,40.89,-73.24
kingston,ny,41.93,-74.02
kirkville,ny,43.10,-75.96
kirkwood,ny,42.07,-75.80
knowlesville,ny,43.24,-78.31
knox,ny,42.67,-74.12
knoxboro,ny,42.99,-75.52
la fargeville,ny,44.20,-75.96
la fayette,ny,42.89,-76.11
lacona,ny,43.64,-76.05
lagrangeville,ny,41.66,-73.74
lake clear,ny,44.36,-74.24
lake george,ny,43.42,-73.70
lake grove,ny,40.86,-73.12
lake hill,ny,42.07,-74.21
lake huntington,ny,41.68,-74.99
lake katrine,ny,41.99,-73.99
lake luzerne,ny,43.32,-73.82
lake peekskill,ny,41.34,-73.88
lake placid,ny,44.27,-73.99
lake pleasant,ny,43.47,-74.42
lake view,ny,42.72,-78.93
lakemont,ny,42.52,-76.93
lakeville,ny,42.83,-77.71
lakewood,ny,42.10,-79.33
lancaster,ny,42.90,-78.66
lanesville,ny,42.19,-74.20
lansing,ny,42.56,-76.54
larchmont,ny,40.94,-73.76
latham,ny,42.75,-73.76
laurel,ny,40.97,-72.55
laurens,ny,42.54,-75.13
lawrence,ny,40.61,-73.73
lawrenceville,ny,44.76,-74.66
lawtons,ny,42.54,-78.92
le roy,ny,42.98,-77.99
lee center,ny,43.31,-75.51
leeds,ny,42.30,-73.95
leicester,ny,42.77,-77.90
leon,ny,42.29,-79.02
leonardsville,ny,42.81,-75.25
levittown,ny,40.73,-73.52
lewis,ny,44.31,-73.55
lewiston,ny,43.17,-79.02
lexington,ny,42.24,-74.37
liberty,ny,41.80,-74.75
lily dale,ny,42.35,-79.32
lima,ny,42.90,-77.61
limerick,ny,44.03,-76.04
limestone,ny,42.06,-78.63
lincolndale,ny,41.32,-73.72
lindenhurst,ny,40.69,-73.37
lindley,ny,42.04,-77.15
linwood,ny,42.88,-77.91
lisbon,ny,44.72,-75.27
lisle,ny,42.34,-76.03
little falls,ny,43.05,-74.86
little genesee,ny,42.02,-78.24
little neck,ny,40.76,-73.73
little valley,ny,42.25,-78.81
little york,ny,42.70,-76.16
liverpool,ny,43.11,-76.19
livingston,ny,42.14,-73.78
livingston manor,ny,41.88,-74.83
livonia,ny,42.81,-77.66
livonia center,ny,42.82,-77.64
loch sheldrake,ny,41.78,-74.66
locke,ny,42.66,-76.42
lockport,ny,43.16,-78.69
lockwood,ny,42.11,-76.54
locust valley,ny,40.88,-73.59
lodi,ny,42.60,-76.83
long beach,ny,40.59,-73.66
long eddy,ny,41.86,-75.09
long island city,ny,40.75,-73.94
long lake,ny,43.95,-74.47
lorraine,ny,43.76,-75.91
lowman,ny,42.07,-76.69
lowville,ny,43.80,-75.48
lycoming,ny,43.50,-76.39
lynbrook,ny,40.66,-73.67
lyndonville,ny,43.32,-78.38
lyon mountain,ny,44.73,-73.92
lyons,ny,43.08,-76.99
lyons falls,ny,43.63,-75.36
macedon,ny,43.08,-77.34
machias,ny,42.41,-78.51
madison,ny,42.90,-75.51
madrid,ny,44.77,-75.14
mahopac,ny,41.37,-73.75
mahopac falls,ny,41.37,-73.76
maine,ny,42.20,-76.06
malden bridge,ny,42.46,-73.59
malden on hudson,ny,42.10,-73.93
mallory,ny,43.34,-76.09
malone,ny,44.85,-74.29
malverne,ny,40.67,-73.67
mamaroneck,ny,40.95,-73.74
manchester,ny,42.97,-77.23
manhasset,ny,40.80,-73.69
manlius,ny,42.99,-75.97
mannsville,ny,43.72,-76.08
manorville,ny,40.84,-72.80
maple springs,ny,42.20,-79.42
maple view,ny,43.46,-76.15
maplecrest,ny,42.30,-74.17
marathon,ny,42.45,-76.04
marcellus,ny,42.98,-76.33
marcy,ny,43.16,-75.28
margaretville,ny,42.16,-74.65
marietta,ny,42.90,-76.28
marilla,ny,42.83,-78.56
marion,ny,43.15,-77.19
marlboro,ny,41.61,-73.99
martinsburg,ny,43.74,-75.47
martville,ny,43.27,-76.63
maryknoll,ny,41.18,-73.83
maryland,ny,42.54,-74.90
masonville,ny,42.26,-75.22
maspeth,ny,40.72,-73.90
massapequa,ny,40.69,-73.47
massapequa park,ny,40.68,-73.44
massena,ny,44.93,-74.89
mastic,ny,40.81,-72.86
mastic beach,ny,40.77,-72.85
mattituck,ny,40.99,-72.54
maybrook,ny,41.49,-74.22
mayfield,ny,43.14,-74.24
mayville,ny,42.24,-79.50
mc connellsville,ny,43.29,-75.65
mc donough,ny,42.51,-75.76
mc graw,ny,42.59,-76.08
mc lean,ny,42.56,-76.28
mechanicville,ny,42.97,-73.67
mecklenburg,ny,42.46,-76.71
medford,ny,40.82,-72.99
medina,ny,43.22,-78.39
medusa,ny,42.45,-74.13
mellenville,ny,42.25,-73.67
melrose,ny,42.84,-73.61
melville,ny,40.79,-73.40
memphis,ny,43.09,-76.40
mendon,ny,43.00,-77.50
meridale,ny,42.38,-74.98
meridian,ny,43.17,-76.54
merrick,ny,40.67,-73.56
mexico,ny,43.46,-76.24
middle falls,ny,43.10,-73.53
middle granville,ny,43.45,-73.30
middle grove,ny,43.10,-74.02
middle island,ny,40.88,-72.95
middle village,ny,40.72,-73.88
middleburgh,ny,42.56,-74.33
middleport,ny,43.22,-78.48
middlesex,ny,42.70,-77.28
middletown,ny,41.46,-74.41
middleville,ny,43.14,-74.92
milford,ny,42.61,-74.97
mill neck,ny,40.89,-73.55
millbrook,ny,41.78,-73.69
miller place,ny,40.94,-72.99
millerton,ny,41.95,-73.53
millport,ny,42.26,-76.84
millwood,ny,41.20,-73.79
milton,ny,41.65,-73.98
mineola,ny,40.75,-73.64
minerva,ny,43.78,-73.98
minetto,ny,43.40,-76.48
mineville,ny,44.09,-73.52
minoa,ny,43.08,-76.01
model city,ny,43.19,-78.98
modena,ny,41.65,-74.10
mohawk,ny,42.99,-74.99
mohegan lake,ny,41.31,-73.85
moira,ny,44.85,-74.56
mongaup valley,ny,41.68,-74.80
monroe,ny,41.33,-74.19
monsey,ny,41.12,-74.07
montauk,ny,41.05,-71.94
montezuma,ny,43.01,-76.70
montgomery,ny,41.53,-74.25
monticello,ny,41.65,-74.70
montour falls,ny,42.34,-76.84
montrose,ny,41.25,-73.94
mooers,ny,44.96,-73.58
mooers forks,ny,44.96,-73.67
moravia,ny,42.74,-76.40
moriah,ny,44.04,-73.51
moriah center,ny,44.07,-73.51
moriches,ny,40.81,-72.82
morris,ny,42.55,-75.24
morrisonville,ny,44.69,-73.58
morristown,ny,44.59,-75.65
morrisville,ny,42.91,-75.65
morton,ny,43.33,-78.00
mottville,ny,42.97,-76.44
mt kisco,ny,41.20,-73.73
mt marion,ny,42.04,-74.00
mt morris,ny,42.71,-77.86
mt sinai,ny,40.93,-73.01
mt tremper,ny,42.04,-74.25
mt upton,ny,42.41,-75.40
mt vernon,ny,40.91,-73.84
mt vision,ny,42.61,-75.13
mountain dale,ny,41.69,-74.54
mountainville,ny,41.40,-74.08
mumford,ny,42.99,-77.86
munnsville,ny,42.99,-75.59
nanuet,ny,41.10,-74.01
napanoch,ny,41.76,-74.38
naples,ny,42.64,-77.39
narrowsburg,ny,41.59,-75.01
nassau,ny,42.53,-73.61
natural bridge,ny,44.06,-75.50
nedrow,ny,42.96,-76.15
nelliston,ny,42.93,-74.61
nesconset,ny,40.85,-73.15
neversink,ny,41.85,-74.61
new baltimore,ny,42.45,-73.79
new berlin,ny,42.62,-75.35
new city,ny,41.15,-74.00
new hampton,ny,41.36,-74.44
new hartford,ny,43.07,-75.29
new haven,ny,43.48,-76.32
new hyde park,ny,40.74,-73.68
new kingston,ny,42.21,-74.68
new lebanon,ny,42.48,-73.38
new lisbon,ny,42.58,-75.33
new milford,ny,41.23,-74.41
new paltz,ny,41.74,-74.08
new rochelle,ny,40.92,-73.79
new russia,ny,44.16,-73.61
new suffolk,ny,40.99,-72.48
new windsor,ny,41.47,-74.06
new woodstock,ny,42.84,-75.86
new york,ny,40.75,-74.00
new york mills,ny,43.10,-75.29
newark,ny,43.05,-77.09
newark valley,ny,42.23,-76.16
newburgh,ny,41.52,-74.04
newcomb,ny,43.95,-74.13
newfane,ny,43.27,-78.71
newfield,ny,42.36,-76.59
newport,ny,43.18,-74.99
newton falls,ny,44.20,-74.98
newtonville,ny,42.72,-73.76
niagara falls,ny,43.10,-79.04
niagara university,ny,43.14,-79.04
nichols,ny,42.03,-76.36
nicholville,ny,44.71,-74.65
nineveh,ny,42.16,-75.55
niobe,ny,42.01,-79.45
niverville,ny,42.93,-73.49
norfolk,ny,44.84,-74.96
north babylon,ny,40.73,-73.32
north bangor,ny,44.83,-74.41
north bay,ny,43.23,-75.75
north blenheim,ny,42.49,-74.43
north boston,ny,42.69,-78.78
north branch,ny,41.81,-74.98
north brookfield,ny,42.85,-75.38
north chatham,ny,42.47,-73.63
north chili,ny,43.12,-77.80
north collins,ny,42.59,-78.91
north creek,ny,43.71,-73.89
north evans,ny,42.70,-78.94
north granville,ny,43.51,-73.33
north greece,ny,43.25,-77.73
north hoosick,ny,42.93,-73.34
north hudson,ny,43.99,-73.71
north java,ny,42.68,-78.34
north lawrence,ny,44.77,-74.67
north norwich,ny,42.62,-75.53
north pitcher,ny,42.64,-75.82
north river,ny,43.74,-74.05
north rose,ny,43.20,-76.92
north salem,ny,41.34,-73.59
north tonawanda,ny,43.05,-78.85
northport,ny,40.91,-73.33
northville,ny,43.24,-74.17
norwich,ny,42.54,-75.53
norwood,ny,44.75,-75.00
nunda,ny,42.59,-77.92
nyack,ny,41.09,-73.93
oak hill,ny,42.41,-74.15
oakdale,ny,40.74,-73.13
oakfield,ny,43.07,-78.27
oakland gardens,ny,40.75,-73.76
oaks corners,ny,42.93,-77.01
obernburg,ny,41.84,-75.01
ocean beach,ny,40.65,-73.16
oceanside,ny,40.64,-73.64
odessa,ny,42.36,-76.77
ogdensburg,ny,44.69,-75.48
olcott,ny,43.34,-78.72
old bethpage,ny,40.76,-73.46
old chatham,ny,42.44,-73.55
old forge,ny,43.74,-74.89
old westbury,ny,40.79,-73.59
olean,ny,42.08,-78.42
olivebridge,ny,41.90,-74.25
olmstedville,ny,43.78,-73.93
oneida,ny,43.09,-75.65
oneonta,ny,42.46,-75.05
ontario,ny,43.23,-77.31
ontario center,ny,43.23,-77.31
orangeburg,ny,41.04,-73.96
orchard park,ny,42.76,-78.75
orient,ny,41.14,-72.29
oriskany,ny,43.15,-75.34
oriskany falls,ny,42.96,-75.48
orwell,ny,43.57,-76.00
ossining,ny,41.17,-73.85
oswegatchie,ny,44.19,-75.07
oswego,ny,43.44,-76.50
otego,ny,42.41,-75.21
otisville,ny,41.48,-74.53
otto,ny,42.36,-78.83
ouaquaga,ny,42.12,-75.65
ovid,ny,42.68,-76.82
owego,ny,42.11,-76.25
owls head,ny,44.73,-74.13
oxbow,ny,44.29,-75.62
oxford,ny,42.44,-75.61
oyster bay,ny,40.87,-73.53
ozone park,ny,40.68,-73.85
painted post,ny,42.17,-77.12
palatine bridge,ny,42.92,-74.57
palenville,ny,42.17,-74.02
palisades,ny,41.01,-73.92
palmyra,ny,43.06,-77.22
panama,ny,42.06,-79.48
paradox,ny,43.89,-73.64
parish,ny,43.42,-76.10
parishville,ny,44.59,-74.79
parksville,ny,41.85,-74.74
patchogue,ny,40.77,-73.00
patterson,ny,41.49,-73.58
pattersonville,ny,42.85,-74.12
paul smiths,ny,44.44,-74.27
pavilion,ny,42.88,-78.01
pawling,ny,41.57,-73.59
pearl river,ny,41.06,-74.02
peconic,ny,41.05,-72.46
peekskill,ny,41.29,-73.90
pelham,ny,40.90,-73.81
penfield,ny,43.14,-77.46
penn yan,ny,42.66,-77.06
pennellville,ny,43.26,-76.24
perkinsville,ny,42.54,-77.63
perry,ny,42.72,-78.01
perrysburg,ny,42.47,-79.00
peru,ny,44.59,-73.53
peterboro,ny,42.97,-75.69
petersburg,ny,42.74,-73.37
phelps,ny,42.96,-77.05
philadelphia,ny,44.16,-75.71
phillipsport,ny,41.64,-74.45
philmont,ny,42.25,-73.65
phoenicia,ny,42.05,-74.34
phoenix,ny,43.25,-76.31
piercefield,ny,44.23,-74.57
piermont,ny,41.04,-73.92
pierrepont manor,ny,43.73,-76.06
piffard,ny,42.84,-77.88
pike,ny,42.56,-78.15
pine bush,ny,41.62,-74.33
pine city,ny,42.04,-76.88
pine hill,ny,42.13,-74.49
pine island,ny,41.32,-74.38
pine plains,ny,41.99,-73.66
pine valley,ny,42.23,-76.87
piseco,ny,43.45,-74.53
pitcher,ny,42.60,-75.85
pittsford,ny,43.07,-77.51
plainview,ny,40.78,-73.48
plainville,ny,43.16,-76.45
plattekill,ny,41.62,-74.08
plattsburgh,ny,44.69,-73.47
pleasant valley,ny,41.75,-73.81
pleasantville,ny,41.13,-73.78
plessis,ny,44.28,-75.85
plymouth,ny,42.63,-75.62
poestenkill,ny,42.68,-73.59
point lookout,ny,40.59,-73.58
poland,ny,43.21,-75.07
pomona,ny,41.19,-74.04
pompey,ny,42.90,-76.02
pond eddy,ny,41.45,-74.84
poplar ridge,ny,42.74,-76.62
port byron,ny,43.04,-76.64
port chester,ny,41.01,-73.67
port crane,ny,42.20,-75.79
port ewen,ny,41.91,-73.99
port gibson,ny,43.03,-77.16
port henry,ny,44.05,-73.47
port jefferson,ny,40.95,-73.06
port jefferson station,ny,40.91,-73.05
port jervis,ny,41.38,-74.67
port kent,ny,44.53,-73.41
port leyden,ny,43.58,-75.33
port washington,ny,40.83,-73.70
portageville,ny,42.56,-78.09
porter corners,ny,43.17,-73.88
portland,ny,42.39,-79.46
portlandville,ny,42.51,-74.98
portville,ny,42.03,-78.33
potsdam,ny,44.66,-74.97
pottersville,ny,43.69,-73.76
poughkeepsie,ny,41.70,-73.92
poughquag,ny,41.62,-73.68
pound ridge,ny,41.20,-73.57
prattsburgh,ny,42.53,-77.28
prattsville,ny,42.30,-74.39
preble,ny,42.80,-76.21
preston hollow,ny,42.46,-74.24
prospect,ny,43.30,-75.15
pulaski,ny,43.56,-76.13
pulteney,ny,42.52,-77.17
pultneyville,ny,43.28,-77.19
purchase,ny,41.04,-73.72
purdys,ny,41.32,-73.65
purling,ny,42.28,-74.01
putnam station,ny,43.76,-73.41
putnam valley,ny,41.37,-73.85
pyrites,ny,44.51,-75.19
quaker street,ny,42.73,-74.19
queens village,ny,40.73,-73.75
queensbury,ny,43.33,-73.68
quogue,ny,40.82,-72.61
rainbow lake,ny,44.47,-74.17
randolph,ny,42.16,-78.96
ransomville,ny,43.23,-78.90
raquette lake,ny,43.87,-74.54
ravena,ny,42.48,-73.82
ray brook,ny,44.30,-74.09
raymondville,ny,44.84,-74.98
reading center,ny,42.43,-76.93
red creek,ny,43.23,-76.71
red hook,ny,42.01,-73.85
redfield,ny,43.57,-75.82
redford,ny,44.61,-73.80
redwood,ny,44.32,-75.81
rego park,ny,40.73,-73.86
remsen,ny,43.34,-75.16
remsenburg,ny,40.81,-72.71
rensselaer,ny,42.64,-73.72
rensselaer falls,ny,44.59,-75.32
rensselaerville,ny,42.51,-74.15
retsof,ny,42.84,-77.88
rexford,ny,42.85,-73.87
rexville,ny,42.07,-77.68
rhinebeck,ny,41.93,-73.89
rhinecliff,ny,41.92,-73.95
richburg,ny,42.09,-78.15
richfield springs,ny,42.85,-74.99
richford,ny,42.39,-76.19
richland,ny,43.58,-76.00
richmond hill,ny,40.70,-73.83
richmondville,ny,42.64,-74.57
richville,ny,44.40,-75.40
ridge,ny,40.90,-72.89
ridgewood,ny,40.70,-73.90
rifton,ny,41.84,-74.04
riparius,ny,43.66,-73.90
ripley,ny,42.25,-79.71
riverhead,ny,40.93,-72.65
rochester,ny,43.17,-77.60
rock city falls,ny,43.07,-73.92
rock hill,ny,41.61,-74.59
rock stream,ny,42.45,-76.94
rock tavern,ny,41.46,-74.17
rockaway park,ny,40.58,-73.84
rockville centre,ny,40.66,-73.64
rocky point,ny,40.95,-72.94
rodman,ny,43.86,-75.87
rome,ny,43.22,-75.45
romulus,ny,42.76,-76.85
ronkonkoma,ny,40.82,-73.12
roosevelt,ny,40.68,-73.59
rooseveltown,ny,44.97,-74.73
roscoe,ny,41.95,-74.92
rose,ny,43.15,-76.88
roseboom,ny,42.79,-74.74
rosedale,ny,40.66,-73.74
rosendale,ny,41.84,-74.07
roslyn,ny,40.79,-73.65
roslyn heights,ny,40.78,-73.64
rotterdam junction,ny,42.87,-74.05
round lake,ny,42.93,-73.77
round top,ny,42.27,-74.05
rouses point,ny,44.99,-73.37
roxbury,ny,42.31,-74.54
ruby,ny,42.02,-74.02
rush,ny,43.00,-77.67
rushford,ny,42.42,-78.19
rushville,ny,42.76,-77.24
russell,ny,44.38,-75.11
rye,ny,40.97,-73.69
sabael,ny,43.73,-74.31
sackets harbor,ny,43.94,-76.11
sag harbor,ny,40.98,-72.31
sagaponack,ny,40.93,-72.28
st albans,ny,40.70,-73.76
st bonaventure,ny,42.09,-78.48
st james,ny,40.88,-73.16
st johnsville,ny,43.02,-74.65
st regis falls,ny,44.68,-74.66
salamanca,ny,42.16,-78.73
salem,ny,43.18,-73.33
salisbury center,ny,43.16,-74.78
salisbury mills,ny,41.45,-74.12
salt point,ny,41.81,-73.80
sanborn,ny,43.14,-78.88
sand lake,ny,42.64,-73.50
sandusky,ny,42.50,-78.38
sandy creek,ny,43.65,-76.13
sangerfield,ny,42.91,-75.38
saranac,ny,44.70,-73.75
saranac lake,ny,44.32,-74.13
saratoga springs,ny,43.08,-73.78
sardinia,ny,42.53,-78.51
saugerties,ny,42.07,-73.98
sauquoit,ny,43.01,-75.26
savannah,ny,43.09,-76.76
savona,ny,42.30,-77.21
sayville,ny,40.75,-73.08
scarsdale,ny,40.99,-73.80
schaghticoke,ny,42.91,-73.62
schenectady,ny,42.82,-73.94
schenevus,ny,42.59,-74.81
schodack landing,ny,42.48,-73.75
schoharie,ny,42.66,-74.30
schroon lake,ny,43.84,-73.77
schuyler falls,ny,44.59,-73.69
schuyler lake,ny,42.78,-75.03
schuylerville,ny,43.09,-73.60
scio,ny,42.17,-77.99
scipio center,ny,42.78,-76.57
scottsburg,ny,42.66,-77.68
scottsville,ny,43.02,-77.77
sea cliff,ny,40.85,-73.64
seaford,ny,40.68,-73.49
selden,ny,40.87,-73.04
selkirk,ny,42.55,-73.81
seneca castle,ny,42.89,-77.10
seneca falls,ny,42.91,-76.79
severance,ny,43.88,-73.73
shandaken,ny,42.11,-74.41
sharon springs,ny,42.76,-74.59
shelter island,ny,41.06,-72.34
shelter island heights,ny,41.07,-72.35
shenorock,ny,41.33,-73.74
sherburne,ny,42.69,-75.48
sheridan,ny,42.49,-79.24
sherman,ny,42.16,-79.59
sherrill,ny,43.07,-75.60
shinhopple,ny,42.04,-75.07
shirley,ny,40.74,-72.88
shokan,ny,41.98,-74.21
shoreham,ny,40.95,-72.89
shortsville,ny,42.97,-77.23
shrub oak,ny,41.33,-73.83
shushan,ny,43.11,-73.32
sidney,ny,42.31,-75.39
sidney center,ny,42.24,-75.29
silver bay,ny,43.70,-73.51
silver creek,ny,42.54,-79.16
silver lake,ny,42.70,-78.02
silver springs,ny,42.67,-78.09
sinclairville,ny,42.25,-79.27
skaneateles,ny,42.93,-76.41
skaneateles falls,ny,42.99,-76.46
slate hill,ny,41.38,-74.48
slaterville springs,ny,42.40,-76.32
slingerlands,ny,42.65,-73.87
sloansville,ny,42.76,-74.36
sloatsburg,ny,41.16,-74.19
smallwood,ny,41.67,-74.82
smithboro,ny,42.03,-76.40
smithtown,ny,40.85,-73.21
smithville flats,ny,42.40,-75.82
smyrna,ny,42.69,-75.61
sodus,ny,43.22,-77.05
sodus point,ny,43.27,-76.99
solsville,ny,42.91,-75.52
somers,ny,41.33,-73.70
sonyea,ny,42.68,-77.83
sound beach,ny,40.96,-72.97
south bethlehem,ny,42.53,-73.85
south butler,ny,43.13,-76.77
south byron,ny,43.05,-78.07
south cairo,ny,42.27,-73.96
south colton,ny,44.50,-74.86
south dayton,ny,42.37,-79.05
south fallsburg,ny,41.70,-74.64
south glens falls,ny,43.28,-73.64
south jamesport,ny,40.94,-72.58
south kortright,ny,42.38,-74.73
south lima,ny,42.86,-77.68
south new berlin,ny,42.53,-75.35
south otselic,ny,42.66,-75.77
south ozone park,ny,40.68,-73.82
south plymouth,ny,42.61,-75.63
south richmond hill,ny,40.69,-73.82
south salem,ny,41.26,-73.54
south wales,ny,42.71,-78.55
southampton,ny,40.90,-72.41
southfields,ny,41.25,-74.18
southold,ny,41.06,-72.43
sparkill,ny,41.03,-73.92
sparrow bush,ny,41.44,-74.72
speculator,ny,43.50,-74.37
spencer,ny,42.25,-76.49
spencerport,ny,43.19,-77.80
spencertown,ny,42.31,-73.50
speonk,ny,40.82,-72.71
sprakers,ny,42.85,-74.45
spring brook,ny,42.82,-78.68
spring glen,ny,41.67,-74.43
spring valley,ny,41.12,-74.05
springfield center,ny,42.85,-74.94
springfield gardens,ny,40.67,-73.75
springville,ny,42.52,-78.68
springwater,ny,42.68,-77.58
staatsburg,ny,41.85,-73.90
stafford,ny,42.98,-78.09
stamford,ny,42.42,-74.61
stanfordville,ny,41.89,-73.69
stanley,ny,42.83,-77.12
star lake,ny,44.16,-75.03
staten island,ny,40.63,-74.09
steamburg,ny,42.11,-78.90
stella niagara,ny,43.20,-79.04
stephentown,ny,42.52,-73.42
sterling,ny,43.33,-76.67
sterling forest,ny,41.18,-74.32
stillwater,ny,42.91,-73.70
stittville,ny,43.22,-75.29
stockton,ny,42.32,-79.38
stone ridge,ny,41.86,-74.17
stony brook,ny,40.90,-73.13
stony creek,ny,43.42,-73.95
stony point,ny,41.23,-74.00
stormville,ny,41.55,-73.73
stottville,ny,42.29,-73.74
stow,ny,42.16,-79.40
stratford,ny,43.18,-74.68
strykersville,ny,42.72,-78.43
stuyvesant,ny,42.36,-73.76
stuyvesant falls,ny,42.36,-73.73
suffern,ny,41.12,-74.12
sugar loaf,ny,41.32,-74.29
summit,ny,42.59,-74.57
summitville,ny,41.62,-74.45
sunnyside,ny,40.74,-73.92
surprise,ny,42.36,-73.95
swain,ny,42.48,-77.89
swan lake,ny,41.73,-74.83
sylvan beach,ny,43.20,-75.73
syosset,ny,40.83,-73.50
syracuse,ny,43.05,-76.15
taberg,ny,43.34,-75.60
tallman,ny,41.11,-74.10
tannersville,ny,42.20,-74.10
tappan,ny,41.03,-73.95
tarrytown,ny,41.08,-73.86
thendara,ny,43.70,-75.00
theresa,ny,44.21,-75.80
thiells,ny,41.21,-74.02
thompson ridge,ny,41.58,-74.38
thompsonville,ny,41.67,-74.63
thornwood,ny,41.12,-73.77
thousand island park,ny,44.29,-76.03
three mile bay,ny,44.06,-76.27
ticonderoga,ny,43.85,-73.44
tillson,ny,41.82,-74.07
tioga center,ny,42.06,-76.35
tivoli,ny,42.06,-73.90
tomkins cove,ny,41.26,-73.99
tonawanda,ny,43.00,-78.85
treadwell,ny,42.36,-75.06
tribes hill,ny,42.96,-74.29
troupsburg,ny,42.05,-77.55
trout creek,ny,42.20,-75.28
troy,ny,42.74,-73.69
trumansburg,ny,42.52,-76.67
truxton,ny,42.71,-76.02
tuckahoe,ny,40.96,-73.82
tully,ny,42.81,-76.14
tunnel,ny,42.22,-75.73
tupper lake,ny,44.23,-74.46
turin,ny,43.64,-75.41
tuxedo park,ny,41.19,-74.22
tyrone,ny,42.41,-77.06
ulster park,ny,41.87,-73.99
unadilla,ny,42.33,-75.34
union hill,ny,43.22,-77.37
union springs,ny,42.83,-76.67
uniondale,ny,40.70,-73.59
unionville,ny,41.30,-74.56
upper jay,ny,44.33,-73.81
upton,ny,40.87,-72.89
utica,ny,43.09,-75.23
vails gate,ny,41.45,-74.06
valatie,ny,42.43,-73.67
valhalla,ny,41.09,-73.78
valley cottage,ny,41.12,-73.94
valley falls,ny,42.89,-73.54
valley stream,ny,40.67,-73.71
van buren point,ny,42.48,-79.33
van etten,ny,42.21,-76.57
van hornesville,ny,42.89,-74.83
varysburg,ny,42.75,-78.32
verbank,ny,41.72,-73.72
vermontville,ny,44.46,-74.06
vernon,ny,43.09,-75.56
vernon center,ny,43.04,-75.52
verona,ny,43.15,-75.57
verona beach,ny,43.19,-75.73
verplanck,ny,41.25,-73.96
versailles,ny,42.52,-79.00
vestal,ny,42.08,-76.01
victor,ny,42.99,-77.42
victory mills,ny,43.09,-73.59
voorheesville,ny,42.64,-73.94
waccabuc,ny,41.30,-73.60
waddington,ny,44.86,-75.20
wading river,ny,40.95,-72.83
wainscott,ny,40.94,-72.24
walden,ny,41.56,-74.18
wales center,ny,42.77,-78.53
walker valley,ny,41.63,-74.37
wallkill,ny,41.62,-74.14
walton,ny,42.18,-75.15
walworth,ny,43.14,-77.29
wampsville,ny,43.08,-75.71
wanakena,ny,44.22,-75.09
wantagh,ny,40.68,-73.51
wappingers falls,ny,41.59,-73.89
warners,ny,43.09,-76.29
warnerville,ny,42.64,-74.49
warrensburg,ny,43.50,-73.79
warsaw,ny,42.74,-78.14
warwick,ny,41.27,-74.36
washington mills,ny,43.05,-75.27
washingtonville,ny,41.42,-74.16
wassaic,ny,41.78,-73.55
water mill,ny,40.92,-72.35
waterford,ny,42.81,-73.70
waterloo,ny,42.90,-76.88
waterport,ny,43.33,-78.24
watertown,ny,43.97,-75.91
waterville,ny,42.93,-75.38
watervliet,ny,42.73,-73.71
watkins glen,ny,42.38,-76.90
waverly,ny,42.02,-76.53
wawarsing,ny,41.76,-74.36
wayland,ny,42.56,-77.59
wayne,ny,42.47,-77.11
webster,ny,43.22,-77.46
weedsport,ny,43.05,-76.54
wellesley island,ny,44.29,-76.01
wells,ny,43.40,-74.29
wells bridge,ny,42.36,-75.26
wellsburg,ny,42.03,-76.77
wellsville,ny,42.11,-77.94
west babylon,ny,40.71,-73.35
west bloomfield,ny,42.91,-77.54
west burlington,ny,42.71,-75.19
west camp,ny,42.12,-73.94
west chazy,ny,44.80,-73.51
west clarksville,ny,42.13,-78.24
west copake,ny,42.10,-73.58
west coxsackie,ny,42.42,-73.82
west davenport,ny,42.45,-74.96
west eaton,ny,42.85,-75.66
west edmeston,ny,42.79,-75.30
west falls,ny,42.71,-78.68
west fulton,ny,42.55,-74.46
west harrison,ny,41.04,-73.75
west haverstraw,ny,41.21,-73.98
west hempstead,ny,40.69,-73.65
west henrietta,ny,43.04,-77.69
west hurley,ny,41.99,-74.12
west islip,ny,40.71,-73.30
west kill,ny,42.20,-74.36
west lebanon,ny,42.49,-73.47
west leyden,ny,43.46,-75.51
west monroe,ny,43.29,-76.08
west nyack,ny,41.10,-73.98
west oneonta,ny,42.45,-75.10
west park,ny,41.79,-73.96
west point,ny,41.39,-73.97
west sand lake,ny,42.64,-73.61
west sayville,ny,40.73,-73.10
west shokan,ny,41.96,-74.29
west stockholm,ny,44.73,-74.89
west valley,ny,42.43,-78.63
west winfield,ny,42.88,-75.18
westbrookville,ny,41.38,-74.69
westbury,ny,40.76,-73.57
westdale,ny,43.41,-75.82
westerlo,ny,42.52,-74.04
westernville,ny,43.33,-75.32
westfield,ny,42.32,-79.57
westford,ny,42.50,-75.10
westhampton,ny,40.82,-72.67
westhampton beach,ny,40.82,-72.64
westmoreland,ny,43.10,-75.45
westons mills,ny,42.06,-78.38
westport,ny,44.20,-73.47
westtown,ny,41.32,-74.55
wevertown,ny,43.64,-73.93
whippleville,ny,44.81,-74.26
white lake,ny,41.65,-74.87
white plains,ny,41.03,-73.77
white sulphur springs,ny,41.79,-74.83
whitehall,ny,43.55,-73.39
whitesboro,ny,43.12,-75.31
whitestone,ny,40.79,-73.81
whitesville,ny,42.05,-77.81
whitney point,ny,42.34,-75.95
willard,ny,42.68,-76.87
willet,ny,42.45,-75.90
williamson,ny,43.24,-77.17
williamstown,ny,43.41,-75.90
williston park,ny,40.76,-73.64
willow,ny,42.09,-74.20
willsboro,ny,44.36,-73.40
willseyville,ny,42.30,-76.39
wilmington,ny,44.39,-73.82
wilson,ny,43.30,-78.82
windham,ny,42.32,-74.26
windsor,ny,42.07,-75.67
wingdale,ny,41.65,-73.56
winthrop,ny,44.76,-74.81
witherbee,ny,44.09,-73.53
wolcott,ny,43.23,-76.82
woodbourne,ny,41.77,-74.59
woodbury,ny,40.82,-73.47
woodgate,ny,43.55,-75.12
woodhaven,ny,40.69,-73.86
woodhull,ny,42.07,-77.42
woodmere,ny,40.63,-73.71
woodridge,ny,41.72,-74.58
woodside,ny,40.74,-73.91
woodstock,ny,42.03,-74.11
worcester,ny,42.60,-74.73
wurtsboro,ny,41.59,-74.50
wyandanch,ny,40.75,-73.37
wynantskill,ny,42.69,-73.64
wyoming,ny,42.83,-78.08
yaphank,ny,40.84,-72.92
yonkers,ny,40.94,-73.89
york,ny,42.87,-77.89
yorkshire,ny,42.53,-78.47
yorktown heights,ny,41.30,-73.79
yorkville,ny,43.11,-75.28
youngstown,ny,43.25,-79.02
youngsville,ny,41.80,-74.89
yulan,ny,41.54,-74.93
aberdeen,oh,38.67,-83.76
ada,oh,40.77,-83.82
adamsville,oh,40.08,-81.87
addyston,oh,39.14,-84.71
adelphi,oh,39.47,-82.75
adena,oh,40.21,-80.88
akron,oh,41.04,-81.52
albany,oh,39.21,-82.22
alexandria,oh,40.11,-82.61
alger,oh,40.71,-83.83
alledonia,oh,39.91,-80.96
alliance,oh,40.92,-81.12
alpha,oh,39.71,-84.02
alvada,oh,41.05,-83.38
alvordton,oh,41.66,-84.44
amanda,oh,39.63,-82.76
amelia,oh,39.02,-84.21
amesville,oh,39.41,-81.96
amherst,oh,41.39,-82.23
amlin,oh,40.07,-83.18
amsterdam,oh,40.47,-80.96
andover,oh,41.62,-80.58
anna,oh,40.41,-84.21
ansonia,oh,40.22,-84.64
antwerp,oh,41.19,-84.74
apple creek,oh,40.76,-81.81
arcadia,oh,41.11,-83.50
arcanum,oh,39.99,-84.54
archbold,oh,41.53,-84.30
arlington,oh,40.88,-83.67
ashland,oh,40.86,-82.32
ashley,oh,40.42,-82.95
ashtabula,oh,41.87,-80.79
ashville,oh,39.73,-82.94
athens,oh,39.32,-82.10
attica,oh,41.08,-82.89
atwater,oh,41.03,-81.20
augusta,oh,40.69,-81.02
aurora,oh,41.32,-81.36
austinburg,oh,41.76,-80.86
ava,oh,39.83,-81.58
avon,oh,41.45,-82.02
avon lake,oh,41.50,-82.01
bainbridge,oh,39.21,-83.28
bakersville,oh,40.36,-81.65
baltic,oh,40.45,-81.68
baltimore,oh,39.86,-82.62
bannock,oh,40.10,-80.98
barberton,oh,41.02,-81.62
barlow,oh,39.40,-81.67
barnesville,oh,39.98,-81.17
bartlett,oh,39.42,-81.82
barton,oh,40.11,-80.84
bascom,oh,41.13,-83.29
batavia,oh,39.10,-84.15
bath,oh,41.19,-81.64
bay village,oh,41.48,-81.93
beach city,oh,40.66,-81.59
beachwood,oh,41.47,-81.52
beallsville,oh,39.87,-81.01
beaver,oh,39.02,-82.85
beaverdam,oh,40.83,-83.98
bedford,oh,41.39,-81.52
bellaire,oh,40.02,-80.76
bellbrook,oh,39.64,-84.08
belle center,oh,40.50,-83.77
belle valley,oh,39.79,-81.56
bellefontaine,oh,40.36,-83.76
bellevue,oh,41.27,-82.86
bellville,oh,40.61,-82.52
belmont,oh,40.03,-81.01
belmore,oh,41.10,-83.98
beloit,oh,40.90,-80.99
belpre,oh,39.29,-81.60
benton ridge,oh,41.00,-83.79
bentonville,oh,38.75,-83.61
berea,oh,41.37,-81.86
bergholz,oh,40.48,-80.89
berkey,oh,41.70,-83.83
berlin,oh,40.56,-81.79
berlin center,oh,41.02,-80.93
berlin heights,oh,41.32,-82.48
bethel,oh,38.94,-84.09
bethesda,oh,40.02,-81.08
bettsville,oh,41.25,-83.24
beverly,oh,39.57,-81.63
bidwell,oh,38.93,-82.27
big prairie,oh,40.62,-82.07
birmingham,oh,41.33,-82.36
blacklick,oh,40.02,-82.81
bladensburg,oh,40.28,-82.28
blaine,oh,40.07,-80.82
blakeslee,oh,41.52,-84.73
blanchester,oh,39.30,-83.97
blissfield,oh,40.40,-81.97
bloomdale,oh,41.18,-83.57
bloomingburg,oh,39.63,-83.41
bloomingdale,oh,40.37,-80.81
bloomville,oh,41.02,-82.99
blue creek,oh,38.76,-83.35
blue rock,oh,39.80,-81.89
bluffton,oh,40.88,-83.89
bolivar,oh,40.63,-81.45
botkins,oh,40.47,-84.18
bourneville,oh,39.28,-83.16
bowerston,oh,40.44,-81.19
bowersville,oh,39.58,-83.72
bowling green,oh,41.38,-83.65
bradford,oh,40.13,-84.43
bradner,oh,41.33,-83.45
brady lake,oh,41.16,-81.32
brecksville,oh,41.32,-81.63
brewster,oh,40.71,-81.60
brice,oh,39.92,-82.83
bridgeport,oh,40.08,-80.77
brilliant,oh,40.27,-80.63
brinkhaven,oh,40.46,-82.16
bristolville,oh,41.38,-80.86
broadview heights,oh,41.33,-81.68
broadway,oh,40.34,-83.41
brook park,oh,41.40,-81.81
brookfield,oh,41.25,-80.58
brookville,oh,39.84,-84.42
brownsville,oh,39.95,-82.26
brunswick,oh,41.25,-81.83
bryan,oh,41.47,-84.56
buchtel,oh,39.46,-82.18
buckeye lake,oh,39.93,-82.47
buckland,oh,40.62,-84.26
bucyrus,oh,40.81,-82.97
buffalo,oh,39.92,-81.52
buford,oh,39.08,-83.84
burbank,oh,40.96,-82.00
burghill,oh,41.33,-80.54
burgoon,oh,41.27,-83.25
burkettsville,oh,40.35,-84.64
burton,oh,41.45,-81.15
butler,oh,40.54,-82.40
byesville,oh,39.96,-81.55
cable,oh,40.18,-83.65
cadiz,oh,40.26,-81.00
cairo,oh,40.83,-84.09
caldwell,oh,39.75,-81.52
caledonia,oh,40.63,-82.99
cambridge,oh,40.03,-81.59
camden,oh,39.61,-84.61
cameron,oh,39.77,-80.94
camp dennison,oh,39.20,-84.29
campbell,oh,41.08,-80.59
canal fulton,oh,40.89,-81.58
canal winchester,oh,39.83,-82.80
canfield,oh,41.03,-80.76
canton,oh,40.83,-81.39
carbon hill,oh,39.50,-82.24
carbondale,oh,39.38,-82.27
cardington,oh,40.51,-82.93
carey,oh,40.95,-83.38
carroll,oh,39.80,-82.71
carrollton,oh,40.58,-81.08
casstown,oh,40.07,-84.11
castalia,oh,41.39,-82.80
catawba,oh,40.00,-83.62
cecil,oh,41.22,-84.63
cedarville,oh,39.75,-83.80
celina,oh,40.55,-84.57
centerburg,oh,40.29,-82.68
chagrin falls,oh,41.42,-81.36
chandlersville,oh,39.89,-81.83
chardon,oh,41.57,-81.21
charm,oh,40.51,-81.78
chatfield,oh,40.96,-83.02
chauncey,oh,39.40,-82.13
cherry fork,oh,38.89,-83.61
chesapeake,oh,38.46,-82.45
cheshire,oh,38.96,-82.12
chester,oh,39.09,-81.92
chesterhill,oh,39.50,-81.88
chesterland,oh,41.53,-81.34
chesterville,oh,40.48,-82.68
chickasaw,oh,40.44,-84.49
chillicothe,oh,39.34,-82.99
chilo,oh,38.79,-84.14
chippewa lake,oh,41.07,-81.91
christiansburg,oh,40.06,-84.03
cincinnati,oh,39.09,-84.28
circleville,oh,39.60,-82.93
clarington,oh,39.78,-80.91
clarksburg,oh,39.49,-83.16
clarksville,oh,39.40,-83.96
clay center,oh,41.56,-83.36
clayton,oh,39.86,-84.34
cleveland,oh,41.49,-81.68
cleves,oh,39.19,-84.73
clifton,oh,39.80,-83.83
clinton,oh,40.94,-81.59
cloverdale,oh,41.04,-84.29
clyde,oh,41.30,-82.99
coal run,oh,39.57,-81.58
coalton,oh,39.11,-82.61
coldwater,oh,40.48,-84.65
colerain,oh,40.13,-80.81
college corner,oh,39.58,-84.80
collins,oh,41.25,-82.49
collinsville,oh,39.52,-84.61
colton,oh,41.46,-83.95
columbia station,oh,41.32,-81.93
columbiana,oh,40.89,-80.70
columbus,oh,40.14,-82.98
columbus grove,oh,40.91,-84.07
commercial point,oh,39.77,-83.06
conesville,oh,40.18,-81.90
conneaut,oh,41.93,-80.58
conover,oh,40.15,-84.03
continental,oh,41.11,-84.24
convoy,oh,40.93,-84.72
coolville,oh,39.21,-81.83
corning,oh,39.63,-82.10
cortland,oh,41.33,-80.73
coshocton,oh,40.28,-81.87
covington,oh,40.12,-84.35
creola,oh,39.35,-82.49
crestline,oh,40.79,-82.74
creston,oh,40.98,-81.92
crooksville,oh,39.76,-82.08
croton,oh,40.24,-82.70
crown city,oh,38.61,-82.27
cuba,oh,39.36,-83.86
cumberland,oh,39.87,-81.63
curtice,oh,41.65,-83.29
custar,oh,41.30,-83.83
cutler,oh,39.40,-81.77
cuyahoga falls,oh,41.14,-81.48
cygnet,oh,41.25,-83.61
cynthiana,oh,39.17,-83.35
dalton,oh,40.78,-81.70
damascus,oh,40.90,-80.96
danville,oh,40.46,-82.26
dayton,oh,39.77,-84.10
de graff,oh,40.31,-83.92
decatur,oh,38.82,-83.70
deerfield,oh,41.04,-81.05
deersville,oh,40.31,-81.19
defiance,oh,41.28,-84.36
delaware,oh,40.29,-83.07
dellroy,oh,40.59,-81.20
delphos,oh,40.83,-84.32
delta,oh,41.56,-83.99
dennison,oh,40.41,-81.32
derby,oh,39.77,-83.21
derwent,oh,39.92,-81.54
deshler,oh,41.22,-83.90
dexter city,oh,39.65,-81.47
diamond,oh,41.09,-81.04
dillonvale,oh,40.21,-80.80
dola,oh,40.79,-83.69
donnelsville,oh,39.92,-83.95
dorset,oh,41.66,-80.67
dover,oh,40.53,-81.48
doylestown,oh,40.97,-81.68
dresden,oh,40.11,-82.02
dublin,oh,40.10,-83.11
dunbridge,oh,41.46,-83.61
duncan falls,oh,39.88,-81.91
dundee,oh,40.64,-81.68
dunkirk,oh,40.78,-83.63
dupont,oh,41.10,-84.27
east canton,oh,40.78,-81.28
east claridon,oh,41.53,-81.12
east fultonham,oh,39.85,-82.12
east liberty,oh,40.31,-83.59
east liverpool,oh,40.65,-80.58
east palestine,oh,40.84,-80.55
east rochester,oh,40.76,-81.02
east sparta,oh,40.70,-81.37
east springfield,oh,40.45,-80.86
eastlake,oh,41.65,-81.45
eaton,oh,39.74,-84.65
edgerton,oh,41.44,-84.73
edison,oh,40.59,-82.90
edon,oh,41.58,-84.76
eldorado,oh,39.89,-84.68
elgin,oh,40.74,-84.48
elkton,oh,40.76,-80.70
ellsworth,oh,41.02,-80.86
elmore,oh,41.47,-83.28
elyria,oh,41.37,-82.11
empire,oh,40.51,-80.62
englewood,oh,39.87,-84.31
enon,oh,39.87,-83.94
etna,oh,39.96,-82.68
euclid,oh,41.57,-81.53
evansport,oh,41.43,-84.40
fairborn,oh,39.81,-84.02
fairfield,oh,39.33,-84.55
fairlawn,oh,41.14,-81.57
fairpoint,oh,40.12,-80.93
fairview,oh,39.90,-81.55
farmdale,oh,41.39,-80.66
farmer,oh,41.38,-84.63
farmersville,oh,39.69,-84.42
fayette,oh,41.67,-84.33
fayetteville,oh,39.19,-83.95
feesburg,oh,38.88,-84.00
felicity,oh,38.83,-84.10
findlay,oh,41.04,-83.65
flat rock,oh,41.24,-82.86
fleming,oh,39.39,-81.66
fletcher,oh,40.15,-84.13
flushing,oh,40.15,-81.08
forest,oh,40.80,-83.51
ft jennings,oh,40.95,-84.24
ft loramie,oh,40.33,-84.37
ft recovery,oh,40.40,-84.76
fostoria,oh,41.16,-83.41
fowler,oh,41.33,-80.61
frankfort,oh,39.39,-83.20
franklin,oh,39.55,-84.31
franklin furnace,oh,38.63,-82.81
frazeysburg,oh,40.13,-82.13
fredericksburg,oh,40.69,-81.85
fredericktown,oh,40.50,-82.59
freeport,oh,40.19,-81.28
fremont,oh,41.35,-83.12
fresno,oh,40.37,-81.76
friendship,oh,38.70,-83.09
fulton,oh,40.47,-82.84
fultonham,oh,39.86,-82.14
galena,oh,40.19,-82.90
galion,oh,40.73,-82.79
gallipolis,oh,38.81,-82.23
galloway,oh,39.94,-83.18
gambier,oh,40.38,-82.38
garrettsville,oh,41.30,-81.07
gates mills,oh,41.53,-81.42
geneva,oh,41.80,-80.95
genoa,oh,41.53,-83.36
georgetown,oh,38.87,-83.91
germantown,oh,39.62,-84.38
gettysburg,oh,40.11,-84.50
gibsonburg,oh,41.38,-83.34
girard,oh,41.16,-80.69
glandorf,oh,41.03,-84.08
glencoe,oh,40.01,-80.89
glenford,oh,39.87,-82.30
glenmont,oh,40.52,-82.15
glouster,oh,39.50,-82.09
gnadenhutten,oh,40.37,-81.41
gomer,oh,40.84,-84.19
goshen,oh,39.22,-84.12
grafton,oh,41.29,-82.04
grand rapids,oh,41.44,-83.86
grand river,oh,41.74,-81.28
granville,oh,40.08,-82.52
gratiot,oh,39.95,-82.22
gratis,oh,39.65,-84.53
graysville,oh,39.66,-81.19
graytown,oh,41.53,-83.26
green,oh,40.95,-81.48
green camp,oh,40.53,-83.21
green springs,oh,41.23,-83.09
greenfield,oh,39.35,-83.39
greenford,oh,40.94,-80.79
greentown,oh,40.93,-81.40
greenville,oh,40.10,-84.63
greenwich,oh,41.04,-82.51
grelton,oh,41.34,-84.00
grove city,oh,39.88,-83.08
groveport,oh,39.86,-82.89
grover hill,oh,41.02,-84.50
guysville,oh,39.29,-81.93
gypsum,oh,41.49,-82.88
hallsville,oh,39.44,-82.83
hamden,oh,39.17,-82.51
hamersville,oh,38.92,-83.99
hamilton,oh,39.41,-84.52
hamler,oh,41.21,-84.07
hammondsville,oh,40.58,-80.73
hannibal,oh,39.67,-80.87
hanoverton,oh,40.77,-80.91
harbor view,oh,41.69,-83.44
harlem springs,oh,40.52,-81.00
harpster,oh,40.75,-83.23
harrisburg,oh,39.81,-83.17
harrison,oh,39.26,-84.78
harrisville,oh,40.18,-80.89
harrod,oh,40.72,-83.94
hartford,oh,41.31,-80.57
hartville,oh,40.96,-81.32
harveysburg,oh,39.50,-84.01
haskins,oh,41.47,-83.71
haverhill,oh,38.58,-82.83
haviland,oh,41.03,-84.61
haydenville,oh,39.48,-82.33
hayesville,oh,40.77,-82.26
heath,oh,40.02,-82.39
hebron,oh,39.95,-82.49
helena,oh,41.32,-83.32
hicksville,oh,41.30,-84.76
hideaway hls,oh,39.70,-82.43
higginsport,oh,38.79,-83.97
highland,oh,39.34,-83.60
hilliard,oh,40.03,-83.14
hillsboro,oh,39.17,-83.61
hinckley,oh,41.24,-81.75
hiram,oh,41.33,-81.15
hockingport,oh,39.19,-81.75
holgate,oh,41.25,-84.14
holland,oh,41.62,-83.73
hollansburg,oh,39.99,-84.79
holloway,oh,40.16,-81.13
holmesville,oh,40.63,-81.93
homer,oh,40.25,-82.52
homerville,oh,41.03,-82.12
homeworth,oh,40.86,-81.07
hooven,oh,39.18,-84.76
hopedale,oh,40.35,-80.90
hopewell,oh,39.96,-82.18
houston,oh,40.25,-84.35
howard,oh,40.42,-82.33
hoytville,oh,41.19,-83.78
hubbard,oh,41.16,-80.58
hudson,oh,41.25,-81.44
huntsburg,oh,41.53,-81.06
huntsville,oh,40.44,-83.79
huron,oh,41.39,-82.56
iberia,oh,40.67,-82.84
independence,oh,41.38,-81.66
irondale,oh,40.51,-80.79
ironton,oh,38.53,-82.67
irwin,oh,40.13,-83.46
isle st george,oh,41.71,-82.82
jackson,oh,39.04,-82.65
jackson center,oh,40.44,-84.05
jacksontown,oh,39.96,-82.41
jacksonville,oh,39.48,-82.08
jacobsburg,oh,39.96,-80.88
jamestown,oh,39.64,-83.75
jasper,oh,39.05,-83.06
jefferson,oh,41.73,-80.76
jeffersonville,oh,39.66,-83.57
jenera,oh,40.90,-83.73
jeromesville,oh,40.81,-82.19
jerry city,oh,41.25,-83.60
jerusalem,oh,39.85,-81.09
jewell,oh,41.33,-84.29
jewett,oh,40.37,-81.00
johnstown,oh,40.14,-82.70
junction city,oh,39.70,-82.32
kalida,oh,40.98,-84.20
kansas,oh,41.21,-83.33
keene,oh,40.34,-81.87
kelleys island,oh,41.60,-82.71
kensington,oh,40.71,-80.94
kent,oh,41.14,-81.35
kenton,oh,40.64,-83.61
kerr,oh,38.87,-82.26
kettlersville,oh,40.44,-84.26
kidron,oh,40.74,-81.75
kilbourne,oh,40.33,-82.96
killbuck,oh,40.49,-81.98
kimbolton,oh,40.17,-81.53
kings mills,oh,39.36,-84.25
kingston,oh,39.44,-82.85
kingsville,oh,41.87,-80.66
kinsman,oh,41.44,-80.58
kipling,oh,40.00,-81.50
kipton,oh,41.27,-82.30
kirby,oh,40.81,-83.42
kirkersville,oh,39.96,-82.60
kitts hill,oh,38.56,-82.55
kunkle,oh,41.64,-84.50
la rue,oh,40.58,-83.37
lacarne,oh,41.53,-83.02
lafayette,oh,40.76,-83.95
lafferty,oh,40.11,-81.02
lagrange,oh,41.24,-82.13
laings,oh,39.72,-81.01
lake milton,oh,41.10,-80.97
lakemore,oh,41.02,-81.44
lakeside marblehead,oh,41.53,-82.77
lakeview,oh,40.50,-83.91
lakeville,oh,40.65,-82.15
lakewood,oh,41.48,-81.80
lancaster,oh,39.72,-82.60
langsville,oh,39.06,-82.23
lansing,oh,40.08,-80.79
latham,oh,39.08,-83.33
latty,oh,41.09,-84.59
laura,oh,39.98,-84.40
laurelville,oh,39.48,-82.72
leavittsburg,oh,41.24,-80.89
lebanon,oh,39.44,-84.22
lees creek,oh,39.42,-83.65
leesburg,oh,39.35,-83.55
leesville,oh,40.45,-81.21
leetonia,oh,40.86,-80.76
leipsic,oh,41.11,-84.00
lemoyne,oh,41.50,-83.47
lewis center,oh,40.20,-83.01
lewisburg,oh,39.85,-84.54
lewistown,oh,40.43,-83.92
lewisville,oh,39.77,-81.23
liberty center,oh,41.45,-83.99
lima,oh,40.76,-84.10
limaville,oh,40.98,-81.15
lindsey,oh,41.41,-83.21
lisbon,oh,40.76,-80.76
litchfield,oh,41.17,-82.02
lithopolis,oh,39.80,-82.81
little hocking,oh,39.28,-81.71
lockbourne,oh,39.81,-82.98
lodi,oh,41.03,-82.01
logan,oh,39.54,-82.41
london,oh,39.90,-83.44
londonderry,oh,39.27,-82.78
long bottom,oh,39.08,-81.89
lorain,oh,41.46,-82.17
lore city,oh,40.05,-81.45
loudonville,oh,40.64,-82.24
louisville,oh,40.85,-81.26
loveland,oh,39.24,-84.26
lowell,oh,39.54,-81.52
lowellville,oh,41.05,-80.54
lower salem,oh,39.59,-81.35
lucas,oh,40.70,-82.41
lucasville,oh,38.89,-82.99
luckey,oh,41.45,-83.47
ludlow falls,oh,39.99,-84.33
lynchburg,oh,39.21,-83.80
lynx,oh,38.77,-83.41
lyons,oh,41.69,-84.06
macedonia,oh,41.32,-81.50
macksburg,oh,39.62,-81.45
madison,oh,41.81,-81.06
magnetic springs,oh,40.36,-83.27
magnolia,oh,40.65,-81.31
maineville,oh,39.31,-84.25
malaga,oh,39.85,-81.15
malinta,oh,41.31,-84.05
malta,oh,39.65,-81.91
malvern,oh,40.68,-81.18
manchester,oh,38.70,-83.62
mansfield,oh,40.76,-82.51
mantua,oh,41.29,-81.23
maple heights,oh,41.41,-81.56
maplewood,oh,40.34,-84.08
marathon,oh,39.14,-84.01
marengo,oh,40.39,-82.81
maria stein,oh,40.41,-84.51
marietta,oh,39.43,-81.46
marion,oh,40.59,-83.13
mark center,oh,41.29,-84.63
marshallville,oh,40.91,-81.72
martel,oh,40.67,-82.91
martin,oh,41.60,-83.35
martins ferry,oh,40.10,-80.74
martinsburg,oh,40.27,-82.36
martinsville,oh,39.31,-83.80
marysville,oh,40.25,-83.36
mason,oh,39.34,-84.31
massillon,oh,40.81,-81.50
masury,oh,41.23,-80.53
maumee,oh,41.58,-83.66
maximo,oh,40.88,-81.17
maynard,oh,40.12,-80.88
mc arthur,oh,39.26,-82.49
mc clure,oh,41.38,-83.94
mc comb,oh,41.11,-83.80
mc cutchenville,oh,40.98,-83.26
mc dermott,oh,38.84,-83.07
mc donald,oh,41.16,-80.73
mc guffey,oh,40.69,-83.79
mcconnelsville,oh,39.67,-81.84
mechanicsburg,oh,40.06,-83.57
mechanicstown,oh,40.63,-80.96
medina,oh,41.14,-81.86
medway,oh,39.88,-84.03
melmore,oh,41.04,-83.14
melrose,oh,41.09,-84.42
mendon,oh,40.68,-84.52
mentor,oh,41.69,-81.34
mesopotamia,oh,41.46,-80.96
metamora,oh,41.70,-83.93
miamisburg,oh,39.63,-84.27
miamitown,oh,39.22,-84.70
miamiville,oh,39.21,-84.30
middle bass,oh,41.68,-82.81
middle point,oh,40.87,-84.42
middlebranch,oh,40.89,-81.33
middleburg,oh,40.29,-83.58
middlefield,oh,41.45,-81.04
middleport,oh,39.00,-82.06
middletown,oh,39.53,-84.39
midland,oh,39.29,-83.89
midvale,oh,40.44,-81.37
milan,oh,41.31,-82.61
milford,oh,39.18,-84.24
milford center,oh,40.18,-83.44
millbury,oh,41.56,-83.44
milledgeville,oh,39.59,-83.59
miller city,oh,41.10,-84.13
millersburg,oh,40.56,-81.83
millersport,oh,39.90,-82.53
millfield,oh,39.41,-82.11
milton center,oh,41.30,-83.83
mineral city,oh,40.63,-81.35
mineral ridge,oh,41.13,-80.76
minerva,oh,40.74,-81.10
minford,oh,38.88,-82.86
mingo,oh,40.21,-83.64
mingo junction,oh,40.32,-80.63
minster,oh,40.39,-84.37
mogadore,oh,41.04,-81.36
monclova,oh,41.57,-83.78
monroe,oh,39.44,-84.37
monroeville,oh,41.22,-82.70
montezuma,oh,40.49,-84.55
montpelier,oh,41.60,-84.61
montville,oh,41.60,-81.06
morral,oh,40.70,-83.20
morristown,oh,40.06,-81.07
morrow,oh,39.35,-84.12
moscow,oh,38.86,-84.20
mt blanchard,oh,40.89,-83.56
mt cory,oh,40.94,-83.81
mt eaton,oh,40.69,-81.70
mt gilead,oh,40.54,-82.81
mt hope,oh,40.62,-81.78
mt liberty,oh,40.35,-82.63
mt orab,oh,39.05,-83.95
mt perry,oh,39.88,-82.19
mt pleasant,oh,40.18,-80.80
mt st joseph,oh,39.10,-84.65
mt sterling,oh,39.72,-83.28
mt vernon,oh,40.38,-82.49
mt victory,oh,40.52,-83.49
mowrystown,oh,39.04,-83.75
moxahala,oh,39.66,-82.14
munroe falls,oh,41.14,-81.44
murray city,oh,39.51,-82.16
nankin,oh,40.92,-82.28
napoleon,oh,41.39,-84.14
nashport,oh,40.04,-82.10
nashville,oh,40.60,-82.11
navarre,oh,40.72,-81.53
neapolis,oh,41.49,-83.87
neffs,oh,40.03,-80.82
negley,oh,40.77,-80.56
nelsonville,oh,39.46,-82.23
nevada,oh,40.83,-83.13
neville,oh,38.81,-84.21
new albany,oh,40.08,-82.80
new athens,oh,40.18,-81.00
new bavaria,oh,41.21,-84.19
new bloomington,oh,40.61,-83.32
new bremen,oh,40.44,-84.38
new carlisle,oh,39.93,-84.02
new concord,oh,40.01,-81.74
new hampshire,oh,40.56,-83.95
new haven,oh,41.03,-82.68
new holland,oh,39.56,-83.25
new knoxville,oh,40.50,-84.31
new lebanon,oh,39.74,-84.40
new lexington,oh,39.72,-82.20
new london,oh,41.09,-82.40
new madison,oh,39.97,-84.72
new marshfield,oh,39.34,-82.22
new matamoras,oh,39.53,-81.09
new middletown,oh,40.96,-80.55
new paris,oh,39.86,-84.78
new philadelphia,oh,40.48,-81.44
new plymouth,oh,39.39,-82.39
new richmond,oh,38.95,-84.24
new riegel,oh,41.04,-83.24
new rumley,oh,40.40,-81.03
new springfield,oh,40.93,-80.59
new straitsville,oh,39.59,-82.25
new vienna,oh,39.33,-83.69
new washington,oh,40.96,-82.85
new waterford,oh,40.85,-80.62
new weston,oh,40.33,-84.63
newark,oh,40.07,-82.40
newbury,oh,41.48,-81.23
newcomerstown,oh,40.27,-81.59
newport,oh,39.40,-81.24
newton falls,oh,41.19,-80.97
newtonsville,oh,39.18,-84.09
ney,oh,41.38,-84.53
niles,oh,41.18,-80.76
north baltimore,oh,41.19,-83.68
north bend,oh,39.15,-84.73
north benton,oh,40.99,-81.02
north bloomfield,oh,41.46,-80.81
north canton,oh,40.89,-81.41
north fairfield,oh,41.10,-82.60
north georgetown,oh,40.84,-80.99
north hampton,oh,39.99,-83.94
north jackson,oh,41.09,-80.86
north kingsville,oh,41.91,-80.69
north lawrence,oh,40.84,-81.63
north lewisburg,oh,40.22,-83.56
north lima,oh,40.96,-80.65
north olmsted,oh,41.42,-81.91
north ridgeville,oh,41.40,-82.00
north robinson,oh,40.79,-82.86
north royalton,oh,41.32,-81.75
north star,oh,40.32,-84.57
northfield,oh,41.32,-81.54
northwood,oh,41.61,-83.48
norwalk,oh,41.24,-82.61
norwich,oh,39.99,-81.80
nova,oh,41.03,-82.34
novelty,oh,41.48,-81.33
oak harbor,oh,41.52,-83.13
oak hill,oh,38.89,-82.59
oakwood,oh,41.09,-84.40
oberlin,oh,41.29,-82.22
oceola,oh,40.84,-83.09
ohio city,oh,40.79,-84.67
okeana,oh,39.35,-84.78
okolona,oh,41.39,-84.13
old ft,oh,41.24,-83.15
old washington,oh,40.04,-81.44
olmsted falls,oh,41.37,-81.92
ontario,oh,40.76,-82.59
orangeville,oh,41.34,-80.52
oregon,oh,41.64,-83.47
oregonia,oh,39.41,-84.05
orient,oh,39.80,-83.15
orrville,oh,40.85,-81.77
orwell,oh,41.53,-80.84
osgood,oh,40.34,-84.50
ostrander,oh,40.27,-83.20
ottawa,oh,41.03,-84.05
ottoville,oh,40.94,-84.35
otway,oh,38.85,-83.22
overpeck,oh,39.45,-84.51
owensville,oh,39.12,-84.14
oxford,oh,39.50,-84.74
painesville,oh,41.71,-81.24
palestine,oh,40.05,-84.74
pandora,oh,40.95,-83.95
paris,oh,40.80,-81.15
parkman,oh,41.37,-81.07
pataskala,oh,40.00,-82.67
patriot,oh,38.78,-82.43
paulding,oh,41.14,-84.57
payne,oh,41.08,-84.73
pedro,oh,38.65,-82.65
peebles,oh,38.99,-83.37
pemberton,oh,40.29,-84.03
pemberville,oh,41.40,-83.47
peninsula,oh,41.23,-81.54
perry,oh,41.77,-81.14
perrysburg,oh,41.54,-83.59
perrysville,oh,40.66,-82.32
petersburg,oh,40.90,-80.54
pettisville,oh,41.53,-84.23
phillipsburg,oh,39.90,-84.40
philo,oh,39.85,-81.92
pickerington,oh,39.91,-82.76
piedmont,oh,40.15,-81.21
pierpont,oh,41.77,-80.57
piketon,oh,39.04,-83.08
piney fork,oh,40.21,-80.76
pioneer,oh,41.67,-84.54
piqua,oh,40.15,-84.25
pitsburg,oh,39.99,-84.49
plain city,oh,40.10,-83.27
plainfield,oh,40.21,-81.72
pleasant city,oh,39.91,-81.56
pleasant hill,oh,40.05,-84.34
pleasant plain,oh,39.29,-84.10
pleasantville,oh,39.82,-82.50
plymouth,oh,41.00,-82.66
polk,oh,40.93,-82.21
pomeroy,oh,39.06,-82.03
port clinton,oh,41.52,-82.91
port jefferson,oh,40.33,-84.09
port washington,oh,40.34,-81.52
port william,oh,39.55,-83.79
portage,oh,41.31,-83.61
portland,oh,39.00,-81.81
portsmouth,oh,38.76,-82.95
potsdam,oh,39.96,-84.42
powell,oh,40.15,-83.07
powhatan point,oh,39.87,-80.82
proctorville,oh,38.46,-82.35
prospect,oh,40.47,-83.18
put in bay,oh,41.65,-82.82
quaker city,oh,39.99,-81.29
quincy,oh,40.29,-83.97
racine,oh,38.98,-81.93
radnor,oh,40.39,-83.18
randolph,oh,41.03,-81.25
rarden,oh,38.94,-83.24
ravenna,oh,41.16,-81.23
rawson,oh,41.00,-83.81
ray,oh,39.21,-82.69
rayland,oh,40.21,-80.71
raymond,oh,40.25,-83.36
reedsville,oh,39.15,-81.79
reesville,oh,39.48,-83.68
reno,oh,39.38,-81.38
republic,oh,41.13,-83.02
reynoldsburg,oh,39.96,-82.80
richfield,oh,41.24,-81.65
richmond,oh,40.43,-80.76
richmond dale,oh,39.20,-82.81
richwood,oh,40.44,-83.31
ridgeville corners,oh,41.44,-84.26
ridgeway,oh,40.52,-83.57
rio grande,oh,38.88,-82.38
ripley,oh,38.76,-83.82
risingsun,oh,41.27,-83.43
rittman,oh,40.97,-81.78
robertsville,oh,40.76,-81.19
rock camp,oh,38.52,-82.56
rock creek,oh,41.67,-80.89
rockbridge,oh,39.55,-82.56
rockford,oh,40.68,-84.66
rocky ridge,oh,41.53,-83.21
rocky river,oh,41.47,-81.85
rogers,oh,40.78,-80.62
rome,oh,41.60,-80.83
rootstown,oh,41.10,-81.20
roseville,oh,39.82,-82.08
rosewood,oh,40.22,-83.96
ross,oh,39.31,-84.65
rossburg,oh,40.29,-84.63
rossford,oh,41.60,-83.56
roundhead,oh,40.58,-83.85
rudolph,oh,41.30,-83.68
rushsylvania,oh,40.47,-83.66
rushville,oh,39.77,-82.43
russells point,oh,40.47,-83.88
russellville,oh,38.85,-83.76
russia,oh,40.23,-84.41
rutland,oh,39.05,-82.12
sabina,oh,39.49,-83.65
st clairsville,oh,40.08,-80.90
st henry,oh,40.41,-84.63
st johns,oh,40.56,-84.08
st louisville,oh,40.18,-82.36
st marys,oh,40.54,-84.39
st paris,oh,40.11,-83.96
salem,oh,40.90,-80.86
salesville,oh,40.01,-81.37
salineville,oh,40.62,-80.83
sandusky,oh,41.43,-82.71
sandyville,oh,40.64,-81.37
sarahsville,oh,39.79,-81.47
sardinia,oh,38.98,-83.80
sardis,oh,39.65,-80.92
savannah,oh,40.95,-82.34
scio,oh,40.40,-81.10
scioto furnace,oh,38.80,-82.77
scott,oh,40.99,-84.58
scottown,oh,38.59,-82.40
seaman,oh,38.96,-83.59
sebring,oh,40.92,-81.02
sedalia,oh,39.73,-83.48
senecaville,oh,39.93,-81.46
seven mile,oh,39.48,-84.55
seville,oh,41.02,-81.86
shade,oh,39.21,-82.02
shadyside,oh,39.97,-80.76
shandon,oh,39.33,-84.71
sharon center,oh,41.10,-81.74
sharpsburg,oh,39.44,-81.91
shauck,oh,40.62,-82.66
shawnee,oh,39.61,-82.21
sheffield lake,oh,41.48,-82.10
shelby,oh,40.88,-82.65
sherrodsville,oh,40.52,-81.23
sherwood,oh,41.29,-84.54
shiloh,oh,40.93,-82.52
shreve,oh,40.69,-82.03
sidney,oh,40.29,-84.16
sinking spring,oh,39.07,-83.39
smithfield,oh,40.27,-80.78
smithville,oh,40.86,-81.86
solon,oh,41.39,-81.44
somerdale,oh,40.57,-81.36
somerset,oh,39.79,-82.30
somerville,oh,39.56,-84.62
south bloomingville,oh,39.37,-82.64
south charleston,oh,39.85,-83.66
south lebanon,oh,39.37,-84.21
south point,oh,38.43,-82.55
south salem,oh,39.30,-83.27
south solon,oh,39.74,-83.60
south vienna,oh,39.95,-83.62
south webster,oh,38.82,-82.72
southington,oh,41.30,-80.95
sparta,oh,40.37,-82.70
spencer,oh,41.10,-82.10
spencerville,oh,40.70,-84.34
spring valley,oh,39.60,-84.10
springboro,oh,39.56,-84.23
springfield,oh,39.92,-83.81
stafford,oh,39.71,-81.28
sterling,oh,40.95,-81.85
steubenville,oh,40.37,-80.66
stewart,oh,39.32,-81.89
stillwater,oh,40.32,-81.31
stockdale,oh,38.96,-82.86
stockport,oh,39.56,-81.83
stone creek,oh,40.41,-81.59
stony ridge,oh,41.51,-83.51
stout,oh,38.65,-83.21
stoutsville,oh,39.61,-82.82
stow,oh,41.17,-81.44
strasburg,oh,40.60,-81.54
stratton,oh,40.52,-80.63
streetsboro,oh,41.25,-81.34
strongsville,oh,41.31,-81.83
struthers,oh,41.05,-80.60
stryker,oh,41.49,-84.41
sugar grove,oh,39.63,-82.53
sugarcreek,oh,40.51,-81.66
sullivan,oh,41.04,-82.22
sulphur springs,oh,40.87,-82.88
summerfield,oh,39.80,-81.33
summit station,oh,40.00,-82.75
summitville,oh,40.68,-80.89
sunbury,oh,40.27,-82.85
swanton,oh,41.59,-83.87
sycamore,oh,40.94,-83.15
sycamore valley,oh,39.67,-81.24
sylvania,oh,41.71,-83.71
syracuse,oh,39.00,-81.97
tallmadge,oh,41.10,-81.43
tarlton,oh,39.56,-82.78
terrace park,oh,39.16,-84.31
the plains,oh,39.37,-82.13
thompson,oh,41.68,-81.06
thornville,oh,39.90,-82.41
thurman,oh,38.90,-82.40
thurston,oh,39.84,-82.55
tiffin,oh,41.12,-83.18
tiltonsville,oh,40.17,-80.70
tipp city,oh,39.94,-84.17
tippecanoe,oh,40.28,-81.29
tiro,oh,40.88,-82.80
toledo,oh,41.64,-83.54
tontogany,oh,41.42,-83.74
toronto,oh,40.47,-80.63
tremont city,oh,40.01,-83.84
trenton,oh,39.48,-84.46
trimble,oh,39.48,-82.08
trinway,oh,40.14,-82.01
troy,oh,40.04,-84.20
tuppers plains,oh,39.17,-81.85
tuscarawas,oh,40.39,-81.41
twinsburg,oh,41.33,-81.46
uhrichsville,oh,40.39,-81.34
union city,oh,40.20,-84.78
union furnace,oh,39.46,-82.36
uniontown,oh,40.96,-81.42
unionville,oh,41.78,-80.99
unionville center,oh,40.14,-83.34
uniopolis,oh,40.60,-84.09
upper sandusky,oh,40.82,-83.30
urbana,oh,40.11,-83.77
utica,oh,40.24,-82.41
valley city,oh,41.24,-81.92
van buren,oh,41.13,-83.65
van wert,oh,40.87,-84.59
vandalia,oh,39.89,-84.20
vanlue,oh,40.96,-83.50
vaughnsville,oh,40.88,-84.15
venedocia,oh,40.77,-84.46
vermilion,oh,41.41,-82.36
verona,oh,39.90,-84.49
versailles,oh,40.23,-84.50
vickery,oh,41.39,-82.90
vienna,oh,41.22,-80.65
vincent,oh,39.34,-81.67
vinton,oh,38.98,-82.36
wadsworth,oh,41.04,-81.74
wakefield,oh,38.97,-83.02
wakeman,oh,41.26,-82.38
walbridge,oh,41.59,-83.49
waldo,oh,40.46,-83.07
walhonding,oh,40.36,-82.21
walnut creek,oh,40.54,-81.72
wapakoneta,oh,40.57,-84.18
warnock,oh,40.02,-80.94
warren,oh,41.17,-80.87
warsaw,oh,40.32,-82.06
washington court house,oh,39.53,-83.44
washingtonville,oh,40.90,-80.76
waterford,oh,39.52,-81.66
waterloo,oh,38.72,-82.52
watertown,oh,39.47,-81.63
waterville,oh,41.50,-83.73
wauseon,oh,41.57,-84.15
waverly,oh,39.13,-83.00
wayland,oh,41.16,-81.07
wayne,oh,41.30,-83.47
waynesburg,oh,40.68,-81.27
waynesfield,oh,40.61,-83.96
waynesville,oh,39.53,-84.08
wellington,oh,41.17,-82.23
wellston,oh,39.12,-82.55
wellsville,oh,40.62,-80.66
west alexandria,oh,39.73,-84.54
west chester,oh,39.34,-84.40
west elkton,oh,39.59,-84.55
west farmington,oh,41.35,-80.97
west jefferson,oh,39.94,-83.29
west lafayette,oh,40.27,-81.74
west liberty,oh,40.26,-83.75
west manchester,oh,39.90,-84.62
west mansfield,oh,40.40,-83.52
west millgrove,oh,41.24,-83.49
west milton,oh,39.95,-84.32
west point,oh,40.71,-80.70
west portsmouth,oh,38.75,-83.05
west rushville,oh,39.76,-82.45
west salem,oh,40.95,-82.11
west union,oh,38.80,-83.53
west unity,oh,41.58,-84.44
westerville,oh,40.15,-82.91
westfield center,oh,41.03,-81.93
westlake,oh,41.45,-81.92
weston,oh,41.35,-83.80
westville,oh,40.11,-83.84
wharton,oh,40.86,-83.46
wheelersburg,oh,38.74,-82.82
whipple,oh,39.48,-81.36
white cottage,oh,39.87,-82.10
whitehouse,oh,41.52,-83.81
wickliffe,oh,41.60,-81.47
wilberforce,oh,39.72,-83.88
wilkesville,oh,39.14,-82.38
willard,oh,41.05,-82.73
williamsburg,oh,39.08,-84.04
williamsfield,oh,41.54,-80.60
williamsport,oh,39.61,-83.13
williamstown,oh,40.83,-83.65
williston,oh,41.60,-83.34
willoughby,oh,41.63,-81.41
willow wood,oh,38.59,-82.45
willshire,oh,40.73,-84.78
wilmington,oh,39.45,-83.84
wilmot,oh,40.66,-81.64
winchester,oh,38.94,-83.67
windham,oh,41.24,-81.05
windsor,oh,41.56,-80.97
winesburg,oh,40.62,-81.70
wingett run,oh,39.54,-81.28
winona,oh,40.83,-80.90
wolf run,oh,40.47,-80.89
woodsfield,oh,39.75,-81.10
woodstock,oh,40.18,-83.55
woodville,oh,41.45,-83.36
wooster,oh,40.81,-81.95
wren,oh,40.80,-84.78
xenia,oh,39.68,-83.94
yellow springs,oh,39.80,-83.89
yorkshire,oh,40.33,-84.48
yorkville,oh,40.16,-80.71
youngstown,oh,41.10,-80.65
zaleski,oh,39.28,-82.39
zanesfield,oh,40.30,-83.66
zanesville,oh,39.94,-82.01
zoar,oh,40.61,-81.42
achille,ok,33.83,-96.39
ada,ok,34.78,-96.69
adair,ok,36.41,-95.27
adams,ok,36.76,-101.08
addington,ok,34.24,-97.97
afton,ok,36.63,-94.91
agra,ok,35.88,-96.88
albany,ok,33.88,-96.16
albert,ok,35.23,-98.41
albion,ok,34.66,-95.10
alderson,ok,34.90,-95.69
alex,ok,34.96,-97.76
aline,ok,36.51,-98.46
allen,ok,34.85,-96.56
altus,ok,34.65,-99.32
altus afb,ok,34.66,-99.28
alva,ok,36.80,-98.67
amber,ok,35.14,-97.76
ames,ok,36.24,-98.18
amorita,ok,36.94,-98.25
anadarko,ok,35.07,-98.24
antlers,ok,34.23,-95.63
apache,ok,34.90,-98.37
arapaho,ok,35.58,-98.96
arcadia,ok,35.65,-97.32
ardmore,ok,34.18,-97.13
arkoma,ok,35.34,-94.44
arnett,ok,36.12,-99.73
asher,ok,34.98,-96.88
atoka,ok,34.34,-96.14
atwood,ok,34.92,-96.36
avant,ok,36.49,-96.06
balko,ok,36.60,-100.71
barnsdall,ok,36.54,-96.13
bartlesville,ok,36.74,-95.99
battiest,ok,34.39,-94.92
beaver,ok,36.80,-100.53
beggs,ok,35.79,-96.03
bennington,ok,33.98,-96.02
bessie,ok,35.39,-98.99
bethany,ok,35.50,-97.64
bethel,ok,34.36,-94.88
big cabin,ok,36.61,-95.27
billings,ok,36.52,-97.42
binger,ok,35.31,-98.31
bison,ok,36.20,-97.88
bixby,ok,35.92,-95.87
blackwell,ok,36.80,-97.29
blair,ok,34.78,-99.33
blanchard,ok,35.12,-97.64
blanco,ok,34.76,-95.79
blocker,ok,35.06,-95.57
bluejacket,ok,36.80,-95.10
boise city,ok,36.73,-102.54
bokchito,ok,33.99,-96.16
bokoshe,ok,35.16,-94.72
boley,ok,35.49,-96.47
boswell,ok,34.02,-95.84
bowlegs,ok,35.15,-96.67
boynton,ok,35.66,-95.66
bradley,ok,34.87,-97.71
braggs,ok,35.66,-95.20
braman,ok,36.93,-97.31
bristow,ok,35.82,-96.38
broken arrow,ok,35.99,-95.81
broken bow,ok,34.03,-94.76
bromide,ok,34.42,-96.50
buffalo,ok,36.84,-99.60
bunch,ok,35.74,-94.73
burbank,ok,36.70,-96.79
burlington,ok,36.90,-98.42
burneyville,ok,33.95,-97.32
burns flat,ok,35.35,-99.17
butler,ok,35.63,-99.24
byars,ok,34.89,-97.10
cache,ok,34.61,-98.62
caddo,ok,34.12,-96.26
calera,ok,33.93,-96.41
calumet,ok,35.59,-98.19
calvin,ok,34.88,-96.27
camargo,ok,36.02,-99.28
cameron,ok,35.15,-94.51
canadian,ok,35.16,-95.65
caney,ok,34.22,-96.26
canton,ok,36.04,-98.58
canute,ok,35.40,-99.28
cardin,ok,36.97,-94.85
carmen,ok,36.58,-98.46
carnegie,ok,35.12,-98.58
carney,ok,35.81,-97.02
carrier,ok,36.52,-98.00
carter,ok,35.22,-99.48
cartwright,ok,33.88,-96.55
cashion,ok,35.80,-97.68
castle,ok,35.47,-96.38
catoosa,ok,36.17,-95.73
cement,ok,34.93,-98.15
centrahoma,ok,34.61,-96.34
chandler,ok,35.70,-96.86
chattanooga,ok,34.43,-98.65
checotah,ok,35.44,-95.54
chelsea,ok,36.54,-95.45
cherokee,ok,36.76,-98.36
chester,ok,36.25,-98.88
cheyenne,ok,35.62,-99.68
chickasha,ok,35.03,-97.95
choctaw,ok,35.47,-97.27
chouteau,ok,36.17,-95.34
claremore,ok,36.32,-95.60
clarita,ok,34.48,-96.43
clayton,ok,34.59,-95.38
cleo springs,ok,36.41,-98.44
cleveland,ok,36.26,-96.42
clinton,ok,35.51,-98.98
coalgate,ok,34.53,-96.22
colbert,ok,33.86,-96.50
colcord,ok,36.23,-94.65
coleman,ok,34.26,-96.46
collinsville,ok,36.37,-95.85
colony,ok,35.34,-98.67
comanche,ok,34.38,-97.98
commerce,ok,36.93,-94.87
concho,ok,35.62,-97.99
connerville,ok,34.45,-96.64
cookson,ok,35.71,-94.91
copan,ok,36.91,-95.91
cordell,ok,35.28,-98.95
corn,ok,35.40,-98.81
council hill,ok,35.53,-95.71
countyline,ok,34.45,-97.56
covington,ok,36.31,-97.58
coweta,ok,35.96,-95.65
coyle,ok,35.90,-97.26
crawford,ok,35.84,-99.81
crescent,ok,35.94,-97.60
cromwell,ok,35.34,-96.46
crowder,ok,35.12,-95.67
cushing,ok,35.98,-96.75
custer city,ok,35.69,-98.91
cyril,ok,34.90,-98.21
dacoma,ok,36.66,-98.59
daisy,ok,34.54,-95.71
davenport,ok,35.70,-96.77
davidson,ok,34.25,-99.06
davis,ok,34.50,-97.11
deer creek,ok,36.80,-97.51
delaware,ok,36.78,-95.62
depew,ok,35.76,-96.49
devol,ok,34.20,-98.58
dewar,ok,35.46,-95.94
dewey,ok,36.80,-95.93
dibble,ok,35.03,-97.63
dill city,ok,35.28,-99.15
disney,ok,36.48,-95.01
dougherty,ok,34.40,-97.06
douglas,ok,36.25,-97.69
dover,ok,35.98,-97.91
drummond,ok,36.28,-98.04
drumright,ok,35.99,-96.52
duke,ok,34.67,-99.55
duncan,ok,34.51,-97.94
durant,ok,34.01,-96.38
durham,ok,35.84,-99.91
dustin,ok,35.25,-96.06
eagletown,ok,34.04,-94.56
eakly,ok,35.31,-98.56
earlsboro,ok,35.26,-96.80
edmond,ok,35.68,-97.53
el reno,ok,35.53,-97.96
eldorado,ok,34.47,-99.65
elgin,ok,34.77,-98.41
elk city,ok,35.41,-99.42
elmer,ok,34.51,-99.32
elmore city,ok,34.62,-97.40
enid,ok,36.40,-97.86
erick,ok,35.23,-99.86
eucha,ok,36.40,-94.92
eufaula,ok,35.29,-95.65
fairfax,ok,36.56,-96.70
fairland,ok,36.74,-94.83
fairmont,ok,36.39,-97.71
fairview,ok,36.27,-98.51
fanshawe,ok,34.95,-94.91
fargo,ok,36.41,-99.65
farris,ok,34.26,-95.84
faxon,ok,34.46,-98.56
fay,ok,35.82,-98.66
felt,ok,36.57,-102.80
finley,ok,34.34,-95.54
fittstown,ok,34.63,-96.65
fitzhugh,ok,34.66,-96.77
fletcher,ok,34.78,-98.20
forgan,ok,36.91,-100.54
ft cobb,ok,35.12,-98.43
ft gibson,ok,35.79,-95.23
ft sill,ok,34.66,-98.40
ft supply,ok,36.56,-99.53
ft towson,ok,34.05,-95.25
foss,ok,35.37,-99.15
foster,ok,34.62,-97.49
fox,ok,34.36,-97.49
foyil,ok,36.43,-95.52
francis,ok,34.87,-96.60
frederick,ok,34.40,-99.01
freedom,ok,36.81,-99.13
gage,ok,36.32,-99.76
gans,ok,35.39,-94.69
garber,ok,36.44,-97.58
garvin,ok,33.92,-94.93
gate,ok,36.88,-100.07
geary,ok,35.62,-98.39
gene autry,ok,34.28,-97.04
geronimo,ok,34.48,-98.39
glencoe,ok,36.22,-96.91
glenpool,ok,35.96,-96.00
golden,ok,34.03,-94.90
goltry,ok,36.53,-98.15
goodwell,ok,36.67,-101.71
gore,ok,35.54,-95.11
gotebo,ok,35.08,-98.88
gould,ok,34.66,-99.78
gowen,ok,34.88,-95.48
gracemont,ok,35.19,-98.28
graham,ok,34.34,-97.50
grandfield,ok,34.23,-98.69
granite,ok,34.97,-99.39
grant,ok,33.93,-95.49
greenfield,ok,35.73,-98.38
grove,ok,36.59,-94.76
guthrie,ok,35.83,-97.44
guymon,ok,36.70,-101.48
haileyville,ok,34.85,-95.58
hallett,ok,36.23,-96.57
hammon,ok,35.65,-99.40
hanna,ok,35.21,-95.90
hardesty,ok,36.60,-101.15
harrah,ok,35.48,-97.17
hartshorne,ok,34.85,-95.57
haskell,ok,35.81,-95.68
hastings,ok,34.23,-98.11
haworth,ok,33.79,-94.58
headrick,ok,34.72,-99.24
healdton,ok,34.23,-97.49
heavener,ok,34.84,-94.62
helena,ok,36.54,-98.28
hendrix,ok,33.80,-96.36
hennepin,ok,34.51,-97.35
hennessey,ok,36.09,-97.89
henryetta,ok,35.45,-95.98
hillsdale,ok,36.56,-97.99
hinton,ok,35.47,-98.33
hitchcock,ok,35.97,-98.33
hitchita,ok,35.52,-95.75
hobart,ok,35.03,-99.09
hodgen,ok,34.75,-94.64
holdenville,ok,35.08,-96.38
hollis,ok,34.70,-99.92
hollister,ok,34.35,-98.88
hominy,ok,36.41,-96.39
hooker,ok,36.85,-101.19
hopeton,ok,36.69,-98.67
howe,ok,34.93,-94.66
hoyt,ok,35.27,-95.30
hugo,ok,34.01,-95.51
hulbert,ok,35.93,-95.17
hunter,ok,36.56,-97.64
hydro,ok,35.45,-98.56
idabel,ok,33.89,-94.80
indiahoma,ok,34.62,-98.73
indianola,ok,35.09,-95.78
inola,ok,36.15,-95.52
isabella,ok,36.23,-98.34
jay,ok,36.44,-94.78
jenks,ok,36.01,-95.98
jennings,ok,36.19,-96.57
jet,ok,36.69,-98.17
jones,ok,35.58,-97.29
kansas,ok,36.22,-94.81
kaw city,ok,36.79,-96.90
kellyville,ok,35.92,-96.22
kemp,ok,33.77,-96.35
kenefic,ok,34.13,-96.39
kenton,ok,36.86,-102.91
keota,ok,35.26,-94.90
ketchum,ok,36.53,-95.03
keyes,ok,36.80,-102.24
kiamichi christian mission,ok,34.59,-94.99
kiefer,ok,35.94,-96.06
kingfisher,ok,35.86,-97.95
kingston,ok,33.95,-96.71
kinta,ok,35.20,-95.32
kiowa,ok,34.73,-95.93
konawa,ok,34.97,-96.73
krebs,ok,34.93,-95.72
kremlin,ok,36.52,-97.85
lahoma,ok,36.39,-98.07
lamar,ok,35.08,-96.11
lamont,ok,36.69,-97.56
lane,ok,34.27,-95.97
langley,ok,36.46,-95.05
langston,ok,35.95,-97.25
laverne,ok,36.71,-99.89
lawton,ok,34.59,-98.37
lebanon,ok,33.96,-96.86
leedey,ok,35.87,-99.35
leflore,ok,34.90,-94.98
lehigh,ok,34.47,-96.22
lenapah,ok,36.88,-95.62
leon,ok,33.92,-97.45
leonard,ok,35.92,-95.80
lequire,ok,35.10,-95.11
lexington,ok,35.04,-97.26
lindsay,ok,34.82,-97.60
loco,ok,34.32,-97.67
locust grove,ok,36.18,-95.17
lone grove,ok,34.18,-97.27
lone wolf,ok,34.98,-99.25
longdale,ok,36.12,-98.55
lookeba,ok,35.37,-98.39
loveland,ok,34.39,-98.72
loyal,ok,35.97,-98.12
lucien,ok,36.28,-97.45
luther,ok,35.63,-97.18
macomb,ok,35.12,-97.03
madill,ok,34.07,-96.79
manchester,ok,36.97,-98.04
mangum,ok,34.88,-99.51
manitou,ok,34.51,-98.98
mannford,ok,36.09,-96.36
mannsville,ok,34.19,-96.88
maramec,ok,36.22,-96.68
marble city,ok,35.58,-94.82
marietta,ok,33.94,-97.11
marland,ok,36.56,-97.10
marlow,ok,34.64,-97.94
marshall,ok,36.15,-97.62
martha,ok,34.73,-99.39
maud,ok,35.13,-96.76
may,ok,36.63,-99.72
maysville,ok,34.81,-97.41
mcalester,ok,34.93,-95.76
mccurtain,ok,35.14,-95.01
mcloud,ok,35.42,-97.11
mead,ok,33.99,-96.53
medford,ok,36.81,-97.72
medicine park,ok,34.73,-98.50
meeker,ok,35.52,-97.00
meers,ok,34.78,-98.58
meno,ok,36.38,-98.16
meridian,ok,35.85,-97.25
miami,ok,36.88,-94.87
milburn,ok,34.20,-96.54
milfay,ok,35.76,-96.57
mill creek,ok,34.31,-96.79
millerton,ok,33.99,-95.01
minco,ok,35.31,-97.97
moffett,ok,35.39,-94.45
monroe,ok,34.99,-94.52
moodys,ok,36.03,-94.96
mooreland,ok,36.44,-99.18
morris,ok,35.66,-95.83
morrison,ok,36.29,-97.02
mounds,ok,35.91,-96.07
mountain park,ok,34.70,-98.96
mountain view,ok,35.07,-98.73
moyers,ok,34.34,-95.66
muldrow,ok,35.40,-94.63
mulhall,ok,36.05,-97.41
muse,ok,34.66,-94.72
muskogee,ok,35.73,-95.38
mustang,ok,35.39,-97.73
mutual,ok,36.21,-99.11
nardin,ok,36.82,-97.43
nash,ok,36.70,-98.03
nashoba,ok,34.51,-95.21
newalla,ok,35.37,-97.20
newcastle,ok,35.25,-97.62
newkirk,ok,36.89,-97.05
nicoma park,ok,35.49,-97.32
ninnekah,ok,34.91,-97.93
noble,ok,35.14,-97.34
norman,ok,35.22,-97.44
north miami,ok,36.92,-94.88
nowata,ok,36.69,-95.64
oakhurst,ok,36.08,-96.06
oaks,ok,36.17,-94.85
oakwood,ok,35.92,-98.71
ochelata,ok,36.59,-95.97
oilton,ok,36.08,-96.58
okarche,ok,35.75,-97.93
okay,ok,35.85,-95.32
okeene,ok,36.12,-98.33
okemah,ok,35.45,-96.31
oklahoma city,ok,35.33,-97.49
okmulgee,ok,35.63,-95.97
oktaha,ok,35.63,-95.49
olustee,ok,34.55,-99.43
omega,ok,35.85,-98.19
oologah,ok,36.44,-95.73
orlando,ok,36.14,-97.40
osage,ok,36.28,-96.38
oscar,ok,33.97,-97.76
overbrook,ok,34.05,-97.13
owasso,ok,36.29,-95.82
paden,ok,35.52,-96.57
panama,ok,35.17,-94.67
panola,ok,34.93,-95.21
paoli,ok,34.83,-97.26
park hill,ok,35.80,-94.98
pauls valley,ok,34.74,-97.22
pawhuska,ok,36.69,-96.31
pawnee,ok,36.34,-96.79
peggs,ok,36.06,-94.99
perkins,ok,35.98,-97.04
perry,ok,36.29,-97.28
picher,ok,36.98,-94.82
pickens,ok,34.40,-95.01
piedmont,ok,35.67,-97.74
pittsburg,ok,34.70,-95.84
platter,ok,33.91,-96.53
pocasset,ok,35.15,-97.98
pocola,ok,35.24,-94.48
ponca city,ok,36.70,-97.08
pond creek,ok,36.66,-97.80
porter,ok,35.86,-95.51
porum,ok,35.36,-95.26
poteau,ok,35.06,-94.61
prague,ok,35.51,-96.70
preston,ok,35.71,-95.99
proctor,ok,35.97,-94.74
prue,ok,36.25,-96.27
pryor,ok,36.29,-95.31
purcell,ok,35.01,-97.43
putnam,ok,35.85,-98.96
quapaw,ok,36.93,-94.74
quinton,ok,35.15,-95.47
ralston,ok,36.50,-96.78
ramona,ok,36.58,-95.90
randlett,ok,34.17,-98.46
ratliff city,ok,34.45,-97.51
rattan,ok,34.25,-95.34
ravia,ok,34.24,-96.75
red oak,ok,34.94,-95.09
red rock,ok,36.47,-97.16
redbird,ok,35.89,-95.59
rentiesville,ok,35.52,-95.49
reydon,ok,35.66,-99.92
ringling,ok,34.17,-97.60
ringold,ok,34.18,-95.07
ringwood,ok,36.38,-98.27
ripley,ok,36.00,-96.90
rocky,ok,35.15,-99.05
roff,ok,34.62,-96.84
roland,ok,35.45,-94.53
roosevelt,ok,34.85,-98.98
rose,ok,36.21,-94.99
rosston,ok,36.88,-99.90
rufe,ok,34.16,-95.14
rush springs,ok,34.77,-97.94
ryan,ok,34.02,-97.95
s coffeyville,ok,36.98,-95.61
st louis,ok,35.07,-96.85
salina,ok,36.31,-95.12
sallisaw,ok,35.49,-94.78
sand springs,ok,36.13,-96.14
sapulpa,ok,36.00,-96.11
sasakwa,ok,34.95,-96.54
savanna,ok,34.83,-95.84
sawyer,ok,34.03,-95.36
sayre,ok,35.30,-99.64
schulter,ok,35.51,-95.96
seiling,ok,36.13,-98.89
seminole,ok,35.22,-96.67
sentinel,ok,35.16,-99.17
shady point,ok,35.13,-94.67
shamrock,ok,35.91,-96.58
sharon,ok,36.27,-99.36
shattuck,ok,36.29,-99.88
shawnee,ok,35.35,-96.93
shidler,ok,36.81,-96.67
skiatook,ok,36.37,-96.01
slick,ok,35.78,-96.27
smithville,ok,34.48,-94.62
snow,ok,34.38,-95.43
snyder,ok,34.65,-98.95
soper,ok,34.04,-95.69
southard,ok,36.07,-98.45
sparks,ok,35.61,-96.82
spavinaw,ok,36.42,-95.03
spencer,ok,35.52,-97.35
spencerville,ok,34.13,-95.38
sperry,ok,36.30,-95.98
spiro,ok,35.25,-94.63
springer,ok,34.30,-97.12
sterling,ok,34.75,-98.17
stidham,ok,35.38,-95.71
stigler,ok,35.27,-95.11
stillwater,ok,36.10,-97.06
stilwell,ok,35.81,-94.63
stonewall,ok,34.67,-96.54
strang,ok,36.46,-95.07
stratford,ok,34.77,-96.98
stringtown,ok,34.47,-96.00
stroud,ok,35.78,-96.68
stuart,ok,34.88,-96.14
sulphur,ok,34.51,-96.98
sweetwater,ok,35.45,-99.90
swink,ok,34.02,-95.20
taft,ok,35.76,-95.55
tahlequah,ok,35.91,-94.98
talala,ok,36.54,-95.71
talihina,ok,34.74,-95.00
taloga,ok,36.00,-98.98
tatums,ok,34.48,-97.46
tecumseh,ok,35.25,-96.97
temple,ok,34.26,-98.24
terlton,ok,36.19,-96.49
terral,ok,33.90,-97.94
texhoma,ok,36.53,-101.84
texola,ok,35.22,-99.98
thackerville,ok,33.79,-97.14
thomas,ok,35.74,-98.74
tinker afb,ok,35.42,-97.40
tipton,ok,34.51,-99.13
tishomingo,ok,34.26,-96.67
tonkawa,ok,36.68,-97.31
tryon,ok,35.86,-97.00
tulsa,ok,36.06,-96.06
tupelo,ok,34.56,-96.43
turpin,ok,36.91,-100.87
tuskahoma,ok,34.73,-95.22
tussy,ok,34.51,-97.54
tuttle,ok,35.27,-97.74
twin oaks,ok,36.19,-94.85
tyrone,ok,36.96,-101.06
union city,ok,35.39,-97.94
valliant,ok,34.01,-95.07
velma,ok,34.46,-97.67
vera,ok,36.45,-95.88
verden,ok,35.08,-98.08
vian,ok,35.54,-94.99
vici,ok,36.14,-99.27
vinita,ok,36.63,-95.14
vinson,ok,34.91,-99.83
wagoner,ok,35.95,-95.35
wainwright,ok,35.61,-95.56
wakita,ok,36.88,-97.94
walters,ok,34.36,-98.31
wanette,ok,35.00,-97.04
wann,ok,36.94,-95.78
wapanucka,ok,34.39,-96.45
wardville,ok,34.57,-96.02
warner,ok,35.49,-95.31
washington,ok,35.13,-97.49
washita,ok,35.10,-98.34
watonga,ok,35.85,-98.42
watson,ok,34.42,-94.56
watts,ok,36.12,-94.63
waukomis,ok,36.28,-97.90
waurika,ok,34.17,-98.00
wayne,ok,34.92,-97.33
waynoka,ok,36.59,-98.85
weatherford,ok,35.54,-98.70
webbers falls,ok,35.51,-95.17
welch,ok,36.90,-95.13
weleetka,ok,35.34,-96.11
welling,ok,35.88,-94.87
wellston,ok,35.68,-97.06
westville,ok,35.99,-94.59
wetumka,ok,35.24,-96.24
wewoka,ok,35.18,-96.50
wheatland,ok,35.40,-97.65
whitefield,ok,35.25,-95.24
whitesboro,ok,34.68,-94.87
wilburton,ok,34.91,-95.34
willow,ok,35.07,-99.54
wilson,ok,34.16,-97.42
wister,ok,34.96,-94.78
woodward,ok,36.43,-99.40
wright city,ok,34.08,-94.99
wyandotte,ok,36.78,-94.70
wynnewood,ok,34.64,-97.18
wynona,ok,36.51,-96.37
yale,ok,36.11,-96.70
yukon,ok,35.51,-97.76
adams,or,45.75,-118.62
adel,or,42.15,-119.88
adrian,or,43.65,-117.06
agness,or,42.57,-124.06
albany,or,44.63,-123.09
allegany,or,43.43,-124.03
alsea,or,44.37,-123.61
alvadore,or,44.13,-123.26
amity,or,45.12,-123.17
antelope,or,44.89,-120.79
arch cape,or,45.80,-123.97
arlington,or,45.67,-120.20
arock,or,43.97,-117.03
ashland,or,42.19,-122.69
ashwood,or,44.72,-120.72
astoria,or,46.16,-123.80
athena,or,45.83,-118.50
aumsville,or,44.82,-122.88
aurora,or,45.23,-122.80
azalea,or,42.84,-123.16
baker city,or,44.78,-117.83
bandon,or,43.10,-124.40
banks,or,45.65,-123.12
bates,or,44.59,-118.51
bay city,or,45.52,-123.88
beatty,or,42.44,-121.22
beaver,or,45.28,-123.82
beavercreek,or,45.26,-122.48
beaverton,or,45.48,-122.81
bend,or,44.09,-121.29
blachly,or,44.20,-123.53
blodgett,or,44.63,-123.61
blue river,or,44.18,-122.22
bly,or,42.40,-121.04
boardman,or,45.83,-119.72
bonanza,or,42.25,-121.33
boring,or,45.43,-122.38
bridal veil,or,45.56,-122.18
bridgeport,or,44.49,-117.74
brightwood,or,45.37,-122.00
broadbent,or,42.99,-124.12
brogan,or,44.20,-117.59
brookings,or,42.06,-124.27
brothers,or,43.78,-120.48
brownsville,or,44.38,-122.95
burns,or,43.51,-119.05
butte falls,or,42.55,-122.56
buxton,or,45.74,-123.21
camas valley,or,43.06,-123.67
camp sherman,or,44.45,-121.64
canby,or,45.25,-122.68
cannon beach,or,45.88,-123.96
canyon city,or,44.41,-118.95
canyonville,or,42.93,-123.28
carlton,or,45.29,-123.15
cascade locks,or,45.67,-121.88
cascadia,or,44.39,-122.46
cave junction,or,42.13,-123.63
central point,or,42.39,-122.92
chemult,or,43.12,-121.84
cheshire,or,44.18,-123.37
chiloquin,or,42.55,-121.74
christmas valley,or,43.24,-120.64
clackamas,or,45.41,-122.52
clatskanie,or,46.10,-123.21
cloverdale,or,45.29,-123.84
colton,or,45.16,-122.42
columbia city,or,45.89,-122.81
condon,or,45.23,-120.19
coos bay,or,43.36,-124.23
coquille,or,43.19,-124.20
corbett,or,45.52,-122.24
cornelius,or,45.53,-123.04
corvallis,or,44.59,-123.27
cottage grove,or,43.78,-123.05
cove,or,45.32,-117.81
crabtree,or,44.64,-122.90
crane,or,43.43,-118.46
crater lake,or,42.94,-122.11
crawfordsville,or,44.36,-122.86
crescent,or,43.50,-121.66
crescent lake,or,43.51,-121.97
creswell,or,43.91,-123.03
culp creek,or,43.68,-122.75
culver,or,44.48,-121.23
curtin,or,43.72,-123.21
dairy,or,42.26,-121.64
dallas,or,44.92,-123.32
damascus,or,45.43,-122.44
days creek,or,42.98,-123.14
dayton,or,45.20,-123.08
dayville,or,44.47,-119.53
deadwood,or,44.15,-123.69
deer island,or,45.94,-122.90
depoe bay,or,44.85,-124.03
detroit,or,44.78,-122.18
dexter,or,43.92,-122.84
diamond,or,43.01,-118.67
dillard,or,43.10,-123.43
donald,or,45.22,-122.84
dorena,or,43.76,-122.89
drain,or,43.69,-123.29
drewsey,or,43.86,-118.47
dufur,or,45.43,-121.15
dundee,or,45.28,-123.02
durkee,or,44.58,-117.46
eagle creek,or,45.36,-122.34
eagle point,or,42.49,-122.81
echo,or,45.74,-119.19
eddyville,or,44.64,-123.75
elgin,or,45.59,-117.91
elkton,or,43.64,-123.59
elmira,or,44.09,-123.37
enterprise,or,45.44,-117.29
estacada,or,45.29,-122.33
eugene,or,44.07,-123.08
fairview,or,45.54,-122.43
fall creek,or,43.96,-122.79
falls city,or,44.87,-123.45
fields,or,42.26,-118.67
florence,or,43.99,-124.10
forest grove,or,45.53,-123.12
ft klamath,or,42.70,-121.99
ft rock,or,43.45,-121.08
fossil,or,44.99,-120.21
foster,or,44.38,-122.54
frenchglen,or,42.83,-118.91
gales creek,or,45.60,-123.23
gardiner,or,43.79,-124.14
garibaldi,or,45.56,-123.91
gaston,or,45.44,-123.17
gates,or,44.75,-122.40
gervais,or,45.11,-122.90
gilchrist,or,43.31,-121.89
gladstone,or,45.39,-122.59
glendale,or,42.75,-123.39
gleneden beach,or,44.88,-124.03
glide,or,43.28,-122.96
gold beach,or,42.43,-124.40
gold hill,or,42.42,-123.09
government camp,or,45.32,-121.79
grand ronde,or,45.07,-123.63
grants pass,or,42.46,-123.35
grass valley,or,45.30,-120.75
gresham,or,45.52,-122.42
haines,or,44.88,-117.98
halfway,or,44.90,-117.11
halsey,or,44.39,-123.13
hammond,or,46.20,-123.95
happy valley,or,45.44,-122.53
harper,or,43.87,-117.53
harrisburg,or,44.27,-123.14
hebo,or,45.21,-123.87
helix,or,45.87,-118.72
heppner,or,45.35,-119.54
hereford,or,44.64,-117.99
hermiston,or,45.84,-119.28
hillsboro,or,45.50,-122.96
hines,or,43.56,-119.08
hood river,or,45.67,-121.54
hubbard,or,45.16,-122.75
huntington,or,44.38,-117.31
idanha,or,44.70,-122.05
idleyld park,or,43.37,-122.90
imbler,or,45.46,-117.95
imnaha,or,45.51,-116.83
independence,or,44.85,-123.19
ione,or,45.54,-119.77
ironside,or,44.30,-117.94
irrigon,or,45.89,-119.51
jacksonville,or,42.25,-123.03
jamieson,or,44.18,-117.44
jefferson,or,44.75,-123.01
john day,or,44.41,-119.11
jordan valley,or,42.88,-117.28
joseph,or,45.35,-117.21
junction city,or,44.20,-123.23
juntura,or,43.83,-118.09
keizer,or,44.99,-123.03
keno,or,42.18,-121.97
kent,or,45.08,-120.66
kerby,or,42.21,-123.66
kimberly,or,44.72,-119.60
klamath falls,or,42.23,-121.79
la grande,or,45.33,-118.09
la pine,or,43.71,-121.52
lafayette,or,45.25,-123.11
lake oswego,or,45.41,-122.68
lakeside,or,43.58,-124.16
lakeview,or,42.19,-120.38
langlois,or,42.92,-124.44
lebanon,or,44.53,-122.88
lexington,or,45.43,-119.75
lincoln city,or,44.97,-124.00
logsden,or,44.75,-123.77
long creek,or,44.76,-119.10
lorane,or,43.83,-123.25
lostine,or,45.49,-117.44
lowell,or,43.92,-122.78
lyons,or,44.78,-122.82
madras,or,44.64,-121.13
malin,or,42.02,-121.42
manning,or,45.65,-123.19
manzanita,or,45.72,-123.93
mapleton,or,44.03,-123.87
marcola,or,44.21,-122.82
marylhurst,or,45.40,-122.65
maupin,or,45.07,-121.23
mcminnville,or,45.21,-123.20
meacham,or,45.51,-118.42
medford,or,42.32,-122.89
mehama,or,44.79,-122.62
merlin,or,42.53,-123.44
merrill,or,42.03,-121.60
midland,or,42.13,-121.82
mikkalo,or,45.72,-120.20
mill city,or,44.75,-122.48
milton freewater,or,45.95,-118.39
mitchell,or,44.57,-120.15
molalla,or,45.12,-122.58
monmouth,or,44.84,-123.25
monroe,or,44.32,-123.32
monument,or,44.82,-119.43
moro,or,45.49,-120.70
mosier,or,45.66,-121.32
mt angel,or,45.07,-122.79
mt hood parkdale,or,45.52,-121.59
mt vernon,or,44.42,-119.11
mulino,or,45.21,-122.54
murphy,or,42.35,-123.33
myrtle creek,or,43.02,-123.29
myrtle point,or,43.07,-124.12
nehalem,or,45.72,-123.90
neotsu,or,45.00,-123.98
neskowin,or,45.18,-123.93
netarts,or,45.44,-123.94
new pine creek,or,42.03,-120.29
newberg,or,45.31,-122.97
newport,or,44.65,-124.05
north bend,or,43.43,-124.21
north plains,or,45.60,-122.99
north powder,or,45.03,-117.93
noti,or,44.12,-123.46
nyssa,or,43.86,-117.03
o brien,or,42.07,-123.72
oakland,or,43.45,-123.36
oakridge,or,43.75,-122.46
oceanside,or,45.46,-123.97
odell,or,45.62,-121.44
ontario,or,44.04,-116.98
ophir,or,42.56,-124.38
oregon city,or,45.34,-122.57
otis,or,45.01,-123.93
otter rock,or,44.75,-124.06
oxbow,or,44.98,-116.86
pacific city,or,45.20,-123.96
paisley,or,42.70,-120.55
paulina,or,44.21,-119.78
pendleton,or,45.66,-118.78
philomath,or,44.55,-123.39
phoenix,or,42.28,-122.82
pilot rock,or,45.42,-118.85
pleasant hill,or,43.95,-122.93
plush,or,42.50,-119.89
port orford,or,42.76,-124.49
portland,or,45.44,-122.62
post,or,44.08,-120.30
powell butte,or,44.24,-121.01
powers,or,42.89,-124.07
prairie city,or,44.46,-118.70
princeton,or,43.25,-118.58
prineville,or,44.30,-120.83
prospect,or,42.75,-122.51
rainier,or,46.06,-122.97
redmond,or,44.28,-121.19
reedsport,or,43.70,-124.11
rhododendron,or,45.36,-121.95
richland,or,44.80,-117.30
rickreall,or,45.02,-123.21
riddle,or,42.94,-123.36
riley,or,44.93,-116.90
riverside,or,43.47,-118.10
rockaway beach,or,45.61,-123.91
rogue river,or,42.49,-123.16
rose lodge,or,45.01,-123.88
roseburg,or,43.22,-123.37
rufus,or,45.69,-120.73
saginaw,or,43.83,-123.04
st benedict,or,45.06,-122.78
st helens,or,45.86,-122.83
st paul,or,45.20,-122.97
salem,or,44.93,-122.98
sandy,or,45.38,-122.22
scappoose,or,45.77,-122.89
scio,or,44.72,-122.77
scotts mills,or,45.02,-122.67
scottsburg,or,43.68,-123.80
seal rock,or,44.48,-124.06
seaside,or,45.97,-123.88
selma,or,42.30,-123.57
seneca,or,44.13,-119.06
shady cove,or,42.61,-122.81
shaniko,or,45.05,-120.81
shedd,or,44.45,-123.11
sheridan,or,45.09,-123.40
sherwood,or,45.35,-122.86
siletz,or,44.73,-123.91
silver lake,or,43.26,-120.78
silverton,or,44.99,-122.76
sisters,or,44.31,-121.52
sixes,or,42.82,-124.44
south beach,or,44.57,-124.06
sprague river,or,42.46,-121.50
spray,or,44.82,-119.83
springfield,or,44.06,-123.02
stanfield,or,45.79,-119.21
stayton,or,44.80,-122.76
sublimity,or,44.84,-122.80
summer lake,or,42.83,-121.06
summerville,or,45.51,-118.03
sumpter,or,44.73,-118.19
sutherlin,or,43.39,-123.30
sweet home,or,44.40,-122.73
swisshome,or,44.09,-123.83
talent,or,42.24,-122.79
tangent,or,44.55,-123.11
tenmile,or,43.14,-123.53
terrebonne,or,44.36,-121.17
the dalles,or,45.60,-121.19
thurston,or,44.05,-123.02
tidewater,or,44.41,-123.91
tillamook,or,45.45,-123.82
tiller,or,42.99,-122.91
timber,or,45.73,-123.31
toledo,or,44.63,-123.93
tolovana park,or,45.89,-123.96
trail,or,42.69,-122.82
troutdale,or,45.53,-122.37
tualatin,or,45.37,-122.76
turner,or,44.85,-122.95
tygh valley,or,45.23,-121.30
ukiah,or,45.13,-118.93
umatilla,or,45.92,-119.31
umpqua,or,43.37,-123.54
union,or,45.20,-117.85
unity,or,44.45,-118.16
vale,or,44.00,-117.27
veneta,or,44.04,-123.35
vernonia,or,45.86,-123.20
vida,or,44.13,-122.50
waldport,or,44.41,-124.04
wallowa,or,45.57,-117.54
walterville,or,44.14,-122.63
walton,or,44.03,-123.59
warm springs,or,44.75,-121.29
warren,or,45.83,-122.86
warrenton,or,46.15,-123.93
wasco,or,45.60,-120.73
wedderburn,or,42.43,-124.41
welches,or,45.34,-121.96
west linn,or,45.37,-122.65
westfall,or,43.99,-117.69
westfir,or,43.76,-122.51
westlake,or,43.91,-124.03
weston,or,45.81,-118.37
wheeler,or,45.69,-123.88
white city,or,42.43,-122.83
wilbur,or,43.32,-123.34
wilderville,or,42.39,-123.51
willamina,or,45.08,-123.50
williams,or,42.22,-123.28
wilsonville,or,45.30,-122.77
winchester,or,43.28,-123.35
winston,or,43.10,-123.43
wolf creek,or,42.66,-123.35
woodburn,or,45.14,-122.86
yachats,or,44.33,-124.09
yamhill,or,45.34,-123.20
yoncalla,or,43.60,-123.29
aaronsburg,pa,40.88,-77.39
abbottstown,pa,39.89,-76.99
abington,pa,40.13,-75.13
ackermanville,pa,40.86,-75.21
acme,pa,40.10,-79.48
acosta,pa,40.11,-79.07
adah,pa,39.88,-79.89
adamsburg,pa,40.31,-79.66
adamstown,pa,40.24,-76.06
adamsville,pa,41.51,-80.38
addison,pa,39.76,-79.32
adrian,pa,40.90,-79.51
airville,pa,39.82,-76.40
akron,pa,40.16,-76.21
alba,pa,41.70,-76.83
albion,pa,41.89,-80.38
albrightsville,pa,40.97,-75.58
alburtis,pa,40.49,-75.62
aleppo,pa,39.82,-80.46
alexandria,pa,40.55,-78.11
aliquippa,pa,40.60,-80.28
allenport,pa,40.09,-79.85
allensville,pa,40.52,-77.83
allentown,pa,40.60,-75.47
allenwood,pa,41.13,-76.97
allison,pa,39.98,-79.88
allison park,pa,40.57,-79.97
allport,pa,40.98,-78.21
altoona,pa,40.52,-78.41
alum bank,pa,40.19,-78.62
alverda,pa,40.63,-78.86
alverton,pa,40.13,-79.56
amberson,pa,40.17,-77.68
ambler,pa,40.17,-75.21
ambridge,pa,40.60,-80.22
amity,pa,40.06,-80.19
analomink,pa,41.05,-75.22
andreas,pa,40.75,-75.83
anita,pa,41.00,-78.97
annville,pa,40.35,-76.54
antes ft,pa,41.19,-77.22
apollo,pa,40.56,-79.58
aquashicola,pa,40.81,-75.59
arcadia,pa,40.78,-78.85
archbald,pa,41.50,-75.56
arcola,pa,40.15,-75.46
ardara,pa,40.36,-79.73
ardmore,pa,40.00,-75.30
arendtsville,pa,39.92,-77.30
aristes,pa,40.82,-76.34
armagh,pa,40.44,-79.01
armbrust,pa,40.24,-79.55
arnot,pa,41.66,-77.12
arona,pa,40.27,-79.66
artemas,pa,39.76,-78.40
ashfield,pa,40.78,-75.71
ashland,pa,40.77,-76.34
ashville,pa,40.55,-78.53
aspers,pa,39.98,-77.23
aston,pa,39.86,-75.43
atglen,pa,39.95,-75.97
athens,pa,41.95,-76.49
atlantic,pa,41.53,-80.29
atlasburg,pa,40.34,-80.38
auburn,pa,40.60,-76.13
audubon,pa,40.12,-75.44
aultman,pa,40.54,-79.22
austin,pa,41.63,-78.09
avella,pa,40.27,-80.46
avis,pa,41.18,-77.31
avondale,pa,39.82,-75.77
avonmore,pa,40.52,-79.49
baden,pa,40.64,-80.20
bainbridge,pa,40.11,-76.67
bairdford,pa,40.63,-79.88
bakerstown,pa,40.65,-79.93
bala cynwyd,pa,40.01,-75.23
bally,pa,40.40,-75.59
bangor,pa,40.85,-75.20
barnesville,pa,40.81,-76.06
bart,pa,39.92,-76.08
barto,pa,40.38,-75.57
bartonsville,pa,41.01,-75.30
bath,pa,40.76,-75.41
bausman,pa,40.02,-76.33
beach haven,pa,41.07,-76.18
beach lake,pa,41.60,-75.12
beallsville,pa,40.06,-80.03
bear creek,pa,41.12,-75.72
bear lake,pa,41.97,-79.46
beaver,pa,40.70,-80.34
beaver falls,pa,40.77,-80.34
beaver meadows,pa,40.92,-75.94
beaver springs,pa,40.75,-77.23
beaverdale,pa,40.32,-78.70
beavertown,pa,40.78,-77.17
beccaria,pa,40.76,-78.51
bechtelsville,pa,40.38,-75.63
bedford,pa,39.99,-78.53
bedminster,pa,40.43,-75.18
beech creek,pa,41.08,-77.59
belle vernon,pa,40.14,-79.83
bellefonte,pa,40.91,-77.76
belleville,pa,40.60,-77.74
bellwood,pa,40.60,-78.34
belsano,pa,40.52,-78.87
bendersville,pa,39.98,-77.25
benezett,pa,41.33,-78.36
bensalem,pa,40.11,-74.94
bentleyville,pa,40.12,-80.01
benton,pa,41.22,-76.34
berlin,pa,39.92,-78.96
bernville,pa,40.46,-76.12
berrysburg,pa,40.60,-76.81
berwick,pa,41.07,-76.24
berwyn,pa,40.04,-75.45
bessemer,pa,40.98,-80.49
bethel,pa,40.48,-76.27
bethel park,pa,40.32,-80.04
bethlehem,pa,40.63,-75.40
beyer,pa,40.79,-79.20
big cove tannery,pa,39.89,-78.01
big run,pa,40.97,-78.88
bigler,pa,40.98,-78.31
biglerville,pa,39.93,-77.29
birchrunville,pa,40.13,-75.64
bird in hand,pa,40.06,-76.18
birdsboro,pa,40.26,-75.83
black lick,pa,40.47,-79.19
blain,pa,40.33,-77.51
blairs mills,pa,40.25,-77.77
blairsville,pa,40.44,-79.25
blakeslee,pa,41.05,-75.53
blanchard,pa,41.06,-77.60
blandburg,pa,40.69,-78.41
blandon,pa,40.44,-75.88
blooming glen,pa,40.37,-75.25
bloomsburg,pa,41.01,-76.44
blossburg,pa,41.67,-77.08
blue ball,pa,40.12,-76.05
blue bell,pa,40.16,-75.28
blue ridge summit,pa,39.73,-77.47
boalsburg,pa,40.78,-77.78
bobtown,pa,39.76,-79.98
boiling springs,pa,40.14,-77.12
bolivar,pa,40.37,-79.16
boswell,pa,40.19,-79.04
bovard,pa,40.32,-79.50
bowers,pa,40.49,-75.74
bowmansdale,pa,40.17,-76.98
bowmanstown,pa,40.80,-75.66
bowmansville,pa,40.20,-76.02
boyers,pa,41.11,-79.90
boyertown,pa,40.33,-75.66
boynton,pa,39.77,-79.07
brackenridge,pa,40.61,-79.74
brackney,pa,41.97,-75.94
braddock,pa,40.41,-79.86
bradenville,pa,40.30,-79.31
bradford,pa,41.95,-78.65
bradfordwoods,pa,40.63,-80.08
branchdale,pa,40.66,-76.33
branchton,pa,41.07,-79.99
brandamore,pa,40.05,-75.82
brandy camp,pa,41.32,-78.69
brave,pa,39.72,-80.26
breezewood,pa,39.99,-78.25
breinigsville,pa,40.55,-75.66
bridgeport,pa,40.10,-75.34
bridgeville,pa,40.35,-80.12
brier hill,pa,39.98,-79.83
brisbin,pa,40.84,-78.35
bristol,pa,40.11,-74.86
broad top,pa,40.20,-78.14
brockport,pa,41.28,-78.71
brockton,pa,40.76,-76.05
brockway,pa,41.24,-78.81
brodheadsville,pa,40.93,-75.41
brogue,pa,39.88,-76.49
brookhaven,pa,39.87,-75.39
brooklyn,pa,41.75,-75.81
brookville,pa,41.16,-79.06
broomall,pa,39.97,-75.36
brownfield,pa,39.86,-79.71
brownstown,pa,40.12,-76.21
brownsville,pa,40.03,-79.92
bruin,pa,41.06,-79.73
brush valley,pa,40.53,-79.06
bryn athyn,pa,40.13,-75.07
bryn mawr,pa,40.02,-75.33
buck hill falls,pa,41.19,-75.27
buckingham,pa,40.32,-75.06
buena vista,pa,40.28,-79.79
buffalo mills,pa,39.92,-78.70
bulger,pa,40.41,-80.36
bunola,pa,40.24,-79.95
burgettstown,pa,40.39,-80.44
burlington,pa,41.78,-76.61
burnham,pa,40.64,-77.56
burnside,pa,40.81,-78.79
burnt cabins,pa,40.08,-77.90
bushkill,pa,41.13,-75.01
butler,pa,40.86,-79.90
byrnedale,pa,41.29,-78.51
cabot,pa,40.78,-79.77
cadogan,pa,40.75,-79.58
cairnbrook,pa,40.11,-78.81
california,pa,40.06,-79.90
callensburg,pa,41.13,-79.56
callery,pa,40.74,-80.04
calumet,pa,40.21,-79.49
calvin,pa,40.30,-78.02
cambra,pa,41.20,-76.31
cambridge springs,pa,41.79,-80.03
cammal,pa,41.38,-77.46
camp hill,pa,40.24,-76.92
campbelltown,pa,40.28,-76.59
camptown,pa,41.73,-76.23
canadensis,pa,41.23,-75.26
canonsburg,pa,40.27,-80.15
canton,pa,41.65,-76.86
carbondale,pa,41.58,-75.51
cardale,pa,39.96,-79.87
carlisle,pa,40.20,-77.20
carlton,pa,41.48,-80.02
carmichaels,pa,39.88,-79.97
carnegie,pa,40.40,-80.09
carrolltown,pa,40.59,-78.70
carversville,pa,40.39,-75.06
cashtown,pa,39.88,-77.36
cassandra,pa,40.41,-78.64
cassville,pa,40.29,-78.03
castanea,pa,41.12,-77.43
catasauqua,pa,40.66,-75.47
catawissa,pa,40.92,-76.44
cecil,pa,40.32,-80.20
cedar run,pa,41.50,-77.49
cedars,pa,40.21,-75.37
center valley,pa,40.54,-75.42
centerport,pa,40.49,-76.01
centerville,pa,41.72,-79.79
central city,pa,40.09,-78.84
centre hall,pa,40.83,-77.67
chadds ford,pa,39.86,-75.59
chalfont,pa,40.29,-75.21
chalk hill,pa,39.83,-79.60
chambersburg,pa,39.93,-77.66
chambersville,pa,40.71,-79.16
champion,pa,40.04,-79.32
chandlers valley,pa,41.93,-79.30
charleroi,pa,40.14,-79.92
chatham,pa,39.85,-75.82
cheltenham,pa,40.06,-75.10
cherry tree,pa,40.76,-78.85
cherryville,pa,40.74,-75.55
chest springs,pa,40.58,-78.61
chester,pa,39.85,-75.37
chester heights,pa,39.89,-75.48
chester springs,pa,40.10,-75.64
chestnut ridge,pa,39.98,-79.81
cheswick,pa,40.57,-79.84
cheyney,pa,39.92,-75.55
chicora,pa,40.95,-79.75
chinchilla,pa,41.48,-75.68
christiana,pa,39.94,-76.03
clairton,pa,40.30,-79.91
clarence,pa,41.06,-77.93
clarendon,pa,41.73,-79.17
claridge,pa,40.37,-79.62
clarington,pa,41.32,-79.15
clarion,pa,41.21,-79.38
clark,pa,41.29,-80.43
clarks mills,pa,41.39,-80.18
clarks summit,pa,41.49,-75.71
clarksburg,pa,40.50,-79.37
clarksville,pa,39.99,-80.01
claysburg,pa,40.33,-78.48
claysville,pa,40.14,-80.39
clearfield,pa,41.02,-78.44
clearville,pa,39.85,-78.44
clifford,pa,41.65,-75.60
clifton heights,pa,39.92,-75.30
clinton,pa,40.51,-80.34
clintonville,pa,41.20,-79.87
clune,pa,40.55,-79.31
clymer,pa,40.67,-79.01
coal center,pa,40.10,-79.88
coal township,pa,40.80,-76.50
coaldale,pa,40.82,-75.91
coalport,pa,40.75,-78.54
coatesville,pa,39.98,-75.83
coburn,pa,40.87,-77.49
cochranton,pa,41.52,-80.06
cochranville,pa,39.88,-75.92
cocolamus,pa,40.66,-77.11
codorus,pa,39.82,-76.84
cogan station,pa,41.32,-77.07
cokeburg,pa,40.10,-80.07
collegeville,pa,40.19,-75.45
colmar,pa,40.27,-75.27
columbia,pa,40.04,-76.49
columbia cross roads,pa,41.85,-76.79
columbus,pa,41.94,-79.57
colver,pa,40.54,-78.78
commodore,pa,40.70,-78.91
concord,pa,40.25,-77.70
concordville,pa,39.88,-75.52
conestoga,pa,39.94,-76.36
confluence,pa,39.82,-79.35
conneaut lake,pa,41.62,-80.31
conneautville,pa,41.75,-80.34
connellsville,pa,40.03,-79.59
connoquenessing,pa,40.82,-80.01
conshohocken,pa,40.08,-75.30
conway,pa,40.66,-80.23
conyngham,pa,40.99,-76.06
cooksburg,pa,41.34,-79.20
coolspring,pa,40.95,-78.92
coopersburg,pa,40.51,-75.39
cooperstown,pa,41.50,-79.88
coplay,pa,40.68,-75.52
coral,pa,40.50,-79.17
coraopolis,pa,40.51,-80.19
cornwall,pa,40.27,-76.41
corry,pa,41.92,-79.66
corsica,pa,41.18,-79.18
coudersport,pa,41.78,-78.00
coulters,pa,40.30,-79.79
coupon,pa,40.54,-78.52
covington,pa,41.74,-77.11
cowanesque,pa,41.93,-77.50
cowansville,pa,40.92,-79.59
crabtree,pa,40.36,-79.47
craley,pa,39.95,-76.51
cranberry,pa,41.34,-79.72
cranberry twp,pa,40.69,-80.12
cranesville,pa,41.92,-80.31
creamery,pa,40.22,-75.42
creekside,pa,40.72,-79.20
creighton,pa,40.58,-79.78
crescent,pa,40.56,-80.23
cresco,pa,41.16,-75.27
cresson,pa,40.46,-78.59
cressona,pa,40.63,-76.20
crosby,pa,41.71,-78.37
cross fork,pa,41.47,-77.81
crown,pa,41.39,-79.27
croydon,pa,40.09,-74.90
crucible,pa,39.95,-79.97
crum lynne,pa,39.87,-75.34
crystal spring,pa,39.92,-78.23
cuddy,pa,40.36,-80.16
cumbola,pa,40.71,-76.14
curllsville,pa,41.10,-79.45
curryville,pa,40.28,-78.34
curtisville,pa,40.64,-79.85
curwensville,pa,40.97,-78.53
custer city,pa,41.91,-78.65
cyclone,pa,41.83,-78.57
dagus mines,pa,41.35,-78.61
daisytown,pa,40.07,-79.97
dallas,pa,41.36,-75.96
dallastown,pa,39.90,-76.64
dalmatia,pa,40.65,-76.88
dalton,pa,41.54,-75.70
damascus,pa,41.74,-75.13
danboro,pa,40.35,-75.13
danielsville,pa,40.79,-75.52
danville,pa,40.98,-76.62
darby,pa,39.92,-75.27
darlington,pa,40.80,-80.46
darragh,pa,40.26,-79.68
dauphin,pa,40.38,-76.93
davidsville,pa,40.22,-78.94
dawson,pa,40.06,-79.66
dayton,pa,40.87,-79.27
de lancey,pa,40.98,-78.98
de young,pa,41.57,-78.91
defiance,pa,40.16,-78.23
delano,pa,40.84,-76.07
delaware water gap,pa,40.98,-75.15
delmont,pa,40.41,-79.58
delta,pa,39.75,-76.34
denbo,pa,40.01,-79.93
denver,pa,40.23,-76.12
derrick city,pa,41.97,-78.56
derry,pa,40.33,-79.33
devault,pa,40.07,-75.54
devon,pa,40.05,-75.42
dewart,pa,41.11,-76.88
dickerson run,pa,40.05,-79.67
dickson city,pa,41.46,-75.62
dilliner,pa,39.76,-79.98
dillsburg,pa,40.10,-77.03
dilltown,pa,40.47,-79.00
dimock,pa,41.75,-75.90
dingmans ferry,pa,41.24,-74.94
distant,pa,40.97,-79.36
dixonville,pa,40.72,-79.01
donegal,pa,40.10,-79.38
donora,pa,40.18,-79.86
dornsife,pa,40.76,-76.76
douglassville,pa,40.27,-75.74
dover,pa,40.01,-76.86
downingtown,pa,40.02,-75.72
doylesburg,pa,40.22,-77.69
doylestown,pa,40.32,-75.13
dravosburg,pa,40.35,-79.89
dresher,pa,40.14,-75.16
drexel hill,pa,39.95,-75.30
drifting,pa,41.02,-78.11
drifton,pa,41.00,-75.91
driftwood,pa,41.38,-78.16
drumore,pa,39.84,-76.25
drums,pa,41.03,-75.98
dry run,pa,40.17,-77.76
du bois,pa,41.13,-78.75
dublin,pa,40.37,-75.20
dudley,pa,40.22,-78.18
duke center,pa,41.95,-78.49
dunbar,pa,39.97,-79.64
duncannon,pa,40.41,-77.05
duncansville,pa,40.43,-78.44
dunlevy,pa,40.12,-79.86
dunlo,pa,40.29,-78.72
duquesne,pa,40.37,-79.85
durham,pa,40.58,-75.22
duryea,pa,41.35,-75.76
dushore,pa,41.52,-76.40
dysart,pa,40.61,-78.53
eagles mere,pa,41.41,-76.58
eagleville,pa,40.16,-75.40
earlington,pa,40.32,-75.37
earlville,pa,40.32,-75.74
east berlin,pa,39.96,-77.01
east brady,pa,40.97,-79.63
east butler,pa,40.88,-79.85
east earl,pa,40.14,-76.03
east freedom,pa,40.33,-78.45
east greenville,pa,40.41,-75.51
east hickory,pa,41.57,-79.39
east mc keesport,pa,40.38,-79.81
east millsboro,pa,39.98,-79.97
east petersburg,pa,40.10,-76.35
east pittsburgh,pa,40.40,-79.84
east prospect,pa,39.97,-76.52
east smethport,pa,41.81,-78.42
east smithfield,pa,41.86,-76.62
east springfield,pa,41.98,-80.43
east stroudsburg,pa,41.04,-75.17
east texas,pa,40.55,-75.56
east vandergrift,pa,40.60,-79.56
east waterford,pa,40.35,-77.65
easton,pa,40.75,-75.25
eau claire,pa,41.13,-79.80
ebensburg,pa,40.48,-78.73
ebervale,pa,40.99,-75.94
edgemont,pa,39.97,-75.45
edinboro,pa,41.88,-80.14
edinburg,pa,41.03,-80.46
effort,pa,40.97,-75.45
eighty four,pa,40.19,-80.06
elco,pa,40.08,-79.88
elderton,pa,40.70,-79.34
eldred,pa,41.95,-78.39
elgin,pa,41.90,-79.74
elizabeth,pa,40.27,-79.86
elizabethtown,pa,40.16,-76.60
elizabethville,pa,40.55,-76.84
elkins park,pa,40.07,-75.12
elkland,pa,41.99,-77.31
elliottsburg,pa,40.36,-77.27
ellsworth,pa,40.11,-80.02
ellwood city,pa,40.86,-80.27
elm,pa,40.20,-76.35
elmhurst,pa,41.38,-75.55
elmora,pa,40.59,-78.74
elrama,pa,40.25,-79.93
elton,pa,40.28,-78.80
elverson,pa,40.16,-75.79
elysburg,pa,40.86,-76.56
emeigh,pa,40.69,-78.79
emigsville,pa,40.02,-76.73
emlenton,pa,41.20,-79.75
emmaus,pa,40.53,-75.50
emporium,pa,41.52,-78.25
endeavor,pa,41.59,-79.39
enola,pa,40.29,-76.94
enon valley,pa,40.87,-80.46
entriken,pa,40.33,-78.20
ephrata,pa,40.18,-76.18
equinunk,pa,41.81,-75.19
erie,pa,42.13,-80.09
ernest,pa,40.70,-79.10
erwinna,pa,40.51,-75.08
essington,pa,39.87,-75.29
etters,pa,40.15,-76.80
evans city,pa,40.78,-80.06
everett,pa,40.01,-78.37
everson,pa,40.09,-79.59
export,pa,40.43,-79.61
exton,pa,40.05,-75.64
factoryville,pa,41.58,-75.77
fairbank,pa,39.94,-79.85
fairchance,pa,39.82,-79.76
fairfield,pa,39.76,-77.38
fairhope,pa,39.91,-78.83
fairless hills,pa,40.17,-74.85
fairmount city,pa,41.04,-79.28
fairview,pa,42.04,-80.24
fairview village,pa,40.16,-75.39
fallentimber,pa,40.67,-78.47
falls,pa,41.47,-75.86
falls creek,pa,41.15,-78.81
fannettsburg,pa,40.07,-77.82
farmington,pa,39.81,-79.58
farrell,pa,41.21,-80.49
fawn grove,pa,39.75,-76.44
fayette city,pa,40.10,-79.84
fayetteville,pa,39.91,-77.53
feasterville trevose,pa,40.15,-74.98
felton,pa,39.84,-76.59
fenelton,pa,40.86,-79.74
ferndale,pa,40.53,-75.18
finleyville,pa,40.26,-79.98
fisher,pa,41.27,-79.25
fishertown,pa,40.12,-78.59
fleetville,pa,41.60,-75.72
fleetwood,pa,40.45,-75.81
fleming,pa,40.91,-77.93
flicksville,pa,40.86,-75.21
flinton,pa,40.70,-78.48
flourtown,pa,40.11,-75.21
fogelsville,pa,40.59,-75.66
folcroft,pa,39.89,-75.28
folsom,pa,39.89,-75.33
fombell,pa,40.81,-80.21
forbes road,pa,40.35,-79.52
force,pa,41.26,-78.50
ford city,pa,40.74,-79.51
ford cliff,pa,40.76,-79.53
forest city,pa,41.65,-75.49
forest grove,pa,40.29,-75.06
forestville,pa,41.11,-80.01
forksville,pa,41.53,-76.60
ft hill,pa,39.88,-79.24
ft littleton,pa,40.05,-77.98
ft loudon,pa,39.95,-77.90
ft washington,pa,40.17,-74.92
fountainville,pa,40.34,-75.15
foxburg,pa,41.16,-79.65
frackville,pa,40.78,-76.23
franconia,pa,40.31,-75.36
franklin,pa,41.40,-79.83
franklintown,pa,40.08,-77.03
frederick,pa,40.30,-75.53
fredericksburg,pa,40.45,-76.43
fredericktown,pa,40.02,-80.03
fredonia,pa,41.32,-80.27
freeburg,pa,40.77,-76.94
freedom,pa,40.68,-80.21
freeland,pa,41.02,-75.89
freeport,pa,40.70,-79.66
frenchville,pa,41.10,-78.23
friedens,pa,40.01,-78.90
friedensburg,pa,40.60,-76.24
friendsville,pa,41.92,-76.03
frostburg,pa,40.96,-79.03
fryburg,pa,41.37,-79.41
furlong,pa,40.29,-75.06
gaines,pa,41.75,-77.57
galeton,pa,41.72,-77.65
gallitzin,pa,40.49,-78.56
gans,pa,39.74,-79.82
gap,pa,40.00,-76.00
garards ft,pa,39.82,-80.03
gardenville,pa,40.37,-75.11
gardners,pa,40.04,-77.19
garland,pa,41.82,-79.44
garrett,pa,39.86,-79.06
gastonville,pa,40.26,-80.00
geigertown,pa,40.20,-75.84
genesee,pa,41.94,-77.87
georgetown,pa,40.57,-80.49
germansville,pa,40.71,-75.71
gettysburg,pa,39.83,-77.22
gibbon glade,pa,39.74,-79.57
gibson,pa,41.80,-75.64
gibsonia,pa,40.63,-79.94
gifford,pa,41.86,-78.58
gilbert,pa,40.91,-75.43
gilberton,pa,40.80,-76.21
gilbertsville,pa,40.31,-75.60
gillett,pa,41.96,-76.77
gipsy,pa,40.81,-78.88
girard,pa,41.99,-80.32
girardville,pa,40.79,-76.29
gladwyne,pa,40.05,-75.28
glasgow,pa,40.71,-78.45
glassport,pa,40.33,-79.89
glen campbell,pa,40.85,-78.86
glen hope,pa,40.80,-78.50
glen lyon,pa,41.17,-76.07
glen mills,pa,39.90,-75.50
glen richey,pa,40.94,-78.48
glen riddle lima,pa,39.92,-75.44
glen rock,pa,39.78,-76.75
glenmoore,pa,40.08,-75.77
glenolden,pa,39.90,-75.29
glenshaw,pa,40.54,-79.96
glenside,pa,40.11,-75.15
glenville,pa,39.76,-76.86
goodville,pa,40.13,-76.00
gordon,pa,40.75,-76.34
gordonville,pa,40.04,-76.11
gouldsboro,pa,41.24,-75.50
gradyville,pa,39.94,-75.47
grampian,pa,40.98,-78.59
grand valley,pa,41.77,-79.55
grantham,pa,40.16,-76.99
grantville,pa,40.36,-76.67
granville,pa,40.55,-77.61
granville summit,pa,41.70,-76.72
grapeville,pa,40.30,-79.60
grassflat,pa,41.00,-78.13
gratz,pa,40.61,-76.72
gray,pa,40.14,-79.09
graysville,pa,39.91,-80.40
great bend,pa,41.98,-75.73
greeley,pa,41.44,-75.01
green lane,pa,40.35,-75.44
greencastle,pa,39.78,-77.75
greenock,pa,40.31,-79.81
greensboro,pa,39.80,-79.94
greensburg,pa,40.31,-79.54
greentown,pa,41.33,-75.28
greenville,pa,41.40,-80.38
grindstone,pa,40.01,-79.84
grove city,pa,41.16,-80.08
grover,pa,41.61,-76.87
guys mills,pa,41.63,-79.97
gwynedd,pa,40.20,-75.25
gwynedd valley,pa,40.18,-75.26
hadley,pa,41.43,-80.15
halifax,pa,40.48,-76.89
hallstead,pa,41.96,-75.78
hamburg,pa,40.55,-75.99
hamilton,pa,40.92,-79.09
hamlin,pa,41.40,-75.35
hannastown,pa,40.35,-79.50
hanover,pa,39.79,-76.98
harborcreek,pa,42.18,-79.94
harford,pa,41.78,-75.68
harleigh,pa,40.98,-75.97
harleysville,pa,40.27,-75.39
harmonsburg,pa,41.66,-80.32
harmony,pa,40.85,-80.14
harrisburg,pa,40.26,-76.88
harrison city,pa,40.37,-79.68
harrison valley,pa,41.95,-77.69
harrisonville,pa,39.98,-78.08
harrisville,pa,41.16,-79.98
hartleton,pa,40.90,-77.16
hartstown,pa,41.55,-80.38
harveys lake,pa,41.36,-76.05
harwick,pa,40.56,-79.81
hastings,pa,40.67,-78.70
hatboro,pa,40.18,-75.11
hatfield,pa,40.28,-75.30
haverford,pa,40.01,-75.31
havertown,pa,39.98,-75.31
hawk run,pa,40.94,-78.21
hawley,pa,41.48,-75.20
hawthorn,pa,41.02,-79.27
hazel hurst,pa,41.71,-78.58
hazleton,pa,40.96,-75.98
hegins,pa,40.67,-76.47
heilwood,pa,40.62,-78.92
hellertown,pa,40.58,-75.33
hendersonville,pa,40.30,-80.15
henryville,pa,41.09,-75.28
hereford,pa,40.45,-75.58
herman,pa,40.83,-79.81
herminie,pa,40.25,-79.72
hermitage,pa,41.23,-80.45
herndon,pa,40.69,-76.80
herrick center,pa,41.76,-75.50
hershey,pa,40.26,-76.65
hesston,pa,40.41,-78.13
hibbs,pa,39.93,-79.88
hickory,pa,40.29,-80.30
hidden valley,pa,40.05,-79.12
highspire,pa,40.21,-76.79
hiller,pa,40.00,-79.90
hilliards,pa,41.10,-79.82
hillsdale,pa,40.75,-78.89
hillsgrove,pa,41.45,-76.70
hillsville,pa,41.01,-80.50
hilltown,pa,40.35,-75.27
holbrook,pa,39.85,-80.34
holicong,pa,40.34,-75.05
hollidaysburg,pa,40.44,-78.37
hollsopple,pa,40.23,-78.95
holmes,pa,39.90,-75.31
holtwood,pa,39.86,-76.30
home,pa,40.78,-79.16
homer city,pa,40.54,-79.18
homestead,pa,40.39,-79.90
honesdale,pa,41.58,-75.25
honey brook,pa,40.08,-75.88
honey grove,pa,40.43,-77.58
hookstown,pa,40.54,-80.44
hooversville,pa,40.15,-78.91
hop bottom,pa,41.69,-75.79
hopeland,pa,40.23,-76.26
hopewell,pa,40.12,-78.31
hopwood,pa,39.87,-79.71
horsham,pa,40.18,-75.15
hostetter,pa,40.27,-79.40
houston,pa,40.24,-80.22
houtzdale,pa,40.83,-78.36
howard,pa,41.02,-77.67
hughesville,pa,41.26,-76.71
hummels wharf,pa,40.83,-76.84
hummelstown,pa,40.28,-76.71
hunker,pa,40.21,-79.58
hunlock creek,pa,41.25,-76.09
huntingdon,pa,40.50,-78.01
huntingdon valley,pa,40.13,-75.06
huntington mills,pa,41.20,-76.20
hustontown,pa,40.04,-78.01
hutchinson,pa,40.23,-79.73
hyde,pa,41.00,-78.46
hyde park,pa,40.63,-79.59
hydetown,pa,41.65,-79.73
hyndman,pa,39.80,-78.73
hyner,pa,41.33,-77.64
ickesburg,pa,40.43,-77.34
idaville,pa,40.01,-77.20
imler,pa,40.23,-78.52
immaculata,pa,40.04,-75.53
imperial,pa,40.46,-80.26
indian head,pa,40.02,-79.39
indiana,pa,40.62,-79.16
indianola,pa,40.58,-79.88
industry,pa,40.67,-80.42
ingomar,pa,40.58,-80.06
intercourse,pa,40.04,-76.11
irvine,pa,41.84,-79.29
irvona,pa,40.80,-78.56
irwin,pa,40.32,-79.72
isabella,pa,39.94,-79.94
jackson,pa,41.86,-75.61
jackson center,pa,41.28,-80.10
jacobs creek,pa,40.13,-79.74
james city,pa,41.59,-78.85
james creek,pa,40.36,-78.19
jamestown,pa,41.51,-80.46
jamison,pa,40.26,-75.10
jeannette,pa,40.33,-79.61
jefferson,pa,39.93,-80.05
jenkintown,pa,40.10,-75.12
jenners,pa,40.15,-79.05
jennerstown,pa,40.16,-79.07
jermyn,pa,41.53,-75.54
jerome,pa,40.21,-78.98
jersey mills,pa,41.36,-77.41
jersey shore,pa,41.20,-77.24
jessup,pa,41.47,-75.57
jim thorpe,pa,40.87,-75.74
joffre,pa,40.38,-80.39
johnsonburg,pa,41.49,-78.68
johnstown,pa,40.33,-78.91
jones mills,pa,40.08,-79.34
jonestown,pa,40.44,-76.50
josephine,pa,40.48,-79.18
julian,pa,40.89,-77.93
junedale,pa,40.92,-75.94
kane,pa,41.66,-78.80
kantner,pa,40.10,-78.94
karns city,pa,41.00,-79.72
karthaus,pa,41.11,-78.09
keisterville,pa,39.96,-79.78
kelayres,pa,40.90,-76.00
kelton,pa,39.80,-75.88
kemblesville,pa,39.75,-75.82
kempton,pa,40.63,-75.85
kennerdell,pa,41.28,-79.74
kennett square,pa,39.86,-75.70
kent,pa,40.54,-79.29
kersey,pa,41.36,-78.60
kimberton,pa,40.13,-75.57
king of prussia,pa,40.10,-75.48
kingsley,pa,41.77,-75.78
kingston,pa,41.27,-75.89
kintnersville,pa,40.53,-75.21
kinzers,pa,40.01,-76.05
kirkwood,pa,39.83,-76.09
kittanning,pa,40.82,-79.51
kleinfeltersville,pa,40.30,-76.25
klingerstown,pa,40.67,-76.65
knox,pa,41.22,-79.52
knox dale,pa,41.09,-79.03
knoxville,pa,41.96,-77.44
koppel,pa,40.83,-80.32
kossuth,pa,41.29,-79.59
kreamer,pa,40.80,-76.96
kresgeville,pa,40.90,-75.51
kulpmont,pa,40.79,-76.47
kulpsville,pa,40.24,-75.34
kunkletown,pa,40.90,-75.48
kutztown,pa,40.52,-75.78
kylertown,pa,40.99,-78.17
la belle,pa,39.97,-79.94
la jose,pa,40.83,-78.62
la plume,pa,41.56,-75.75
laceyville,pa,41.67,-76.14
lackawaxen,pa,41.50,-75.07
lafayette hill,pa,40.09,-75.26
lahaska,pa,40.35,-75.03
lairdsville,pa,41.23,-76.59
lake ariel,pa,41.44,-75.43
lake city,pa,42.02,-80.34
lake como,pa,41.87,-75.32
lake harmony,pa,41.05,-75.63
lake lynn,pa,39.75,-79.86
lake winola,pa,41.52,-75.84
lakeville,pa,41.42,-75.26
lakewood,pa,41.82,-75.38
lamar,pa,41.02,-77.53
lamartine,pa,41.22,-79.63
lampeter,pa,39.99,-76.24
lancaster,pa,40.08,-76.32
landenberg,pa,39.77,-75.78
landingville,pa,40.63,-76.12
landisburg,pa,40.33,-77.32
landisville,pa,40.09,-76.41
lanesboro,pa,41.96,-75.59
langeloth,pa,40.37,-80.41
langhorne,pa,40.18,-74.92
lansdale,pa,40.24,-75.30
lansdowne,pa,39.94,-75.26
lanse,pa,40.98,-78.13
lansford,pa,40.83,-75.88
laporte,pa,41.42,-76.49
larimer,pa,40.35,-79.74
latrobe,pa,40.29,-79.41
lattimer mines,pa,40.96,-76.00
laughlintown,pa,40.21,-79.18
laurelton,pa,40.91,-77.21
laurys station,pa,40.72,-76.53
lavelle,pa,40.76,-76.38
lawn,pa,40.22,-76.54
lawrence,pa,40.31,-80.14
lawrenceville,pa,41.98,-77.11
lawton,pa,41.76,-76.09
le raysville,pa,41.84,-76.18
lebanon,pa,40.34,-76.43
leck kill,pa,40.71,-76.63
leckrone,pa,39.86,-79.87
lecontes mills,pa,41.08,-78.28
lederach,pa,40.26,-75.41
leechburg,pa,40.63,-79.62
leeper,pa,41.37,-79.30
leesport,pa,40.42,-75.99
leetsdale,pa,40.57,-80.21
lehigh valley,pa,40.59,-75.46
lehighton,pa,40.83,-75.71
lehman,pa,41.32,-76.02
leisenring,pa,40.00,-79.64
lemasters,pa,39.86,-77.86
lemont,pa,40.81,-77.82
lemont furnace,pa,39.93,-79.65
lemoyne,pa,40.25,-76.90
lenhartsville,pa,40.58,-75.85
lenni,pa,39.89,-75.45
lenoxville,pa,41.67,-75.63
leola,pa,40.10,-76.19
levittown,pa,40.17,-74.82
lewis run,pa,41.82,-78.68
lewisberry,pa,40.15,-76.87
lewisburg,pa,40.97,-76.91
lewistown,pa,40.60,-77.58
lewisville,pa,39.72,-75.88
liberty,pa,41.57,-77.12
lickingville,pa,41.38,-79.37
lightstreet,pa,41.04,-76.42
ligonier,pa,40.25,-79.24
lilly,pa,40.42,-78.62
limekiln,pa,40.35,-75.79
limeport,pa,40.51,-75.45
limestone,pa,41.13,-79.30
lincoln university,pa,39.78,-75.88
linden,pa,41.25,-77.15
line lexington,pa,40.29,-75.26
linesville,pa,41.66,-80.43
lionville,pa,40.03,-75.62
listie,pa,40.03,-79.01
lititz,pa,40.16,-76.30
little meadows,pa,41.98,-76.12
littlestown,pa,39.75,-77.10
liverpool,pa,40.58,-77.01
llewellyn,pa,40.67,-76.28
lock haven,pa,41.14,-77.44
locust gap,pa,40.77,-76.44
locustdale,pa,40.78,-76.38
loganton,pa,41.03,-77.32
loganville,pa,39.86,-76.71
long pond,pa,41.07,-75.45
lopez,pa,41.42,-76.30
loretto,pa,40.51,-78.63
lost creek,pa,40.81,-76.25
lowber,pa,40.25,-79.77
loyalhanna,pa,40.30,-79.34
loysburg,pa,40.17,-78.39
loysville,pa,40.37,-77.41
lucernemines,pa,40.55,-79.16
lucinda,pa,41.31,-79.38
ludlow,pa,41.73,-78.92
lumberville,pa,40.41,-75.06
lurgan,pa,40.13,-77.64
luthersburg,pa,41.05,-78.74
luxor,pa,40.33,-79.48
luzerne,pa,41.28,-75.89
lykens,pa,40.59,-76.71
lyndell,pa,40.06,-75.75
lyndora,pa,40.86,-79.92
lyon station,pa,40.48,-75.76
mackeyville,pa,41.05,-77.46
macungie,pa,40.53,-75.57
madera,pa,40.83,-78.43
madison,pa,40.25,-79.68
madisonburg,pa,40.93,-77.49
mahanoy city,pa,40.81,-76.14
mahanoy plane,pa,40.79,-76.24
mainesburg,pa,41.79,-76.97
mainland,pa,40.26,-75.36
malvern,pa,40.04,-75.53
mammoth,pa,40.20,-79.46
manchester,pa,40.07,-76.73
manheim,pa,40.17,-76.42
manns choice,pa,39.98,-78.64
manor,pa,40.34,-79.67
manorville,pa,40.79,-79.52
mansfield,pa,41.81,-77.07
mapleton depot,pa,40.39,-77.96
mar lin,pa,40.68,-76.25
marble,pa,41.33,-79.45
marchand,pa,40.88,-79.05
marcus hook,pa,39.83,-75.45
marianna,pa,40.03,-80.11
marienville,pa,41.46,-79.13
marietta,pa,40.07,-76.56
marion,pa,39.86,-77.70
marion center,pa,40.78,-79.03
marion heights,pa,40.80,-76.47
markleton,pa,39.87,-79.29
markleysburg,pa,39.76,-79.46
mars,pa,40.70,-80.04
marshalls creek,pa,41.04,-75.13
marsteller,pa,40.65,-78.81
martin,pa,39.81,-79.91
martindale,pa,40.15,-76.09
martins creek,pa,40.78,-75.19
martinsburg,pa,40.30,-78.32
mary d,pa,40.76,-76.06
marysville,pa,40.34,-76.97
masontown,pa,39.83,-79.89
matamoras,pa,41.37,-74.72
mather,pa,39.95,-80.09
mattawana,pa,40.50,-77.73
maxatawny,pa,40.54,-75.69
mayport,pa,40.99,-79.26
maytown,pa,40.08,-76.58
mc alisterville,pa,40.65,-77.26
mc clellandtown,pa,39.89,-79.86
mc clure,pa,40.70,-77.38
mc connellsburg,pa,39.94,-77.99
mc connellstown,pa,40.46,-78.06
mc donald,pa,40.37,-80.26
mc elhattan,pa,41.16,-77.36
mc ewensville,pa,41.07,-76.82
mc grann,pa,40.77,-79.53
mc intyre,pa,40.57,-79.30
mc kean,pa,42.00,-80.15
mc kees rocks,pa,40.47,-80.09
mc knightstown,pa,39.87,-77.33
mc sherrystown,pa,39.80,-77.01
mc veytown,pa,40.50,-77.72
mcadoo,pa,40.90,-76.00
mcgees mills,pa,40.89,-78.72
mckeesport,pa,40.34,-79.81
meadow lands,pa,40.22,-80.22
meadville,pa,41.63,-80.15
mechanicsburg,pa,40.21,-77.01
mechanicsville,pa,40.34,-75.06
media,pa,39.92,-75.41
mehoopany,pa,41.56,-76.10
melcroft,pa,40.06,-79.36
mendenhall,pa,39.85,-75.64
mentcle,pa,40.64,-78.88
mercer,pa,41.23,-80.23
mercersburg,pa,39.82,-77.91
merion station,pa,40.00,-75.25
merrittstown,pa,39.96,-79.87
mertztown,pa,40.50,-75.69
meshoppen,pa,41.64,-76.02
mexico,pa,40.54,-77.35
meyersdale,pa,39.79,-79.03
middleburg,pa,40.80,-77.05
middlebury center,pa,41.89,-77.31
middleport,pa,40.73,-76.09
middletown,pa,40.20,-76.73
midland,pa,40.66,-80.47
midway,pa,40.37,-80.29
mifflin,pa,40.57,-77.41
mifflinburg,pa,40.92,-77.05
mifflintown,pa,40.57,-77.38
mifflinville,pa,41.02,-76.29
milan,pa,41.90,-76.53
milanville,pa,41.65,-75.09
mildred,pa,41.48,-76.38
milesburg,pa,40.94,-77.79
milford,pa,41.32,-74.88
milford square,pa,40.44,-75.40
mill creek,pa,40.45,-77.92
mill hall,pa,41.09,-77.48
mill run,pa,39.97,-79.46
mill village,pa,41.88,-79.97
millersburg,pa,40.56,-76.93
millerstown,pa,40.55,-77.13
millersville,pa,40.00,-76.36
millerton,pa,41.96,-76.97
millheim,pa,40.90,-77.45
millmont,pa,40.88,-77.19
millrift,pa,41.36,-74.77
mills,pa,41.90,-77.76
millsboro,pa,39.99,-79.99
millville,pa,41.13,-76.52
milnesville,pa,40.99,-75.98
milroy,pa,40.72,-77.56
milton,pa,41.02,-76.84
mineral point,pa,40.38,-78.84
mineral springs,pa,41.00,-78.36
minersville,pa,40.69,-76.26
mingoville,pa,40.93,-77.65
minisink hills,pa,41.00,-75.14
modena,pa,39.97,-75.80
mohnton,pa,40.26,-75.98
mohrsville,pa,40.48,-76.01
monaca,pa,40.67,-80.29
monessen,pa,40.15,-79.88
monocacy station,pa,40.26,-75.77
monongahela,pa,40.19,-79.92
monroeton,pa,41.70,-76.50
monroeville,pa,40.43,-79.76
mont alto,pa,39.84,-77.55
mont clare,pa,40.14,-75.50
montandon,pa,40.98,-76.85
montgomery,pa,41.18,-76.88
montgomeryville,pa,40.25,-75.23
montoursville,pa,41.27,-76.90
montrose,pa,41.84,-75.88
moosic,pa,41.36,-75.72
morann,pa,40.79,-78.37
morgan,pa,40.36,-80.15
morgantown,pa,40.16,-75.90
morris,pa,41.55,-77.29
morris run,pa,41.67,-77.03
morrisdale,pa,41.00,-78.24
morrisville,pa,40.21,-74.82
morton,pa,39.91,-75.32
moscow,pa,41.34,-75.53
moshannon,pa,41.03,-78.01
mt aetna,pa,40.42,-76.30
mt bethel,pa,40.90,-75.11
mt braddock,pa,39.94,-79.64
mt carmel,pa,40.80,-76.42
mt gretna,pa,40.25,-76.47
mt holly springs,pa,40.12,-77.19
mt jewett,pa,41.72,-78.64
mt joy,pa,40.11,-76.51
mt morris,pa,39.74,-80.10
mt pleasant,pa,40.17,-79.51
mt pleasant mills,pa,40.70,-77.01
mt pocono,pa,41.12,-75.35
mt union,pa,40.39,-77.86
mt wolf,pa,40.07,-76.70
mountain top,pa,41.13,-75.94
mountainhome,pa,41.22,-75.22
mountville,pa,40.04,-76.43
muir,pa,40.61,-76.47
muncy,pa,41.21,-76.76
muncy valley,pa,41.38,-76.54
munson,pa,40.97,-78.19
murrysville,pa,40.45,-79.68
muse,pa,40.29,-80.20
myerstown,pa,40.38,-76.31
nanticoke,pa,41.20,-76.00
nanty glo,pa,40.47,-78.84
narberth,pa,40.02,-75.26
narvon,pa,40.13,-75.98
natrona heights,pa,40.63,-79.73
nazareth,pa,40.74,-75.32
needmore,pa,39.87,-78.14
neelyton,pa,40.14,-77.86
neffs,pa,40.69,-75.61
nelson,pa,41.98,-77.24
nemacolin,pa,39.88,-79.92
nescopeck,pa,41.05,-76.20
nesquehoning,pa,40.86,-75.82
new albany,pa,41.60,-76.44
new alexandria,pa,40.40,-79.40
new baltimore,pa,39.99,-78.77
new bedford,pa,41.10,-80.50
new berlin,pa,40.88,-76.99
new berlinville,pa,40.35,-75.63
new bethlehem,pa,41.00,-79.35
new bloomfield,pa,40.42,-77.19
new brighton,pa,40.74,-80.30
new buffalo,pa,40.45,-76.97
new castle,pa,40.99,-80.33
new columbia,pa,41.05,-76.90
new cumberland,pa,40.22,-76.87
new derry,pa,40.33,-79.30
new eagle,pa,40.21,-79.95
new enterprise,pa,40.20,-78.43
new florence,pa,40.38,-79.10
new freedom,pa,39.74,-76.68
new freeport,pa,39.75,-80.45
new galilee,pa,40.86,-80.39
new geneva,pa,39.79,-79.91
new germantown,pa,40.31,-77.58
new holland,pa,40.10,-76.08
new hope,pa,40.36,-74.98
new kensington,pa,40.57,-79.74
new kingstown,pa,40.23,-77.08
new london,pa,39.78,-75.88
new milford,pa,41.87,-75.72
new millport,pa,40.89,-78.49
new oxford,pa,39.88,-77.06
new paris,pa,40.12,-78.59
new park,pa,39.76,-76.50
new philadelphia,pa,40.72,-76.11
new providence,pa,39.91,-76.22
new ringgold,pa,40.71,-75.95
new salem,pa,39.94,-79.80
new stanton,pa,40.22,-79.62
new tripoli,pa,40.65,-75.74
new wilmington,pa,41.14,-80.32
newburg,pa,40.13,-77.57
newell,pa,40.08,-79.90
newfoundland,pa,41.30,-75.34
newmanstown,pa,40.32,-76.24
newport,pa,40.48,-77.17
newry,pa,40.39,-78.44
newton hamilton,pa,40.39,-77.84
newtown,pa,40.25,-74.94
newtown square,pa,39.99,-75.41
newville,pa,40.19,-77.41
nicholson,pa,41.64,-75.76
nicktown,pa,40.60,-78.81
nineveh,pa,39.97,-80.31
normalville,pa,40.04,-79.42
norristown,pa,40.10,-75.37
north apollo,pa,40.60,-79.56
north bend,pa,41.35,-77.70
north east,pa,42.20,-79.83
north springfield,pa,41.99,-80.43
north versailles,pa,40.38,-79.81
north wales,pa,40.22,-75.26
north washington,pa,41.05,-79.81
northampton,pa,40.70,-75.49
northern cambria,pa,40.67,-78.78
northpoint,pa,40.90,-79.13
northumberland,pa,40.90,-76.79
norvelt,pa,40.21,-79.50
norwood,pa,39.89,-75.30
nottingham,pa,39.74,-76.04
noxen,pa,41.42,-76.05
nu mine,pa,40.80,-79.28
numidia,pa,40.88,-76.40
nuremberg,pa,40.94,-76.17
oak ridge,pa,41.01,-79.30
oakdale,pa,40.43,-80.20
oakland mills,pa,40.61,-77.32
oakmont,pa,40.52,-79.84
oaks,pa,40.13,-75.46
ohiopyle,pa,39.87,-79.49
oil city,pa,41.43,-79.69
olanta,pa,40.91,-78.50
old forge,pa,41.37,-75.74
old zionsville,pa,40.49,-75.52
oley,pa,40.38,-75.77
oliveburg,pa,41.00,-79.04
oliver,pa,39.91,-79.72
olyphant,pa,41.47,-75.60
oneida,pa,40.91,-76.13
ono,pa,40.40,-76.53
orangeville,pa,41.10,-76.38
orbisonia,pa,40.24,-77.91
orefield,pa,40.62,-75.60
oreland,pa,40.11,-75.19
orrstown,pa,40.07,-77.64
orrtanna,pa,39.88,-77.38
orson,pa,41.81,-75.45
orviston,pa,41.08,-77.62
orwigsburg,pa,40.64,-76.08
osceola,pa,41.98,-77.35
osceola mills,pa,40.87,-78.28
ottsville,pa,40.46,-75.16
oxford,pa,39.78,-75.98
palm,pa,40.43,-75.53
palmerton,pa,40.82,-75.60
palmyra,pa,40.30,-76.59
paoli,pa,40.04,-75.48
paradise,pa,39.99,-76.11
parker,pa,41.10,-79.69
parker ford,pa,40.20,-75.58
parkesburg,pa,39.97,-75.93
parkhill,pa,40.36,-78.87
parryville,pa,40.82,-75.67
patton,pa,40.62,-78.64
paupack,pa,41.38,-75.23
paxinos,pa,40.84,-76.64
paxtonville,pa,40.77,-77.08
peach bottom,pa,39.77,-76.18
peach glen,pa,40.02,-77.23
peckville,pa,41.48,-75.59
pen argyl,pa,40.85,-75.27
penfield,pa,41.21,-78.58
penn,pa,40.33,-79.64
penn run,pa,40.63,-78.97
penns creek,pa,40.86,-77.06
penns park,pa,40.27,-75.00
pennsburg,pa,40.39,-75.49
pennsylvania furnace,pa,40.73,-77.95
penryn,pa,40.20,-76.37
pequea,pa,39.91,-76.32
perkasie,pa,40.38,-75.26
perkiomenville,pa,40.32,-75.50
perryopolis,pa,40.09,-79.75
petersburg,pa,40.60,-78.00
petrolia,pa,41.04,-79.77
philadelphia,pa,39.86,-75.28
philipsburg,pa,40.89,-78.22
phoenixville,pa,40.13,-75.53
picture rocks,pa,41.28,-76.71
pillow,pa,40.64,-76.80
pine forge,pa,40.28,-75.69
pine grove,pa,40.57,-76.33
pine grove mills,pa,40.73,-77.89
pineville,pa,40.30,-75.01
pipersville,pa,40.43,-75.11
pitcairn,pa,40.40,-79.78
pitman,pa,40.70,-76.52
pittsburgh,pa,40.47,-79.95
pittsfield,pa,41.84,-79.42
pittston,pa,41.32,-75.79
plainfield,pa,40.20,-77.29
pleasant hall,pa,40.04,-77.70
pleasant mt,pa,41.73,-75.40
pleasant unity,pa,40.24,-79.45
pleasantville,pa,41.59,-79.57
plumsteadville,pa,40.39,-75.15
plumville,pa,40.79,-79.18
plymouth,pa,41.25,-75.95
plymouth meeting,pa,40.11,-75.28
pocono lake,pa,41.12,-75.56
pocono lake preserve,pa,41.11,-75.48
pocono manor,pa,41.10,-75.36
pocono pines,pa,41.11,-75.48
pocono summit,pa,41.10,-75.41
pocopson,pa,39.90,-75.63
point marion,pa,39.74,-79.90
point pleasant,pa,40.42,-75.07
polk,pa,41.36,-79.93
pomeroy,pa,39.96,-75.89
port allegany,pa,41.82,-78.28
port carbon,pa,40.70,-76.17
port clinton,pa,40.58,-76.03
port matilda,pa,40.80,-78.08
port royal,pa,40.51,-77.43
port trevorton,pa,40.70,-76.91
portage,pa,40.38,-78.67
porters sideling,pa,39.83,-76.89
portersville,pa,40.95,-80.17
portland,pa,40.92,-75.10
pottersdale,pa,41.19,-78.03
potts grove,pa,40.99,-76.79
pottstown,pa,40.25,-75.65
pottsville,pa,40.68,-76.21
poyntelle,pa,41.82,-75.42
presto,pa,40.38,-80.12
preston park,pa,41.87,-75.38
pricedale,pa,40.13,-79.84
prompton,pa,41.58,-75.32
prospect,pa,40.90,-80.07
prospect park,pa,39.89,-75.31
prosperity,pa,40.02,-80.26
pulaski,pa,41.09,-80.47
punxsutawney,pa,40.95,-78.97
quakake,pa,40.85,-75.98
quakertown,pa,40.44,-75.35
quarryville,pa,39.89,-76.15
quecreek,pa,40.09,-79.08
queen,pa,40.26,-78.51
quentin,pa,40.28,-76.44
quincy,pa,39.80,-77.57
railroad,pa,39.76,-76.70
ralston,pa,41.50,-76.96
ramey,pa,40.80,-78.40
ransom,pa,41.39,-75.82
ravine,pa,40.57,-76.40
reading,pa,40.35,-75.94
reamstown,pa,40.21,-76.12
rebersburg,pa,40.95,-77.41
rebuck,pa,40.71,-76.74
rector,pa,40.19,-79.25
red hill,pa,40.38,-75.48
red lion,pa,39.90,-76.61
reeders,pa,40.99,-75.28
reedsville,pa,40.67,-77.61
refton,pa,39.95,-76.23
rehrersburg,pa,40.46,-76.24
reinholds,pa,40.27,-76.10
renfrew,pa,40.81,-79.98
reno,pa,41.41,-79.75
renovo,pa,41.33,-77.74
republic,pa,39.96,-79.90
revere,pa,40.52,-75.16
revloc,pa,40.49,-78.76
rew,pa,41.91,-78.54
rexmont,pa,40.28,-76.38
reynoldsville,pa,41.06,-78.90
rheems,pa,40.13,-76.57
rices landing,pa,39.94,-79.99
riceville,pa,41.78,-79.80
richboro,pa,40.22,-75.00
richeyville,pa,40.05,-80.00
richfield,pa,40.69,-77.12
richland,pa,40.38,-76.27
richlandtown,pa,40.47,-75.32
riddlesburg,pa,40.16,-78.25
ridgway,pa,41.43,-78.73
ridley park,pa,39.88,-75.32
riegelsville,pa,40.58,-75.22
rillton,pa,40.28,-79.73
rimersburg,pa,41.04,-79.51
ringgold,pa,41.00,-79.18
ringtown,pa,40.86,-76.23
riverside,pa,40.95,-76.64
rixford,pa,41.93,-78.46
roaring branch,pa,41.57,-76.94
roaring spring,pa,40.33,-78.39
robertsdale,pa,40.18,-78.11
robesonia,pa,40.36,-76.14
robinson,pa,40.41,-79.14
rochester,pa,40.72,-80.26
rochester mills,pa,40.82,-79.00
rock glen,pa,40.96,-76.16
rockhill furnace,pa,40.24,-77.90
rockton,pa,41.08,-78.66
rockwood,pa,39.94,-79.19
rogersville,pa,39.90,-80.28
rome,pa,41.86,-76.30
ronco,pa,39.87,-79.92
ronks,pa,40.02,-76.17
roscoe,pa,40.08,-79.87
rossiter,pa,40.88,-78.94
rossville,pa,40.07,-76.93
roulette,pa,41.77,-78.15
rouseville,pa,41.47,-79.69
rouzerville,pa,39.74,-77.54
rowland,pa,41.47,-75.04
roxbury,pa,40.11,-77.66
royersford,pa,40.19,-75.53
ruffs dale,pa,40.16,-79.63
rural ridge,pa,40.59,-79.83
rural valley,pa,40.79,-79.30
rushland,pa,40.26,-75.03
russell,pa,41.95,-79.13
russellton,pa,40.61,-79.84
sabinsville,pa,41.86,-77.54
sacramento,pa,40.64,-76.61
sadsburyville,pa,39.98,-75.89
saegertown,pa,41.73,-80.15
sagamore,pa,40.78,-79.23
st benedict,pa,40.61,-78.74
st boniface,pa,40.67,-78.68
st clair,pa,40.72,-76.19
st johns,pa,41.03,-76.01
st marys,pa,41.43,-78.55
st michael,pa,40.34,-78.78
st peters,pa,40.18,-75.73
st petersburg,pa,41.16,-79.65
st thomas,pa,39.92,-77.79
salford,pa,40.30,-75.45
salfordville,pa,40.29,-75.43
salina,pa,40.52,-79.50
salisbury,pa,39.75,-79.08
salix,pa,40.30,-78.74
salona,pa,41.08,-77.46
saltillo,pa,40.21,-78.01
saltsburg,pa,40.48,-79.44
sandy lake,pa,41.34,-80.05
sandy ridge,pa,40.81,-78.24
sarver,pa,40.71,-79.74
sassamansville,pa,40.34,-75.57
saxonburg,pa,40.74,-79.84
saxton,pa,40.22,-78.25
saylorsburg,pa,40.92,-75.37
sayre,pa,41.98,-76.52
scenery hill,pa,40.10,-80.09
schaefferstown,pa,40.30,-76.29
schellsburg,pa,40.05,-78.65
schenley,pa,40.68,-79.66
schnecksville,pa,40.68,-75.62
schuylkill haven,pa,40.63,-76.17
schwenksville,pa,40.25,-75.46
sciota,pa,40.93,-75.29
scotland,pa,39.97,-77.59
scotrun,pa,41.08,-75.33
scottdale,pa,40.10,-79.59
scranton,pa,41.37,-75.68
seanor,pa,40.23,-78.89
selinsgrove,pa,40.82,-76.87
sellersville,pa,40.36,-75.32
seltzer,pa,40.70,-76.23
seminole,pa,40.95,-79.34
seneca,pa,41.37,-79.68
seven valleys,pa,39.86,-76.74
seward,pa,40.41,-79.02
sewickley,pa,40.56,-80.16
shade gap,pa,40.17,-77.87
shady grove,pa,39.78,-77.67
shamokin,pa,40.79,-76.56
shamokin dam,pa,40.85,-76.82
shanksville,pa,40.02,-78.91
sharon,pa,41.23,-80.50
sharon hill,pa,39.90,-75.27
sharpsville,pa,41.27,-80.47
shartlesville,pa,40.51,-76.10
shavertown,pa,41.30,-75.97
shawanese,pa,41.35,-76.03
shawnee on delaware,pa,41.01,-75.11
shawville,pa,41.07,-78.36
sheakleyville,pa,41.44,-80.21
sheffield,pa,41.70,-79.03
shelocta,pa,40.64,-79.32
shenandoah,pa,40.82,-76.20
sheppton,pa,40.89,-76.14
shermans dale,pa,40.33,-77.18
shickshinny,pa,41.18,-76.17
shinglehouse,pa,41.96,-78.19
shippensburg,pa,40.05,-77.52
shippenville,pa,41.25,-79.43
shippingport,pa,40.63,-80.42
shirleysburg,pa,40.32,-77.87
shoemakersville,pa,40.50,-75.96
shohola,pa,41.42,-74.92
shrewsbury,pa,39.76,-76.67
shunk,pa,41.55,-76.75
sidman,pa,40.33,-78.75
sigel,pa,41.31,-79.05
silver spring,pa,40.06,-76.44
silverdale,pa,40.35,-75.27
sinnamahoning,pa,41.38,-78.07
sipesville,pa,40.10,-79.09
six mile run,pa,40.16,-78.21
skippack,pa,40.22,-75.40
skytop,pa,41.23,-75.24
slate run,pa,41.47,-77.50
slatedale,pa,40.74,-75.66
slatington,pa,40.74,-75.62
slickville,pa,40.47,-79.51
sligo,pa,41.11,-79.48
slippery rock,pa,41.05,-80.05
slovan,pa,40.36,-80.40
smethport,pa,41.80,-78.47
smicksburg,pa,40.84,-79.16
smithfield,pa,39.79,-79.81
smithmill,pa,40.77,-78.40
smithton,pa,40.14,-79.73
smock,pa,40.00,-79.77
smokerun,pa,40.79,-78.43
smoketown,pa,40.04,-76.22
snow shoe,pa,41.04,-77.95
snydersburg,pa,41.33,-79.36
snydertown,pa,40.87,-76.67
solebury,pa,40.38,-75.01
somerset,pa,40.02,-79.08
souderton,pa,40.31,-75.32
south canaan,pa,41.51,-75.41
south fork,pa,40.36,-78.79
south gibson,pa,41.75,-75.61
south heights,pa,40.57,-80.24
south montrose,pa,41.80,-75.89
south mountain,pa,39.85,-77.49
south park,pa,40.29,-80.00
south sterling,pa,41.27,-75.38
southampton,pa,40.19,-75.01
southeastern,pa,40.06,-75.40
southview,pa,40.33,-80.26
southwest,pa,40.20,-79.52
spangler,pa,40.65,-78.77
spartansburg,pa,41.79,-79.68
spinnerstown,pa,40.44,-75.44
spraggs,pa,39.76,-80.26
sprankle mills,pa,41.02,-79.08
spring church,pa,40.62,-79.45
spring city,pa,40.18,-75.57
spring creek,pa,41.85,-79.57
spring glen,pa,40.63,-76.64
spring grove,pa,39.86,-76.88
spring house,pa,40.19,-75.24
spring mills,pa,40.86,-77.57
spring mt,pa,40.28,-75.46
spring run,pa,40.15,-77.74
springboro,pa,41.81,-80.38
springdale,pa,40.54,-79.78
springfield,pa,39.93,-75.33
springs,pa,39.75,-79.09
springtown,pa,40.56,-75.29
springville,pa,41.71,-75.90
sproul,pa,40.27,-78.46
spruce creek,pa,40.62,-78.14
st clairsville,pa,40.16,-78.51
stahlstown,pa,40.14,-79.34
star junction,pa,40.08,-79.76
starford,pa,40.70,-78.98
starlight,pa,41.93,-75.32
starrucca,pa,41.89,-75.45
state college,pa,40.79,-77.85
state line,pa,39.72,-77.72
sterling,pa,41.34,-75.39
stevens,pa,40.22,-76.16
stevensville,pa,41.77,-76.17
stewartstown,pa,39.77,-76.60
stillwater,pa,41.15,-76.37
stockdale,pa,40.08,-79.85
stockertown,pa,40.75,-75.26
stoneboro,pa,41.34,-80.10
stoystown,pa,40.11,-78.96
strabane,pa,40.22,-80.15
strasburg,pa,39.97,-76.18
strattanville,pa,41.20,-79.31
strausstown,pa,40.49,-76.18
strongstown,pa,40.56,-78.91
stroudsburg,pa,40.99,-75.25
stump creek,pa,41.01,-78.84
sturgeon,pa,40.38,-80.21
sugar grove,pa,41.95,-79.32
sugar run,pa,41.60,-76.26
sugarloaf,pa,41.00,-76.07
summerdale,pa,40.31,-76.93
summerhill,pa,40.39,-78.76
summerville,pa,41.11,-79.17
summit hill,pa,40.83,-75.87
summit station,pa,40.56,-76.20
sumneytown,pa,40.33,-75.45
sunbury,pa,40.86,-76.78
suplee,pa,40.10,-75.88
susquehanna,pa,41.95,-75.59
sutersville,pa,40.24,-79.79
swarthmore,pa,39.90,-75.35
sweet valley,pa,41.31,-76.13
swengel,pa,40.89,-77.13
swiftwater,pa,41.09,-75.35
sybertsville,pa,41.00,-76.08
sycamore,pa,39.95,-80.23
sykesville,pa,41.05,-78.82
sylvania,pa,41.80,-76.86
tafton,pa,41.37,-75.10
talmage,pa,40.00,-76.21
tamaqua,pa,40.80,-75.97
tamiment,pa,41.17,-74.95
tannersville,pa,41.05,-75.31
tarentum,pa,40.62,-79.79
tarrs,pa,40.16,-79.57
tatamy,pa,40.74,-75.26
taylor,pa,41.39,-75.72
taylorstown,pa,40.16,-80.38
telford,pa,40.32,-75.35
temple,pa,40.40,-75.90
templeton,pa,40.94,-79.45
terre hill,pa,40.16,-76.05
thomasville,pa,39.93,-76.88
thompson,pa,41.83,-75.53
thompsontown,pa,40.59,-77.21
thorndale,pa,40.00,-75.76
thornton,pa,39.90,-75.53
three springs,pa,40.18,-77.99
tidioute,pa,41.70,-79.38
timblin,pa,40.97,-79.20
tioga,pa,41.91,-77.14
tiona,pa,41.75,-79.07
tionesta,pa,41.51,-79.37
tipton,pa,40.64,-78.30
tire hill,pa,40.27,-78.92
titusville,pa,41.64,-79.69
tobyhanna,pa,41.18,-75.39
todd,pa,40.26,-78.10
topton,pa,40.50,-75.70
torrance,pa,40.42,-79.22
toughkenamon,pa,39.83,-75.78
towanda,pa,41.76,-76.46
tower city,pa,40.58,-76.55
townville,pa,41.69,-79.88
trafford,pa,40.39,-79.76
transfer,pa,41.32,-80.42
treichlers,pa,40.73,-75.54
tremont,pa,40.63,-76.40
tresckow,pa,40.91,-75.97
trevorton,pa,40.78,-76.67
trexlertown,pa,40.55,-75.60
trout run,pa,41.41,-77.01
troutville,pa,41.03,-78.79
troxelville,pa,40.80,-77.21
troy,pa,41.78,-76.77
trumbauersville,pa,40.41,-75.38
tunkhannock,pa,41.55,-75.94
turbotville,pa,41.11,-76.74
turkey city,pa,41.19,-79.61
turtle creek,pa,40.41,-79.82
turtlepoint,pa,41.88,-78.33
tuscarora,pa,40.77,-76.04
twin rocks,pa,40.52,-78.86
tyler hill,pa,41.67,-75.15
tylersburg,pa,41.38,-79.32
tylersport,pa,40.35,-75.38
tylersville,pa,40.99,-77.43
tyrone,pa,40.66,-78.24
uledi,pa,39.90,-79.79
ulster,pa,41.84,-76.49
ulysses,pa,41.85,-77.71
union city,pa,41.89,-79.85
union dale,pa,41.71,-75.55
uniontown,pa,39.89,-79.73
unionville,pa,39.90,-75.73
united,pa,40.22,-79.49
unity house,pa,41.15,-75.01
unityville,pa,41.24,-76.52
university park,pa,40.80,-77.86
upper black eddy,pa,40.54,-75.13
upper darby,pa,39.96,-75.27
upperstrasburg,pa,40.06,-77.74
ursina,pa,39.82,-79.33
utica,pa,41.48,-79.94
uwchland,pa,40.06,-75.65
valencia,pa,40.70,-79.92
valier,pa,40.92,-79.08
valley forge,pa,40.10,-75.47
valley view,pa,40.64,-76.54
van voorhis,pa,40.16,-79.97
vanderbilt,pa,40.02,-79.70
vandergrift,pa,40.61,-79.57
venango,pa,41.79,-80.13
venetia,pa,40.28,-80.06
venus,pa,41.38,-79.50
verona,pa,40.49,-79.83
vestaburg,pa,40.02,-79.99
vicksburg,pa,40.94,-76.99
villa maria,pa,41.07,-80.51
villanova,pa,40.04,-75.35
vintondale,pa,40.49,-78.94
virginville,pa,40.52,-75.87
volant,pa,41.09,-80.24
vowinckel,pa,41.38,-79.27
wagontown,pa,40.01,-75.84
wallaceton,pa,40.96,-78.29
wallingford,pa,39.89,-75.37
walnut bottom,pa,40.09,-77.41
walnutport,pa,40.76,-75.57
walston,pa,40.97,-79.00
waltersburg,pa,39.99,-79.78
wampum,pa,40.88,-80.34
wapwallopen,pa,41.07,-76.09
warfordsburg,pa,39.77,-78.20
warminster,pa,40.21,-75.09
warren,pa,41.85,-79.14
warren center,pa,41.94,-76.20
warrendale,pa,40.66,-80.08
warrington,pa,40.25,-75.14
warriors mark,pa,40.74,-78.08
washington,pa,40.17,-80.26
washington boro,pa,39.99,-76.44
washington crossing,pa,40.29,-74.88
washingtonville,pa,41.05,-76.67
waterfall,pa,40.07,-78.05
waterford,pa,41.96,-80.00
waterville,pa,41.31,-77.36
watsontown,pa,41.10,-76.85
wattsburg,pa,42.04,-79.84
waverly,pa,41.53,-75.71
waymart,pa,41.57,-75.41
wayne,pa,40.04,-75.39
waynesboro,pa,39.76,-77.57
waynesburg,pa,39.89,-80.18
weatherly,pa,40.94,-75.83
webster,pa,40.19,-79.85
weedville,pa,41.27,-78.50
weikert,pa,40.86,-77.30
wellersburg,pa,39.73,-78.85
wells tannery,pa,40.10,-78.14
wellsboro,pa,41.74,-77.31
wellsville,pa,40.06,-76.94
wendel,pa,40.30,-79.69
wernersville,pa,40.33,-76.09
west alexander,pa,40.11,-80.50
west chester,pa,39.98,-75.60
west decatur,pa,40.95,-78.31
west elizabeth,pa,40.27,-79.90
west finley,pa,39.99,-80.44
west grove,pa,39.83,-75.84
west hickory,pa,41.57,-79.41
west lebanon,pa,40.60,-79.35
west leisenring,pa,39.96,-79.70
west middlesex,pa,41.17,-80.45
west middletown,pa,40.24,-80.43
west mifflin,pa,40.37,-79.89
west milton,pa,40.96,-76.88
west newton,pa,40.21,-79.76
west pittsburg,pa,40.93,-80.36
west point,pa,40.21,-75.30
west salisbury,pa,39.75,-79.10
west springfield,pa,41.95,-80.47
west sunbury,pa,41.00,-79.88
west willow,pa,39.97,-76.29
westfield,pa,41.92,-77.53
westland,pa,40.28,-80.27
westmoreland city,pa,40.28,-79.55
weston,pa,40.94,-76.14
westover,pa,40.76,-78.74
westport,pa,41.27,-77.93
westtown,pa,39.93,-75.55
wexford,pa,40.61,-80.06
wheatland,pa,41.20,-80.50
white,pa,40.07,-79.43
white deer,pa,41.08,-76.88
white haven,pa,41.08,-75.77
white mills,pa,41.53,-75.20
whitehall,pa,40.65,-75.50
whitney,pa,40.25,-79.41
wickhaven,pa,40.12,-79.77
wiconisco,pa,40.57,-76.71
widnoon,pa,40.96,-79.47
wilburton,pa,40.81,-76.39
wilcox,pa,41.57,-78.68
wildwood,pa,40.59,-79.97
wilkes barre,pa,41.24,-75.88
williamsburg,pa,40.44,-78.23
williamson,pa,39.85,-77.80
williamsport,pa,41.25,-77.02
williamstown,pa,40.58,-76.62
willow grove,pa,40.15,-75.12
willow hill,pa,40.11,-77.80
willow street,pa,39.97,-76.28
wilmerding,pa,40.39,-79.80
wilmore,pa,40.39,-78.72
winburne,pa,40.97,-78.16
wind gap,pa,40.82,-75.33
wind ridge,pa,39.90,-80.46
windber,pa,40.23,-78.83
windsor,pa,39.92,-76.56
winfield,pa,40.89,-76.87
witmer,pa,40.05,-76.21
womelsdorf,pa,40.37,-76.20
wood,pa,40.17,-78.14
woodbury,pa,40.22,-78.37
woodland,pa,41.01,-78.32
woodlyn,pa,39.88,-75.35
woodward,pa,40.91,-77.35
woolrich,pa,41.19,-77.33
worcester,pa,40.20,-75.35
worthington,pa,40.83,-79.64
worthville,pa,41.02,-79.14
woxall,pa,40.31,-75.45
wrightsville,pa,40.00,-76.53
wyalusing,pa,41.70,-76.28
wyano,pa,40.20,-79.70
wycombe,pa,40.28,-75.02
wyncote,pa,40.09,-75.15
wynnewood,pa,40.00,-75.28
wyoming,pa,41.32,-75.85
wysox,pa,41.78,-76.38
yatesboro,pa,40.80,-79.33
yeagertown,pa,40.64,-77.57
york,pa,39.96,-76.73
york haven,pa,40.12,-76.77
york new salem,pa,39.90,-76.79
york springs,pa,40.01,-77.11
youngstown,pa,40.28,-79.37
youngsville,pa,41.85,-79.32
youngwood,pa,40.24,-79.58
yukon,pa,40.22,-79.68
zelienople,pa,40.73,-80.13
zieglerville,pa,40.28,-75.49
zion grove,pa,40.94,-76.23
zionhill,pa,40.48,-75.39
zionsville,pa,40.47,-75.53
zullinger,pa,39.77,-77.63
adjuntas,pr,18.18,-66.75
aguada,pr,18.38,-67.19
aguadilla,pr,18.46,-67.13
aguas buenas,pr,18.26,-66.11
aguirre,pr,18.25,-66.10
aibonito,pr,18.14,-66.27
anasco,pr,18.28,-67.14
angeles,pr,18.29,-66.80
arecibo,pr,18.44,-66.69
arroyo,pr,17.96,-66.06
bajadero,pr,18.43,-66.68
barceloneta,pr,18.45,-66.54
barranquitas,pr,18.19,-66.31
bayamon,pr,18.34,-66.17
boqueron,pr,18.03,-67.17
cabo rojo,pr,18.08,-67.15
caguas,pr,18.23,-66.05
camuy,pr,18.49,-66.85
canovanas,pr,18.38,-65.91
carolina,pr,18.44,-66.01
castaner,pr,18.22,-66.87
catano,pr,18.44,-66.14
cayey,pr,18.11,-66.15
ceiba,pr,18.25,-65.66
ciales,pr,18.34,-66.47
cidra,pr,18.18,-66.16
coamo,pr,18.08,-66.36
comerio,pr,18.22,-66.22
corozal,pr,18.34,-66.32
coto laurel,pr,18.05,-66.56
culebra,pr,18.30,-65.30
dorado,pr,18.46,-66.27
ensenada,pr,17.97,-66.93
fajardo,pr,18.33,-65.66
florida,pr,18.36,-66.56
ft buchanan,pr,18.46,-66.11
garrochales,pr,18.46,-66.61
guanica,pr,17.97,-66.91
guayama,pr,17.99,-66.13
guayanilla,pr,18.02,-66.79
guaynabo,pr,18.43,-66.12
gurabo,pr,18.25,-65.98
hatillo,pr,18.49,-66.83
hormigueros,pr,18.14,-67.13
humacao,pr,18.14,-65.82
isabela,pr,18.50,-67.03
jayuya,pr,18.22,-66.59
juana diaz,pr,18.05,-66.51
juncos,pr,18.23,-65.92
la plata,pr,18.16,-66.23
lajas,pr,18.05,-67.06
lares,pr,18.30,-66.88
las marias,pr,18.30,-67.15
las piedras,pr,18.18,-65.86
loiza,pr,18.43,-65.88
luquillo,pr,18.37,-65.72
manati,pr,18.43,-66.47
maricao,pr,18.18,-66.98
maunabo,pr,18.01,-65.90
mayaguez,pr,18.20,-67.12
mercedita,pr,18.01,-66.56
moca,pr,18.39,-67.16
morovis,pr,18.33,-66.41
naguabo,pr,18.21,-65.74
naranjito,pr,18.30,-66.25
orocovis,pr,18.23,-66.39
palmer,pr,18.37,-65.77
patillas,pr,18.01,-66.01
penuelas,pr,18.06,-66.72
ponce,pr,18.02,-66.58
puerto real,pr,18.08,-67.19
punta santiago,pr,18.17,-65.75
quebradillas,pr,18.48,-66.94
rincon,pr,18.34,-67.25
rio blanco,pr,18.22,-65.79
rio grande,pr,18.38,-65.84
roosevelt roads,pr,18.27,-65.65
rosario,pr,18.16,-67.08
sabana grande,pr,18.08,-66.96
sabana hoyos,pr,18.44,-66.61
sabana seca,pr,18.43,-66.19
st just,pr,18.37,-66.01
salinas,pr,17.98,-66.30
san antonio,pr,18.45,-66.30
san german,pr,18.08,-67.05
san juan,pr,18.47,-66.11
san lorenzo,pr,18.19,-65.96
san sebastian,pr,18.34,-66.99
santa isabel,pr,17.97,-66.41
toa alta,pr,18.37,-66.23
toa baja,pr,18.45,-66.18
trujillo alto,pr,18.34,-66.01
utuado,pr,18.27,-66.70
vega alta,pr,18.41,-66.33
vega baja,pr,18.44,-66.40
vieques,pr,18.43,-65.84
villalba,pr,18.13,-66.49
yabucoa,pr,18.05,-65.88
yauco,pr,18.04,-66.85
adamsville,ri,41.55,-71.13
albion,ri,41.95,-71.45
ashaway,ri,41.42,-71.78
barrington,ri,41.74,-71.32
block island,ri,41.17,-71.57
bradford,ri,41.41,-71.75
bristol,ri,41.68,-71.27
carolina,ri,41.47,-71.65
central falls,ri,41.89,-71.39
charlestown,ri,41.40,-71.66
chepachet,ri,41.92,-71.68
clayville,ri,41.78,-71.67
coventry,ri,41.69,-71.58
cranston,ri,41.78,-71.44
cumberland,ri,41.95,-71.42
east greenwich,ri,41.65,-71.47
east providence,ri,41.81,-71.37
exeter,ri,41.57,-71.61
fiskeville,ri,41.73,-71.55
forestdale,ri,41.95,-71.70
foster,ri,41.78,-71.72
glendale,ri,41.98,-71.63
greene,ri,41.71,-71.74
greenville,ri,41.87,-71.56
harmony,ri,41.89,-71.60
harrisville,ri,41.98,-71.65
hope,ri,41.75,-71.56
hope valley,ri,41.51,-71.73
hopkinton,ri,41.46,-71.78
jamestown,ri,41.52,-71.38
johnston,ri,41.83,-71.50
kenyon,ri,41.48,-71.68
kingston,ri,41.48,-71.53
lincoln,ri,41.91,-71.43
little compton,ri,41.52,-71.16
manville,ri,41.97,-71.47
mapleville,ri,41.95,-71.65
middletown,ri,41.55,-71.29
narragansett,ri,41.44,-71.46
newport,ri,41.50,-71.30
north kingstown,ri,41.59,-71.46
north providence,ri,41.85,-71.47
north scituate,ri,41.84,-71.62
north smithfield,ri,41.97,-71.55
oakland,ri,41.96,-71.64
pascoag,ri,41.96,-71.71
pawtucket,ri,41.87,-71.39
peace dale,ri,41.45,-71.50
portsmouth,ri,41.59,-71.25
providence,ri,41.83,-71.41
prudence island,ri,41.61,-71.31
riverside,ri,41.77,-71.35
rockville,ri,41.52,-71.76
rumford,ri,41.84,-71.36
saunderstown,ri,41.51,-71.44
shannock,ri,41.45,-71.64
slatersville,ri,42.00,-71.57
slocum,ri,41.52,-71.54
smithfield,ri,41.90,-71.52
tiverton,ri,41.63,-71.18
wakefield,ri,41.43,-71.53
warren,ri,41.73,-71.27
warwick,ri,41.70,-71.45
west greenwich,ri,41.64,-71.64
west kingston,ri,41.51,-71.60
west warwick,ri,41.70,-71.52
westerly,ri,41.37,-71.81
wood river junction,ri,41.45,-71.71
woonsocket,ri,42.00,-71.51
wyoming,ri,41.52,-71.68
abbeville,sc,34.18,-82.38
adams run,sc,32.75,-80.37
aiken,sc,33.55,-81.72
alcolu,sc,33.77,-80.18
allendale,sc,33.01,-81.32
anderson,sc,34.53,-82.63
andrews,sc,33.45,-79.56
arcadia,sc,34.96,-81.99
awendaw,sc,32.95,-79.69
aynor,sc,33.98,-79.18
ballentine,sc,34.12,-81.24
bamberg,sc,33.28,-81.02
barnwell,sc,33.23,-81.35
batesburg,sc,33.94,-81.55
bath,sc,33.50,-81.87
beaufort,sc,32.43,-80.67
beech island,sc,33.43,-81.89
belton,sc,34.51,-82.51
bennettsville,sc,34.63,-79.69
bethera,sc,33.20,-79.79
bethune,sc,34.42,-80.37
bishopville,sc,34.22,-80.27
blacksburg,sc,35.12,-81.51
blackstock,sc,34.58,-81.12
blackville,sc,33.36,-81.27
blair,sc,34.50,-81.35
blenheim,sc,34.50,-79.66
bluffton,sc,32.25,-80.87
blythewood,sc,34.19,-80.98
boiling springs,sc,35.03,-81.98
bonneau,sc,33.30,-79.92
bowling green,sc,35.15,-81.21
bowman,sc,33.35,-80.67
bradley,sc,34.03,-82.20
branchville,sc,33.26,-80.81
brunson,sc,32.94,-81.18
buffalo,sc,34.72,-81.68
cades,sc,33.81,-79.82
calhoun falls,sc,34.10,-82.58
camden,sc,34.27,-80.59
cameron,sc,33.56,-80.65
campobello,sc,35.11,-82.14
canadys,sc,33.06,-80.62
carlisle,sc,34.61,-81.51
cassatt,sc,34.34,-80.50
catawba,sc,34.85,-80.93
cayce,sc,33.96,-81.07
centenary,sc,34.03,-79.36
central,sc,34.74,-82.79
chapin,sc,34.13,-81.33
chappells,sc,34.24,-81.84
charleston,sc,32.96,-79.87
charleston afb,sc,32.90,-80.07
cheraw,sc,34.69,-79.92
chesnee,sc,35.12,-81.87
chester,sc,34.71,-81.22
chesterfield,sc,34.73,-80.10
clarks hill,sc,33.65,-82.15
clearwater,sc,33.50,-81.89
clemson,sc,34.68,-82.83
cleveland,sc,35.07,-82.61
clifton,sc,34.98,-81.82
clinton,sc,34.47,-81.88
clio,sc,34.58,-79.55
clover,sc,35.11,-81.19
columbia,sc,34.07,-81.18
conestee,sc,34.77,-82.35
converse,sc,34.99,-81.83
conway,sc,33.87,-79.06
coosawhatchie,sc,32.48,-80.98
cope,sc,33.37,-80.96
cordesville,sc,33.16,-79.92
cordova,sc,33.43,-80.89
cottageville,sc,32.96,-80.48
coward,sc,33.99,-79.75
cowpens,sc,35.04,-81.82
crocketville,sc,32.92,-81.08
cross,sc,33.34,-80.19
cross anchor,sc,34.64,-81.86
cross hill,sc,34.27,-81.98
dale,sc,32.56,-80.69
dalzell,sc,34.01,-80.47
darlington,sc,34.30,-79.87
daufuskie island,sc,32.10,-80.89
davis station,sc,33.60,-80.26
denmark,sc,33.32,-81.14
dillon,sc,34.41,-79.38
donalds,sc,34.40,-82.37
dorchester,sc,33.12,-80.40
drayton,sc,34.97,-81.91
due west,sc,34.33,-82.40
duncan,sc,34.92,-82.13
early branch,sc,32.63,-81.03
easley,sc,34.83,-82.58
eastover,sc,33.92,-80.70
edgefield,sc,33.81,-81.97
edgemoor,sc,34.80,-80.99
edisto island,sc,32.55,-80.31
effingham,sc,34.09,-79.79
ehrhardt,sc,33.10,-81.02
elgin,sc,34.16,-80.81
elko,sc,33.38,-81.38
elliott,sc,34.12,-80.18
elloree,sc,33.49,-80.57
enoree,sc,34.67,-81.92
estill,sc,32.74,-81.22
eutawville,sc,33.39,-80.32
fair play,sc,34.58,-83.00
fairfax,sc,32.95,-81.26
fairforest,sc,34.96,-82.01
fingerville,sc,35.13,-82.01
florence,sc,34.18,-79.77
folly beach,sc,32.66,-79.94
fork,sc,34.29,-79.25
ft lawn,sc,34.70,-80.91
ft mill,sc,35.01,-80.95
fountain inn,sc,34.65,-82.26
furman,sc,32.68,-81.19
gable,sc,33.84,-80.08
gadsden,sc,33.85,-80.75
gaffney,sc,35.06,-81.65
galivants ferry,sc,34.12,-79.11
garnett,sc,32.60,-81.24
gaston,sc,33.83,-81.12
georgetown,sc,33.43,-79.32
gifford,sc,32.86,-81.24
gilbert,sc,33.96,-81.39
glendale,sc,34.94,-81.84
gloverville,sc,33.53,-81.83
goose creek,sc,32.99,-80.02
gramling,sc,35.08,-82.13
graniteville,sc,33.56,-81.81
gray court,sc,34.58,-82.16
great falls,sc,34.57,-80.91
greeleyville,sc,33.60,-79.98
green pond,sc,32.66,-80.53
green sea,sc,34.21,-79.05
greenville,sc,34.85,-82.41
greenwood,sc,34.18,-82.16
greer,sc,34.90,-82.27
gresham,sc,33.91,-79.36
grover,sc,33.10,-80.59
hamer,sc,34.48,-79.38
hampton,sc,32.87,-81.10
hardeeville,sc,32.26,-81.07
harleyville,sc,33.22,-80.45
hartsville,sc,34.38,-80.08
heath springs,sc,34.60,-80.71
hemingway,sc,33.74,-79.45
hickory grove,sc,34.97,-81.43
hilda,sc,33.27,-81.25
hilton head island,sc,32.16,-80.75
hodges,sc,34.29,-82.21
holly hill,sc,33.33,-80.40
hollywood,sc,32.72,-80.26
honea path,sc,34.44,-82.43
hopkins,sc,33.93,-80.84
horatio,sc,34.02,-80.57
huger,sc,33.02,-79.81
inman,sc,35.05,-82.05
irmo,sc,34.11,-81.20
islandton,sc,32.95,-80.89
isle of palms,sc,32.79,-79.77
iva,sc,34.32,-82.66
jackson,sc,33.34,-81.80
jacksonboro,sc,32.77,-80.45
jamestown,sc,33.23,-79.72
jefferson,sc,34.65,-80.36
jenkinsville,sc,34.27,-81.27
joanna,sc,34.41,-81.82
johns island,sc,32.71,-80.09
johnsonville,sc,33.83,-79.48
johnston,sc,33.82,-81.80
jonesville,sc,34.84,-81.68
kershaw,sc,34.56,-80.55
kinards,sc,34.36,-81.72
kingstree,sc,33.69,-79.78
la france,sc,34.61,-82.77
ladson,sc,32.99,-80.13
ladys island,sc,32.44,-80.64
lake city,sc,33.87,-79.74
lake view,sc,34.34,-79.19
lamar,sc,34.19,-80.03
lancaster,sc,34.75,-80.76
lando,sc,34.78,-81.01
landrum,sc,35.16,-82.21
lane,sc,33.51,-79.87
langley,sc,33.52,-81.84
latta,sc,34.34,-79.44
laurens,sc,34.50,-82.03
leesville,sc,33.91,-81.46
lexington,sc,33.98,-81.24
liberty,sc,34.79,-82.70
liberty hill,sc,34.48,-80.80
little mountain,sc,34.17,-81.42
little river,sc,33.88,-78.65
little rock,sc,34.40,-79.33
lobeco,sc,32.55,-80.74
lockhart,sc,34.79,-81.46
lodge,sc,32.98,-80.93
long creek,sc,34.75,-83.18
longs,sc,33.91,-78.79
loris,sc,34.06,-78.92
lowndesville,sc,34.27,-82.57
lugoff,sc,34.23,-80.71
luray,sc,32.86,-81.22
lydia,sc,34.29,-80.11
lyman,sc,34.97,-82.14
lynchburg,sc,34.05,-80.10
manning,sc,33.67,-80.22
marietta,sc,35.03,-82.51
marion,sc,34.16,-79.39
martin,sc,33.11,-81.50
mauldin,sc,34.78,-82.30
mayesville,sc,34.05,-80.23
mayo,sc,35.08,-81.86
mc bee,sc,34.46,-80.25
mc clellanville,sc,33.10,-79.48
mc coll,sc,34.67,-79.56
mc connells,sc,34.87,-81.24
mc cormick,sc,33.91,-82.27
miley,sc,32.95,-81.03
minturn,sc,34.52,-79.47
modoc,sc,33.72,-82.20
moncks corner,sc,33.16,-80.04
monetta,sc,33.77,-81.54
montmorenci,sc,33.53,-81.64
moore,sc,34.88,-82.02
mt carmel,sc,33.97,-82.44
mt croghan,sc,34.74,-80.24
mt pleasant,sc,32.82,-79.85
mountain rest,sc,34.85,-83.11
mountville,sc,34.34,-81.96
mullins,sc,34.20,-79.25
murrells inlet,sc,33.55,-79.05
myrtle beach,sc,33.76,-78.80
neeses,sc,33.53,-81.08
nesmith,sc,33.59,-79.55
new ellenton,sc,33.42,-81.69
new zion,sc,33.80,-80.01
newberry,sc,34.28,-81.62
newry,sc,34.73,-82.91
nichols,sc,34.24,-79.16
ninety six,sc,34.17,-82.03
norris,sc,34.77,-82.76
north,sc,33.62,-81.06
north augusta,sc,33.52,-81.93
north charleston,sc,33.06,-80.08
north myrtle beach,sc,33.82,-78.68
norway,sc,33.45,-81.11
okatie,sc,32.33,-80.85
olanta,sc,33.93,-79.92
olar,sc,33.18,-81.16
orangeburg,sc,33.50,-80.86
pacolet,sc,34.90,-81.76
pacolet mills,sc,34.92,-81.74
pageland,sc,34.77,-80.40
pamplico,sc,33.99,-79.59
parksville,sc,33.79,-82.22
patrick,sc,34.56,-80.06
pauline,sc,34.77,-81.86
pawleys island,sc,33.45,-79.13
peak,sc,34.24,-81.32
pelion,sc,33.78,-81.25
pelzer,sc,34.65,-82.47
pendleton,sc,34.64,-82.74
pickens,sc,34.90,-82.71
piedmont,sc,34.72,-82.47
pineland,sc,32.60,-81.18
pineville,sc,33.42,-80.09
pinewood,sc,33.76,-80.50
pinopolis,sc,33.22,-80.04
plum branch,sc,33.83,-82.25
pomaria,sc,34.31,-81.45
port royal,sc,32.38,-80.69
prosperity,sc,34.18,-81.53
rains,sc,34.10,-79.32
ravenel,sc,32.79,-80.22
reevesville,sc,33.19,-80.67
reidville,sc,34.86,-82.11
rembert,sc,34.11,-80.49
richburg,sc,34.68,-80.99
richland,sc,34.68,-83.03
ridge spring,sc,33.87,-81.66
ridgeland,sc,32.49,-80.95
ridgeville,sc,33.11,-80.31
ridgeway,sc,34.32,-80.93
rion,sc,34.31,-81.13
rock hill,sc,34.92,-81.01
roebuck,sc,34.87,-81.95
round o,sc,32.94,-80.57
rowesville,sc,33.37,-80.83
ruby,sc,34.74,-80.19
ruffin,sc,33.01,-80.81
russellville,sc,33.40,-79.97
st george,sc,33.18,-80.57
st helena island,sc,32.38,-80.53
st matthews,sc,33.69,-80.86
st stephen,sc,33.41,-79.94
salem,sc,34.87,-82.96
salley,sc,33.60,-81.32
salters,sc,33.56,-79.83
saluda,sc,34.02,-81.78
sandy springs,sc,34.60,-82.75
santee,sc,33.48,-80.48
sardinia,sc,33.83,-80.08
scotia,sc,32.68,-81.24
scranton,sc,33.93,-79.77
seabrook,sc,32.53,-80.74
sellers,sc,34.27,-79.44
seneca,sc,34.73,-82.95
sharon,sc,34.91,-81.37
shaw a f b,sc,33.98,-80.48
sheldon,sc,32.60,-80.79
silverstreet,sc,34.24,-81.70
simpsonville,sc,34.74,-82.25
six mile,sc,34.83,-82.83
slater,sc,35.03,-82.50
smoaks,sc,33.10,-80.81
smyrna,sc,35.03,-81.39
society hill,sc,34.45,-79.89
spartanburg,sc,34.94,-81.97
springfield,sc,33.53,-81.25
starr,sc,34.40,-82.69
startex,sc,34.93,-82.10
state park,sc,34.09,-80.97
sullivans island,sc,32.76,-79.84
summerton,sc,33.59,-80.36
summerville,sc,33.03,-80.17
sumter,sc,33.93,-80.32
sunset,sc,34.97,-82.81
swansea,sc,33.73,-81.09
sycamore,sc,33.04,-81.22
tamassee,sc,34.90,-82.99
tatum,sc,34.64,-79.59
taylors,sc,34.92,-82.32
tigerville,sc,35.09,-82.36
tillman,sc,32.49,-81.08
timmonsville,sc,34.10,-79.94
townville,sc,34.52,-82.90
travelers rest,sc,35.00,-82.43
trenton,sc,33.69,-81.85
troy,sc,33.96,-82.29
turbeville,sc,33.88,-79.99
ulmer,sc,33.06,-81.22
una,sc,34.97,-81.97
union,sc,34.73,-81.62
van wyck,sc,34.86,-80.85
vance,sc,33.41,-80.46
varnville,sc,32.83,-81.03
vaucluse,sc,33.61,-81.81
wadmalaw island,sc,32.65,-80.18
wagener,sc,33.65,-81.40
walhalla,sc,34.77,-83.04
wallace,sc,34.73,-79.80
walterboro,sc,32.90,-80.68
ward,sc,33.88,-81.73
ware shoals,sc,34.40,-82.27
warrenville,sc,33.52,-81.83
waterloo,sc,34.34,-82.09
wedgefield,sc,33.94,-80.50
wellford,sc,34.95,-82.09
west columbia,sc,34.00,-81.09
west union,sc,34.75,-83.04
westminster,sc,34.66,-83.11
westville,sc,34.45,-80.58
white rock,sc,34.15,-81.28
white stone,sc,34.90,-81.82
whitmire,sc,34.50,-81.61
williams,sc,33.03,-80.84
williamston,sc,34.62,-82.51
williston,sc,33.39,-81.42
windsor,sc,33.47,-81.51
winnsboro,sc,34.38,-81.11
woodruff,sc,34.76,-82.04
yemassee,sc,32.64,-80.81
york,sc,34.99,-81.22
aberdeen,sd,45.47,-98.49
agar,sd,44.84,-100.07
akaska,sd,45.33,-100.12
alcester,sd,43.00,-96.63
alexandria,sd,43.62,-97.78
allen,sd,43.29,-101.93
alpena,sd,44.17,-98.40
amherst,sd,45.71,-97.93
andover,sd,45.42,-97.92
arlington,sd,44.37,-97.07
armour,sd,43.32,-98.34
artesian,sd,44.04,-97.95
ashton,sd,45.01,-98.44
astoria,sd,44.57,-96.54
aurora,sd,44.28,-96.70
avon,sd,43.04,-98.03
badger,sd,44.49,-97.22
baltic,sd,43.73,-96.76
barnard,sd,45.72,-98.55
batesland,sd,43.08,-102.17
bath,sd,45.46,-98.36
belle fourche,sd,44.67,-103.84
belvidere,sd,43.89,-101.24
beresford,sd,43.09,-96.78
big stone city,sd,45.29,-96.56
bison,sd,45.52,-102.48
black hawk,sd,44.15,-103.35
blunt,sd,44.50,-99.95
bonesteel,sd,43.07,-98.99
bowdle,sd,45.43,-99.64
box elder,sd,44.12,-103.07
bradley,sd,45.08,-97.64
brandon,sd,43.60,-96.58
brandt,sd,44.67,-96.64
brentford,sd,45.15,-98.32
bridgewater,sd,43.55,-97.50
bristol,sd,45.31,-97.75
britton,sd,45.80,-97.74
brookings,sd,44.31,-96.79
bruce,sd,44.47,-96.91
bryant,sd,44.60,-97.45
buffalo,sd,45.57,-103.58
buffalo gap,sd,43.50,-103.32
bullhead,sd,45.77,-101.08
burbank,sd,42.76,-96.85
burke,sd,43.21,-99.27
camp crook,sd,45.60,-103.96
canistota,sd,43.59,-97.29
canova,sd,43.89,-97.53
canton,sd,43.30,-96.59
caputa,sd,43.98,-103.02
carpenter,sd,44.66,-97.92
carthage,sd,44.15,-97.71
castlewood,sd,44.73,-97.02
cavour,sd,44.36,-98.02
centerville,sd,43.12,-96.96
chamberlain,sd,43.80,-99.31
chancellor,sd,43.41,-96.98
cherry creek,sd,44.62,-101.65
chester,sd,43.90,-96.98
claire city,sd,45.88,-97.11
claremont,sd,45.67,-98.04
clark,sd,44.88,-97.73
clear lake,sd,44.76,-96.70
colman,sd,43.96,-96.82
colome,sd,43.23,-99.69
colton,sd,43.80,-96.96
columbia,sd,45.67,-98.30
conde,sd,45.16,-98.03
corona,sd,45.36,-96.66
corsica,sd,43.42,-98.36
cresbard,sd,45.17,-98.94
crooks,sd,43.65,-96.82
custer,sd,43.74,-103.62
dallas,sd,43.24,-99.51
dante,sd,43.00,-98.17
davis,sd,43.29,-96.98
de smet,sd,44.39,-97.56
deadwood,sd,44.36,-103.70
dell rapids,sd,43.82,-96.72
delmont,sd,43.26,-98.16
dimock,sd,43.47,-98.00
doland,sd,44.82,-98.09
draper,sd,43.93,-100.51
dupree,sd,45.01,-101.63
eagle butte,sd,45.02,-101.10
eden,sd,45.62,-97.37
edgemont,sd,43.29,-103.81
egan,sd,43.99,-96.65
elk point,sd,42.74,-96.69
elkton,sd,44.23,-96.50
ellsworth afb,sd,44.14,-103.08
emery,sd,43.57,-97.65
enning,sd,44.54,-102.62
erwin,sd,44.49,-97.41
estelline,sd,44.58,-96.92
ethan,sd,43.54,-98.06
eureka,sd,45.77,-99.62
fairburn,sd,43.66,-103.21
fairfax,sd,43.04,-98.83
fairview,sd,43.21,-96.57
faith,sd,44.99,-102.05
faulkton,sd,45.07,-99.13
fedora,sd,43.98,-97.79
ferney,sd,45.33,-98.10
flandreau,sd,44.07,-96.62
florence,sd,45.06,-97.29
ft meade,sd,44.41,-103.47
ft pierre,sd,44.34,-100.40
ft thompson,sd,44.05,-99.40
frankfort,sd,44.81,-98.29
frederick,sd,45.85,-98.52
freeman,sd,43.36,-97.46
fulton,sd,43.76,-97.87
gann valley,sd,44.07,-99.05
garden city,sd,44.95,-97.57
garretson,sd,43.72,-96.52
gary,sd,44.83,-96.50
gayville,sd,42.88,-97.18
geddes,sd,43.26,-98.69
gettysburg,sd,45.03,-99.98
glencross,sd,45.45,-100.89
glenham,sd,45.53,-100.27
goodwin,sd,44.89,-96.81
gregory,sd,43.23,-99.43
grenville,sd,45.49,-97.42
groton,sd,45.45,-98.11
hamill,sd,43.64,-99.69
harrisburg,sd,43.45,-96.69
harrison,sd,43.45,-98.52
harrold,sd,44.52,-99.74
hartford,sd,43.62,-96.95
hayes,sd,44.42,-100.74
hayti,sd,44.66,-97.23
hazel,sd,44.76,-97.31
hecla,sd,45.87,-98.19
henry,sd,44.89,-97.44
hermosa,sd,43.82,-103.21
herreid,sd,45.85,-100.05
herrick,sd,43.10,-99.22
highmore,sd,44.53,-99.45
hill city,sd,43.94,-103.58
hitchcock,sd,44.58,-98.45
holabird,sd,44.52,-99.59
hosmer,sd,45.57,-99.49
hot springs,sd,43.42,-103.48
houghton,sd,45.80,-98.10
hoven,sd,45.23,-99.78
howard,sd,44.03,-97.52
howes,sd,44.53,-102.22
hudson,sd,43.13,-96.53
humboldt,sd,43.61,-97.07
hurley,sd,43.29,-97.19
huron,sd,44.36,-98.22
ideal,sd,43.56,-99.93
interior,sd,43.73,-101.96
ipswich,sd,45.45,-99.01
irene,sd,43.10,-97.26
iroquois,sd,44.35,-97.85
isabel,sd,45.06,-101.27
java,sd,45.41,-99.84
jefferson,sd,42.60,-96.58
kadoka,sd,43.84,-101.55
kaylor,sd,43.20,-97.82
keldron,sd,45.90,-101.94
kennebec,sd,43.89,-99.85
keystone,sd,43.97,-103.34
kimball,sd,43.71,-98.93
kranzburg,sd,44.88,-96.95
kyle,sd,43.44,-102.21
labolt,sd,45.04,-96.69
lake andes,sd,43.13,-98.50
lake city,sd,45.69,-97.35
lake norden,sd,44.58,-97.20
lake preston,sd,44.37,-97.36
lane,sd,44.07,-98.41
langford,sd,45.62,-97.79
lantry,sd,40.02,-101.43
lead,sd,44.35,-103.77
lebanon,sd,45.01,-99.74
lemmon,sd,45.92,-102.19
lennox,sd,43.35,-96.88
leola,sd,45.73,-98.90
lesterville,sd,43.05,-97.55
letcher,sd,43.89,-98.17
little eagle,sd,45.67,-100.81
lodgepole,sd,45.82,-102.76
long valley,sd,43.57,-101.38
longlake,sd,45.80,-99.25
lower brule,sd,44.09,-99.61
ludlow,sd,45.87,-103.31
lyons,sd,43.72,-96.87
madison,sd,44.01,-97.11
manderson,sd,43.31,-102.37
mansfield,sd,45.23,-98.61
marion,sd,43.42,-97.28
martin,sd,43.18,-101.74
marty,sd,42.98,-98.42
marvin,sd,45.27,-96.91
mc intosh,sd,45.81,-101.50
mc laughlin,sd,45.75,-100.88
meadow,sd,45.35,-102.28
mellette,sd,45.16,-98.48
menno,sd,43.23,-97.56
midland,sd,44.24,-101.29
milbank,sd,45.21,-96.63
milesville,sd,44.43,-101.75
miller,sd,44.50,-98.99
mission,sd,43.29,-100.60
mission hill,sd,42.98,-97.33
mitchell,sd,43.71,-98.03
mobridge,sd,45.54,-100.43
monroe,sd,43.48,-97.22
montrose,sd,43.71,-97.19
morristown,sd,45.90,-101.70
mound city,sd,45.68,-100.05
mt vernon,sd,43.72,-98.26
mud butte,sd,45.03,-102.80
murdo,sd,43.90,-100.71
nemo,sd,44.21,-103.54
new effington,sd,45.87,-96.91
new holland,sd,43.43,-98.63
new underwood,sd,44.09,-102.81
newell,sd,44.74,-103.39
nisland,sd,44.67,-103.54
norris,sd,43.47,-101.15
north sioux city,sd,42.53,-96.51
northville,sd,45.16,-98.66
nunda,sd,44.15,-96.99
oacoma,sd,43.80,-99.40
oelrichs,sd,43.16,-103.22
oglala,sd,43.19,-102.74
okaton,sd,43.93,-100.94
okreek,sd,43.36,-100.39
oldham,sd,44.25,-97.27
olivet,sd,43.29,-97.72
onaka,sd,45.20,-99.46
onida,sd,44.71,-100.10
oral,sd,43.39,-103.18
orient,sd,44.83,-99.11
ortley,sd,45.34,-97.18
owanka,sd,44.06,-102.56
parker,sd,43.40,-97.13
parkston,sd,43.40,-97.97
parmelee,sd,43.31,-101.01
peever,sd,45.52,-97.00
philip,sd,44.06,-101.69
pickstown,sd,43.06,-98.53
piedmont,sd,44.23,-103.37
pierpont,sd,45.50,-97.81
pierre,sd,44.37,-100.32
pine ridge,sd,43.11,-102.60
plankinton,sd,43.74,-98.47
platte,sd,43.40,-98.89
pollock,sd,45.89,-100.29
porcupine,sd,43.29,-102.22
prairie city,sd,45.58,-102.81
presho,sd,43.90,-100.07
pringle,sd,43.61,-103.59
pukwana,sd,43.78,-99.18
quinn,sd,44.08,-102.07
ralph,sd,45.86,-103.04
ramona,sd,44.12,-97.23
rapid city,sd,44.08,-103.20
raymond,sd,44.86,-97.92
redfield,sd,44.87,-98.51
redig,sd,45.27,-103.55
ree heights,sd,44.56,-99.23
reliance,sd,43.83,-99.49
renner,sd,43.64,-96.71
reva,sd,45.53,-103.07
revillo,sd,45.02,-96.56
ridgeview,sd,45.14,-100.65
rockham,sd,44.97,-98.77
roscoe,sd,45.43,-99.33
rosebud,sd,43.23,-100.86
rosholt,sd,45.88,-96.72
roslyn,sd,45.50,-97.54
rowena,sd,43.52,-96.56
rutland,sd,44.07,-96.95
st charles,sd,43.11,-99.09
st francis,sd,43.19,-100.89
st lawrence,sd,44.52,-98.88
st onge,sd,44.55,-103.73
salem,sd,43.74,-97.38
scenic,sd,43.80,-102.54
scotland,sd,43.12,-97.73
selby,sd,45.48,-100.05
seneca,sd,45.03,-99.46
sinai,sd,44.24,-97.05
sioux falls,sd,43.49,-96.73
sisseton,sd,45.66,-97.02
smithwick,sd,43.27,-103.20
south shore,sd,45.10,-96.99
spearfish,sd,44.49,-103.86
spencer,sd,43.76,-97.59
springfield,sd,42.87,-97.93
stephan,sd,44.25,-99.45
stickney,sd,43.58,-98.51
stockholm,sd,45.10,-96.81
strandburg,sd,45.04,-96.79
stratford,sd,45.29,-98.28
sturgis,sd,44.41,-103.48
summit,sd,45.35,-97.04
tabor,sd,42.94,-97.69
tea,sd,43.47,-96.82
timber lake,sd,45.39,-101.04
tolstoy,sd,45.17,-99.62
toronto,sd,44.58,-96.71
trail city,sd,45.44,-100.68
trent,sd,43.89,-96.63
tripp,sd,43.24,-97.97
tulare,sd,44.73,-98.55
turton,sd,45.04,-98.10
tuthill,sd,43.12,-101.47
twin brooks,sd,45.21,-97.00
tyndall,sd,42.99,-97.86
union center,sd,44.64,-102.80
utica,sd,42.94,-97.46
vale,sd,44.62,-103.38
valley springs,sd,43.58,-96.50
veblen,sd,45.85,-97.31
vermillion,sd,42.80,-96.93
viborg,sd,43.18,-97.11
vienna,sd,44.69,-97.55
virgil,sd,44.33,-98.39
vivian,sd,43.95,-100.29
volga,sd,44.32,-96.93
volin,sd,42.97,-97.23
wagner,sd,43.08,-98.28
wakonda,sd,43.00,-97.07
wakpala,sd,45.70,-100.53
walker,sd,45.91,-101.09
wall,sd,43.98,-102.22
wallace,sd,45.08,-97.45
wanblee,sd,43.56,-101.72
warner,sd,45.35,-98.48
wasta,sd,44.09,-102.35
watauga,sd,45.93,-101.51
watertown,sd,44.90,-97.12
waubay,sd,45.38,-97.29
webster,sd,45.32,-97.52
wentworth,sd,43.99,-96.96
wessington,sd,44.41,-98.69
wessington springs,sd,44.07,-98.61
westport,sd,45.63,-98.59
white,sd,44.41,-96.61
white lake,sd,43.76,-98.71
white owl,sd,44.62,-102.45
white river,sd,43.57,-100.74
whitehorse,sd,45.27,-100.89
whitewood,sd,44.46,-103.64
willow lake,sd,44.63,-97.67
wilmot,sd,45.41,-96.86
winfred,sd,43.96,-97.31
winner,sd,43.36,-99.86
witten,sd,43.45,-100.08
wolsey,sd,44.40,-98.47
wood,sd,43.54,-100.44
woonsocket,sd,44.06,-98.24
worthing,sd,43.29,-96.75
wounded knee,sd,43.19,-102.40
yale,sd,44.50,-97.99
yankton,sd,42.88,-97.40
adams,tn,36.56,-87.12
adamsville,tn,35.26,-88.41
afton,tn,36.20,-82.75
alamo,tn,35.80,-89.18
alcoa,tn,35.79,-83.98
alexandria,tn,36.07,-86.04
allardt,tn,36.37,-84.85
allons,tn,36.50,-85.32
allred,tn,36.37,-85.18
alpine,tn,36.38,-85.15
altamont,tn,35.43,-85.76
andersonville,tn,36.19,-84.05
antioch,tn,36.06,-86.67
apison,tn,35.01,-85.02
ardmore,tn,35.06,-86.88
arlington,tn,35.28,-89.73
arnold a f b,tn,35.34,-86.24
arrington,tn,35.90,-86.56
arthur,tn,36.55,-83.67
ashland city,tn,36.27,-87.04
athens,tn,35.46,-84.60
atoka,tn,35.42,-89.82
atwood,tn,35.97,-88.62
auburntown,tn,35.97,-86.11
bakewell,tn,35.38,-85.11
bath springs,tn,35.45,-88.13
baxter,tn,36.12,-85.64
bean station,tn,36.32,-83.31
beech bluff,tn,35.59,-88.64
beechgrove,tn,35.64,-86.20
beersheba springs,tn,35.47,-85.68
belfast,tn,35.41,-86.71
bell buckle,tn,35.64,-86.39
bells,tn,35.72,-89.07
belvidere,tn,35.14,-86.17
benton,tn,35.17,-84.65
bethel springs,tn,35.23,-88.64
bethpage,tn,36.52,-86.31
big rock,tn,36.57,-87.74
big sandy,tn,36.23,-88.06
birchwood,tn,35.35,-84.96
blaine,tn,36.16,-83.68
bloomington springs,tn,36.22,-85.65
blountville,tn,36.54,-82.37
bluff city,tn,36.48,-82.24
bogota,tn,36.16,-89.44
bolivar,tn,35.25,-89.00
bon aqua,tn,35.95,-87.30
braden,tn,35.38,-89.57
bradford,tn,36.06,-88.80
bradyville,tn,35.71,-86.09
brentwood,tn,36.03,-86.78
briceville,tn,36.19,-84.22
brighton,tn,35.47,-89.75
bristol,tn,36.57,-82.18
brownsville,tn,35.61,-89.26
bruceton,tn,36.03,-88.25
brunswick,tn,35.27,-89.77
brush creek,tn,36.11,-86.02
buchanan,tn,36.41,-88.15
buena vista,tn,35.94,-88.29
buffalo valley,tn,36.18,-85.76
bulls gap,tn,36.33,-83.03
bumpus mills,tn,36.62,-87.86
burlison,tn,35.54,-89.82
burns,tn,36.05,-87.31
butler,tn,36.33,-81.99
bybee,tn,36.07,-83.16
byrdstown,tn,36.57,-85.15
calhoun,tn,35.37,-84.74
camden,tn,36.06,-88.11
campaign,tn,35.77,-85.63
carthage,tn,36.26,-85.97
caryville,tn,36.29,-84.19
castalian springs,tn,36.38,-86.32
cedar grove,tn,35.86,-88.55
cedar hill,tn,36.51,-87.03
celina,tn,36.55,-85.50
centerville,tn,35.78,-87.48
chapel hill,tn,35.64,-86.68
chapmansboro,tn,36.38,-87.11
charleston,tn,35.26,-84.77
charlotte,tn,36.23,-87.28
chattanooga,tn,35.05,-85.31
chestnut mound,tn,36.19,-85.84
chewalla,tn,35.01,-88.65
christiana,tn,35.74,-86.41
chuckey,tn,36.22,-82.67
church hill,tn,36.54,-82.73
clairfield,tn,36.57,-83.94
clarkrange,tn,36.21,-84.98
clarksburg,tn,35.87,-88.39
clarksville,tn,36.52,-87.35
cleveland,tn,35.13,-84.88
clifton,tn,35.38,-87.95
clinton,tn,36.09,-84.19
coalfield,tn,36.03,-84.42
coalmont,tn,35.39,-85.66
cokercreek,tn,35.27,-84.29
college grove,tn,35.78,-86.75
collegedale,tn,35.05,-85.05
collierville,tn,35.06,-89.68
collinwood,tn,35.16,-87.72
columbia,tn,35.62,-87.04
como,tn,36.29,-88.51
conasauga,tn,35.00,-84.73
cookeville,tn,36.17,-85.50
copperhill,tn,35.02,-84.38
cordova,tn,35.18,-89.77
cornersville,tn,35.34,-86.83
corryton,tn,36.12,-83.81
cosby,tn,35.83,-83.22
cottage grove,tn,36.35,-88.46
cottontown,tn,36.49,-86.60
counce,tn,35.04,-88.29
covington,tn,35.56,-89.65
cowan,tn,35.17,-86.02
crab orchard,tn,35.89,-84.86
crawford,tn,36.24,-85.17
crockett mills,tn,35.87,-89.17
cross plains,tn,36.55,-86.68
crossville,tn,35.94,-85.02
crump,tn,35.22,-88.34
culleoka,tn,35.47,-87.00
cumberland city,tn,36.37,-87.63
cumberland furnace,tn,36.32,-87.41
cumberland gap,tn,36.55,-83.68
cunningham,tn,36.38,-87.42
cypress inn,tn,35.06,-87.79
dandridge,tn,36.00,-83.40
darden,tn,35.66,-88.22
dayton,tn,35.50,-85.01
decatur,tn,35.51,-84.81
decaturville,tn,35.56,-88.13
decherd,tn,35.23,-86.06
deer lodge,tn,36.22,-84.82
del rio,tn,35.88,-83.02
delano,tn,35.26,-84.60
dellrose,tn,35.00,-86.91
denmark,tn,35.56,-88.98
dickson,tn,36.08,-87.40
dixon springs,tn,36.45,-86.05
dover,tn,36.51,-87.84
dowelltown,tn,35.97,-85.91
doyle,tn,35.87,-85.50
dresden,tn,36.30,-88.70
drummonds,tn,35.45,-89.92
duck river,tn,35.74,-87.34
ducktown,tn,35.04,-84.38
duff,tn,36.41,-84.01
dukedom,tn,36.48,-88.69
dunlap,tn,35.38,-85.39
dyer,tn,36.07,-89.02
dyersburg,tn,36.04,-89.38
eads,tn,35.16,-89.68
eagan,tn,36.55,-83.98
eagleville,tn,35.75,-86.63
eaton,tn,35.97,-89.13
eidson,tn,36.50,-83.08
elgin,tn,36.33,-84.61
elizabethton,tn,36.34,-82.20
elkton,tn,35.05,-86.89
ellendale,tn,35.23,-89.83
elmwood,tn,36.24,-85.88
elora,tn,35.03,-86.35
englewood,tn,35.43,-84.48
enville,tn,35.44,-88.42
erin,tn,36.31,-87.68
erwin,tn,36.13,-82.42
estill springs,tn,35.27,-86.14
ethridge,tn,35.33,-87.30
etowah,tn,35.33,-84.53
eva,tn,36.08,-88.03
evensville,tn,35.62,-85.02
fairview,tn,35.98,-87.13
fall branch,tn,36.42,-82.63
farner,tn,35.14,-84.32
fayetteville,tn,35.15,-86.57
finger,tn,35.33,-88.61
finley,tn,36.02,-89.51
five points,tn,35.03,-87.30
flag pond,tn,36.01,-82.56
flintville,tn,35.04,-86.50
fosterville,tn,35.66,-86.40
frankewing,tn,35.18,-86.78
franklin,tn,35.93,-86.88
friendship,tn,35.90,-89.20
friendsville,tn,35.75,-84.11
fruitvale,tn,35.75,-89.03
gadsden,tn,35.78,-88.99
gainesboro,tn,36.34,-85.64
gallatin,tn,36.38,-86.45
gallaway,tn,35.33,-89.62
gates,tn,35.84,-89.46
gatlinburg,tn,35.73,-83.49
georgetown,tn,35.29,-84.91
germantown,tn,35.09,-89.81
gibson,tn,35.88,-88.85
gladeville,tn,36.11,-86.42
gleason,tn,36.21,-88.62
goodlettsville,tn,36.32,-86.71
goodspring,tn,35.12,-87.13
gordonsville,tn,36.18,-86.00
grand junction,tn,35.07,-89.15
grandview,tn,35.76,-84.86
granville,tn,36.28,-85.75
graysville,tn,35.45,-85.18
greenback,tn,35.66,-84.17
greenbrier,tn,36.42,-86.79
greeneville,tn,36.16,-82.83
greenfield,tn,36.15,-88.75
grimsley,tn,36.24,-85.02
gruetli laager,tn,35.36,-85.67
guild,tn,35.02,-85.51
guys,tn,35.01,-88.52
halls,tn,35.89,-89.41
hampshire,tn,35.59,-87.33
hampton,tn,36.26,-82.19
harriman,tn,35.93,-84.52
harrison,tn,35.17,-85.09
harrogate,tn,36.58,-83.61
hartford,tn,35.83,-83.10
hartsville,tn,36.39,-86.17
heiskell,tn,36.12,-84.04
helenwood,tn,36.43,-84.54
henderson,tn,35.43,-88.64
hendersonville,tn,36.31,-86.61
henning,tn,35.68,-89.64
henry,tn,36.20,-88.45
hermitage,tn,36.18,-86.60
hickman,tn,36.12,-85.90
hickory valley,tn,35.16,-89.13
hilham,tn,36.39,-85.44
hillsboro,tn,35.37,-85.97
hixson,tn,35.16,-85.22
hohenwald,tn,35.54,-87.55
holladay,tn,35.90,-88.09
hollow rock,tn,36.06,-88.29
hornbeak,tn,36.36,-89.31
hornsby,tn,35.22,-88.83
humboldt,tn,35.84,-88.91
huntingdon,tn,36.01,-88.42
huntland,tn,35.05,-86.27
huntsville,tn,36.40,-84.43
huron,tn,35.61,-88.52
hurricane mills,tn,35.97,-87.77
idlewild,tn,36.03,-88.81
indian mound,tn,36.49,-87.68
iron city,tn,35.06,-87.65
jacks creek,tn,35.48,-88.50
jacksboro,tn,36.33,-84.19
jackson,tn,35.61,-88.81
jamestown,tn,36.42,-84.94
jasper,tn,35.07,-85.61
jefferson city,tn,36.12,-83.48
jellico,tn,36.55,-84.12
joelton,tn,36.33,-86.92
johnson city,tn,36.33,-82.34
jonesborough,tn,36.30,-82.49
kelso,tn,35.10,-86.47
kenton,tn,36.19,-89.02
kingsport,tn,36.55,-82.55
kingston,tn,35.85,-84.50
kingston springs,tn,36.10,-87.12
knoxville,tn,35.96,-83.92
kodak,tn,35.97,-83.62
kyles ford,tn,36.57,-83.05
la follette,tn,36.37,-84.11
la grange,tn,35.05,-89.24
la vergne,tn,36.01,-86.56
laconia,tn,35.28,-89.25
lafayette,tn,36.54,-86.02
lake city,tn,36.20,-84.14
lancaster,tn,36.10,-85.86
lancing,tn,36.15,-84.71
lascassas,tn,35.95,-86.31
laurel bloomery,tn,36.57,-81.73
lavinia,tn,35.86,-88.63
lawrenceburg,tn,35.25,-87.35
lebanon,tn,36.21,-86.30
lenoir city,tn,35.81,-84.27
lenox,tn,36.09,-89.50
leoma,tn,35.14,-87.32
lewisburg,tn,35.46,-86.78
lexington,tn,35.65,-88.39
liberty,tn,35.97,-85.99
limestone,tn,36.24,-82.62
linden,tn,35.60,-87.87
livingston,tn,36.39,-85.32
lobelville,tn,35.75,-87.83
lone mountain,tn,36.39,-83.58
lookout mountain,tn,34.99,-85.35
loretto,tn,35.07,-87.43
loudon,tn,35.73,-84.34
louisville,tn,35.84,-84.01
lowland,tn,36.16,-83.24
lupton city,tn,35.11,-85.26
luray,tn,35.60,-88.58
luttrell,tn,36.20,-83.76
lutts,tn,35.11,-87.89
lyles,tn,35.89,-87.32
lynchburg,tn,35.27,-86.37
lynnville,tn,35.38,-87.06
macon,tn,35.15,-89.49
madison,tn,36.26,-86.70
madisonville,tn,35.50,-84.35
manchester,tn,35.48,-86.09
mansfield,tn,36.18,-88.29
martin,tn,36.34,-88.86
maryville,tn,35.78,-83.91
mascot,tn,36.08,-83.74
mason,tn,35.44,-89.55
maury city,tn,35.81,-89.23
maynardville,tn,36.23,-83.84
mc donald,tn,35.09,-84.99
mc ewen,tn,36.12,-87.64
mc kenzie,tn,36.13,-88.51
mc lemoresville,tn,35.99,-88.58
mc minnville,tn,35.70,-85.79
medina,tn,35.81,-88.76
medon,tn,35.47,-88.87
memphis,tn,35.03,-89.93
mercer,tn,35.48,-89.04
michie,tn,35.06,-88.44
middleton,tn,35.08,-88.90
midway,tn,36.15,-83.03
milan,tn,35.93,-88.77
milledgeville,tn,35.35,-88.40
milligan college,tn,36.30,-82.29
millington,tn,35.32,-89.91
milton,tn,35.92,-86.18
minor hill,tn,35.05,-87.15
mitchellville,tn,36.63,-86.54
mohawk,tn,36.19,-83.09
monroe,tn,36.46,-85.22
monteagle,tn,35.24,-85.82
monterey,tn,36.15,-85.25
mooresburg,tn,36.36,-83.21
morris chapel,tn,35.30,-88.32
morrison,tn,35.60,-85.89
morristown,tn,36.20,-83.28
moscow,tn,35.06,-89.36
mosheim,tn,36.18,-82.97
moss,tn,36.60,-85.68
mt carmel,tn,36.56,-82.65
mt juliet,tn,36.20,-86.52
mt pleasant,tn,35.53,-87.20
mountain city,tn,36.47,-81.81
mountain home,tn,36.31,-82.37
mulberry,tn,35.19,-86.42
munford,tn,35.45,-89.81
murfreesboro,tn,35.79,-86.36
nashville,tn,36.17,-86.78
new johnsonville,tn,36.01,-87.95
new market,tn,36.08,-83.57
new tazewell,tn,36.44,-83.60
newbern,tn,36.10,-89.25
newcomb,tn,36.54,-84.18
newport,tn,35.95,-83.20
niota,tn,35.58,-84.57
nolensville,tn,35.93,-86.68
norene,tn,36.06,-86.24
normandy,tn,35.43,-86.26
norris,tn,36.20,-84.07
nunnelly,tn,35.88,-87.51
oak ridge,tn,36.02,-84.26
oakdale,tn,36.01,-84.58
oakfield,tn,35.75,-88.80
oakland,tn,35.22,-89.55
obion,tn,36.27,-89.28
ocoee,tn,35.10,-84.71
old hickory,tn,36.24,-86.61
oldfort,tn,35.04,-84.72
olivehill,tn,35.27,-88.04
oliver springs,tn,36.04,-84.35
oneida,tn,36.51,-84.53
only,tn,35.87,-87.67
ooltewah,tn,35.08,-85.06
orlinda,tn,36.61,-86.70
pall mall,tn,36.58,-85.04
palmer,tn,35.37,-85.56
palmersville,tn,36.39,-88.61
palmyra,tn,36.42,-87.49
paris,tn,36.30,-88.31
parrottsville,tn,36.00,-83.07
parsons,tn,35.67,-88.12
pegram,tn,36.11,-87.03
pelham,tn,35.31,-85.84
petersburg,tn,35.29,-86.64
petros,tn,36.06,-84.44
philadelphia,tn,35.66,-84.45
pickwick dam,tn,35.05,-88.24
pigeon forge,tn,35.79,-83.56
pikeville,tn,35.64,-85.21
piney flats,tn,36.45,-82.33
pinson,tn,35.48,-88.73
pioneer,tn,36.47,-84.29
pleasant hill,tn,36.01,-85.17
pleasant shade,tn,36.35,-85.91
pleasant view,tn,36.38,-87.04
pocahontas,tn,35.03,-88.81
portland,tn,36.57,-86.51
powder springs,tn,36.25,-83.67
powell,tn,36.04,-84.04
primm springs,tn,35.81,-87.25
prospect,tn,35.07,-87.02
pruden,tn,36.59,-83.90
pulaski,tn,35.21,-87.04
puryear,tn,36.45,-88.35
quebeck,tn,35.83,-85.54
ramer,tn,35.06,-88.60
readyville,tn,35.80,-86.24
reagan,tn,35.51,-88.35
red boiling springs,tn,36.53,-85.85
reliance,tn,35.18,-84.54
riceville,tn,35.34,-84.65
rickman,tn,36.30,-85.38
riddleton,tn,36.35,-86.03
ridgely,tn,36.26,-89.49
ridgetop,tn,36.40,-86.78
ripley,tn,35.75,-89.53
rives,tn,36.26,-89.04
roan mountain,tn,36.18,-82.08
robbins,tn,36.35,-84.59
rock island,tn,35.74,-85.64
rockford,tn,35.83,-83.94
rockvale,tn,35.75,-86.54
rockwood,tn,35.86,-84.68
rogersville,tn,36.42,-83.01
rossville,tn,35.08,-89.57
rugby,tn,36.27,-84.70
russellville,tn,36.26,-83.19
rutherford,tn,36.13,-88.98
rutledge,tn,36.25,-83.51
st joseph,tn,35.04,-87.50
sale creek,tn,35.39,-85.10
saltillo,tn,35.38,-88.25
samburg,tn,36.38,-89.35
santa fe,tn,35.76,-87.15
sardis,tn,35.44,-88.31
saulsbury,tn,35.05,-89.08
savannah,tn,35.20,-88.20
scotts hill,tn,35.50,-88.24
selmer,tn,35.17,-88.60
sequatchie,tn,35.16,-85.64
sevierville,tn,35.85,-83.54
sewanee,tn,35.20,-85.91
seymour,tn,35.87,-83.75
shady valley,tn,36.53,-81.91
sharon,tn,36.24,-88.85
sharps chapel,tn,36.37,-83.81
shawanee,tn,36.58,-83.64
shelbyville,tn,35.49,-86.46
sherwood,tn,35.10,-85.92
shiloh,tn,35.12,-88.35
signal mountain,tn,35.15,-85.34
silerton,tn,35.34,-88.81
silver point,tn,36.10,-85.73
slayden,tn,36.29,-87.47
smartt,tn,35.64,-85.84
smithville,tn,35.93,-85.80
smyrna,tn,35.97,-86.50
sneedville,tn,36.53,-83.25
soddy daisy,tn,35.25,-85.16
somerville,tn,35.28,-89.39
south fulton,tn,36.48,-88.88
south pittsburg,tn,35.03,-85.72
southside,tn,36.36,-87.31
sparta,tn,35.95,-85.48
speedwell,tn,36.48,-83.81
spencer,tn,35.73,-85.43
spring city,tn,35.68,-84.84
spring creek,tn,35.77,-88.68
spring hill,tn,35.72,-86.90
springfield,tn,36.50,-86.88
springville,tn,36.27,-88.15
stanton,tn,35.45,-89.33
stantonville,tn,35.18,-88.44
stewart,tn,36.32,-87.87
strawberry plains,tn,36.04,-83.68
sugar tree,tn,35.79,-88.03
summertown,tn,35.43,-87.32
summitville,tn,35.56,-85.99
sunbright,tn,36.26,-84.70
surgoinsville,tn,36.47,-82.83
sweetwater,tn,35.60,-84.43
taft,tn,35.05,-86.64
talbott,tn,36.16,-83.41
tallassee,tn,35.58,-84.00
tazewell,tn,36.47,-83.56
telford,tn,36.25,-82.54
tellico plains,tn,35.36,-84.31
ten mile,tn,35.69,-84.65
tennessee ridge,tn,36.33,-87.78
thompsons station,tn,35.83,-87.00
thorn hill,tn,36.39,-83.37
tigrett,tn,35.95,-89.24
tipton,tn,35.41,-89.82
tiptonville,tn,36.38,-89.46
toone,tn,35.36,-88.94
townsend,tn,35.68,-83.76
tracy city,tn,35.27,-85.74
trade,tn,36.37,-81.76
trenton,tn,35.97,-88.95
trezevant,tn,36.02,-88.61
trimble,tn,36.20,-89.19
troy,tn,36.34,-89.16
tullahoma,tn,35.36,-86.22
turtletown,tn,35.11,-84.35
unicoi,tn,36.21,-82.32
union city,tn,36.43,-89.07
unionville,tn,35.62,-86.56
vanleer,tn,36.22,-87.46
viola,tn,35.54,-85.86
vonore,tn,35.54,-84.18
walland,tn,35.75,-83.82
walling,tn,35.87,-85.62
wartburg,tn,36.10,-84.57
wartrace,tn,35.51,-86.33
washburn,tn,36.31,-83.59
watauga,tn,36.37,-82.27
watertown,tn,36.10,-86.14
waverly,tn,36.10,-87.80
waynesboro,tn,35.32,-87.74
westmoreland,tn,36.58,-86.24
westpoint,tn,35.14,-87.54
westport,tn,35.92,-88.34
white bluff,tn,36.13,-87.22
white house,tn,36.46,-86.67
white pine,tn,36.09,-83.29
whites creek,tn,36.27,-86.83
whitesburg,tn,36.26,-83.15
whiteside,tn,35.07,-85.40
whiteville,tn,35.32,-89.13
whitleyville,tn,36.52,-85.69
whitwell,tn,35.20,-85.50
wilder,tn,36.23,-85.07
wildersville,tn,35.77,-88.44
williamsport,tn,35.65,-87.23
williston,tn,35.17,-89.39
winchester,tn,35.19,-86.11
winfield,tn,36.56,-84.43
woodbury,tn,35.81,-86.05
woodland mills,tn,36.49,-89.11
woodlawn,tn,36.51,-87.54
wynnburg,tn,36.33,-89.47
yorkville,tn,36.10,-89.12
yuma,tn,35.87,-88.38
abbott,tx,31.89,-97.07
abernathy,tx,33.85,-101.86
abilene,tx,32.47,-99.72
ace,tx,30.54,-94.82
ackerly,tx,32.61,-101.80
addison,tx,32.96,-96.83
adkins,tx,29.38,-98.27
adrian,tx,35.28,-102.70
afton,tx,33.77,-100.80
agua dulce,tx,27.78,-97.91
aiken,tx,34.14,-101.53
alamo,tx,26.19,-98.12
alanreed,tx,35.21,-100.73
alba,tx,32.77,-95.60
albany,tx,32.72,-99.32
aledo,tx,32.70,-97.60
alice,tx,27.74,-98.08
alief,tx,29.71,-95.60
allen,tx,33.09,-96.65
alleyton,tx,29.75,-96.46
allison,tx,35.61,-100.10
alpine,tx,30.26,-103.65
altair,tx,29.57,-96.45
alto,tx,31.65,-95.08
alvarado,tx,32.44,-97.21
alvin,tx,29.41,-95.25
alvord,tx,33.37,-97.69
amarillo,tx,35.20,-101.84
amherst,tx,34.00,-102.44
anahuac,tx,29.78,-94.55
anderson,tx,30.54,-96.00
andrews,tx,32.32,-102.54
angleton,tx,29.18,-95.45
anna,tx,33.34,-96.56
annona,tx,33.55,-94.90
anson,tx,32.75,-99.90
anthony,tx,31.99,-106.60
anton,tx,33.80,-102.17
apple springs,tx,31.23,-94.98
aquilla,tx,31.86,-97.23
aransas pass,tx,27.91,-97.15
archer city,tx,33.60,-98.63
argyle,tx,33.11,-97.16
arlington,tx,32.63,-97.15
armstrong,tx,26.74,-97.71
arp,tx,32.24,-95.06
art,tx,30.78,-99.09
artesia wells,tx,28.28,-99.28
arthur city,tx,33.84,-95.49
asherton,tx,28.44,-99.75
aspermont,tx,33.13,-100.23
atascosa,tx,29.27,-98.74
athens,tx,32.19,-95.84
atlanta,tx,33.11,-94.16
aubrey,tx,33.29,-96.99
austin,tx,30.21,-97.94
austwell,tx,28.39,-96.84
avalon,tx,32.21,-96.79
avery,tx,33.53,-94.79
avinger,tx,32.85,-94.58
avoca,tx,32.88,-99.70
axtell,tx,31.66,-96.99
azle,tx,32.89,-97.54
bacliff,tx,29.51,-94.99
bagwell,tx,33.84,-95.15
bailey,tx,33.43,-96.17
baird,tx,32.39,-99.38
ballinger,tx,31.75,-99.96
balmorhea,tx,31.01,-103.69
bandera,tx,29.73,-99.05
bangs,tx,31.77,-99.11
banquete,tx,27.81,-97.80
bardwell,tx,32.27,-96.70
barker,tx,29.78,-95.68
barksdale,tx,29.71,-100.07
barnhart,tx,31.16,-101.19
barry,tx,32.10,-96.63
barstow,tx,31.46,-103.40
bartlett,tx,30.80,-97.43
bastrop,tx,30.14,-97.29
batesville,tx,28.93,-99.61
batson,tx,30.23,-94.61
bay city,tx,28.98,-95.97
bayside,tx,28.10,-97.21
baytown,tx,29.75,-94.97
beasley,tx,29.48,-95.97
beaumont,tx,30.07,-94.10
beckville,tx,32.25,-94.46
bedford,tx,32.85,-97.14
bedias,tx,30.76,-95.93
beeville,tx,28.42,-97.76
bellaire,tx,29.70,-95.46
bellevue,tx,33.59,-98.16
bells,tx,33.62,-96.42
bellville,tx,29.97,-96.25
belmont,tx,29.52,-97.68
belton,tx,31.07,-97.47
ben bolt,tx,27.65,-98.08
ben franklin,tx,33.47,-95.76
ben wheeler,tx,32.41,-95.64
benavides,tx,27.60,-98.41
bend,tx,31.11,-98.48
benjamin,tx,33.58,-99.79
berclair,tx,28.53,-97.59
bergheim,tx,29.84,-98.59
bertram,tx,30.74,-98.05
big bend national park,tx,29.15,-103.33
big lake,tx,31.24,-101.48
big sandy,tx,32.62,-95.09
big spring,tx,32.24,-101.47
big wells,tx,28.57,-99.58
bigfoot,tx,29.05,-98.86
bishop,tx,27.59,-97.78
bivins,tx,32.97,-94.14
blackwell,tx,32.08,-100.31
blanco,tx,30.09,-98.41
blanket,tx,31.79,-98.83
bledsoe,tx,33.62,-103.02
bleiblerville,tx,29.97,-96.42
blessing,tx,28.86,-96.22
bloomburg,tx,33.13,-94.06
blooming grove,tx,32.08,-96.70
bloomington,tx,28.69,-96.88
blossom,tx,33.69,-95.38
blue ridge,tx,33.31,-96.39
bluegrove,tx,33.67,-98.23
bluff dale,tx,32.40,-98.16
bluffton,tx,30.83,-98.52
blum,tx,32.11,-97.37
boerne,tx,29.78,-98.71
bogata,tx,33.47,-95.19
boling,tx,29.25,-95.97
bon wier,tx,30.69,-93.77
bonham,tx,33.58,-96.18
booker,tx,36.44,-100.52
borger,tx,35.66,-101.40
bovina,tx,34.48,-102.81
bowie,tx,33.56,-97.84
boyd,tx,33.06,-97.59
boys ranch,tx,35.53,-102.25
brackettville,tx,29.31,-100.42
brady,tx,31.13,-99.34
brandon,tx,32.05,-96.96
brashear,tx,33.12,-95.73
brazoria,tx,29.02,-95.59
breckenridge,tx,32.75,-98.91
bremond,tx,31.16,-96.67
brenham,tx,30.18,-96.40
bridge city,tx,30.04,-93.85
bridgeport,tx,33.19,-97.78
briggs,tx,30.93,-97.97
briscoe,tx,35.59,-100.17
broaddus,tx,31.30,-94.22
bronson,tx,31.34,-94.00
bronte,tx,31.88,-100.30
brookeland,tx,31.11,-94.00
brookesmith,tx,31.52,-99.13
brookshire,tx,29.81,-95.98
brookston,tx,33.62,-95.69
brownfield,tx,33.17,-102.28
brownsboro,tx,32.29,-95.62
brownsville,tx,25.93,-97.52
brownwood,tx,31.70,-98.98
bruceville,tx,31.33,-97.23
bruni,tx,27.44,-98.85
bryan,tx,30.63,-96.37
bryson,tx,33.16,-98.37
buchanan dam,tx,30.76,-98.45
buckholts,tx,30.89,-97.12
buda,tx,30.09,-97.85
buffalo,tx,31.46,-96.06
buffalo gap,tx,32.28,-99.83
bula,tx,33.90,-102.66
bullard,tx,32.14,-95.38
bulverde,tx,29.78,-98.44
buna,tx,30.41,-93.99
burkburnett,tx,34.09,-98.57
burkett,tx,32.00,-99.26
burkeville,tx,31.01,-93.66
burleson,tx,32.53,-97.31
burlington,tx,30.95,-96.89
burnet,tx,30.78,-98.26
burton,tx,30.18,-96.59
bushland,tx,35.19,-102.06
byers,tx,34.07,-98.18
bynum,tx,31.99,-96.98
cactus,tx,36.05,-101.91
caddo,tx,32.69,-98.66
caddo mills,tx,33.07,-96.24
caldwell,tx,30.53,-96.71
call,tx,30.57,-93.83
calliham,tx,28.42,-98.41
calvert,tx,30.98,-96.67
camden,tx,30.92,-94.73
cameron,tx,30.85,-96.98
camp wood,tx,29.68,-100.01
campbell,tx,33.15,-95.94
campbellton,tx,28.77,-98.26
canadian,tx,35.89,-100.35
canton,tx,32.51,-95.90
canutillo,tx,31.93,-106.59
canyon,tx,34.98,-101.92
canyon lake,tx,29.87,-98.25
carbon,tx,32.27,-98.83
carlsbad,tx,31.60,-100.63
carlton,tx,31.91,-98.15
carmine,tx,30.14,-96.69
carrizo springs,tx,28.53,-99.86
carrollton,tx,32.97,-96.88
carthage,tx,32.15,-94.35
cason,tx,33.04,-94.81
castell,tx,30.70,-98.93
castroville,tx,29.36,-98.88
cat spring,tx,29.75,-96.39
catarina,tx,28.35,-99.61
cayuga,tx,31.96,-95.97
cedar creek,tx,30.10,-97.50
cedar hill,tx,32.59,-96.94
cedar lane,tx,28.94,-95.74
cedar park,tx,30.48,-97.82
cee vee,tx,34.22,-100.45
celeste,tx,33.26,-96.21
celina,tx,33.31,-96.77
center,tx,31.79,-94.19
center point,tx,29.94,-99.01
centerville,tx,31.27,-95.92
centralia,tx,31.26,-95.04
chandler,tx,32.27,-95.50
channelview,tx,29.79,-95.13
channing,tx,35.78,-102.33
chapman ranch,tx,27.59,-97.45
chappell hill,tx,30.18,-96.23
charlotte,tx,28.86,-98.71
chatfield,tx,32.30,-96.39
cherokee,tx,30.98,-98.66
chester,tx,30.93,-94.46
chico,tx,33.32,-97.80
chicota,tx,33.87,-95.57
childress,tx,34.43,-100.21
chillicothe,tx,34.24,-99.52
chilton,tx,31.31,-97.09
china,tx,30.05,-94.34
china spring,tx,31.67,-97.30
chireno,tx,31.51,-94.43
chriesman,tx,30.60,-96.77
christine,tx,28.79,-98.50
christoval,tx,31.23,-100.52
cibolo,tx,29.57,-98.23
cisco,tx,32.38,-98.99
clarendon,tx,34.95,-100.90
clarksville,tx,33.62,-95.05
claude,tx,35.10,-101.38
clayton,tx,32.10,-94.47
cleburne,tx,32.34,-97.40
cleveland,tx,30.33,-95.02
clifton,tx,31.80,-97.52
clint,tx,31.55,-106.20
clute,tx,29.03,-95.40
clyde,tx,32.38,-99.52
coahoma,tx,32.29,-101.32
coldspring,tx,30.60,-95.11
coleman,tx,31.83,-99.43
college station,tx,30.60,-96.31
collegeport,tx,28.73,-96.17
colleyville,tx,32.89,-97.15
collinsville,tx,33.56,-96.90
colmesneil,tx,30.91,-94.42
colorado city,tx,32.40,-100.86
columbus,tx,29.70,-96.55
comanche,tx,31.91,-98.61
combes,tx,26.25,-97.73
comfort,tx,29.98,-98.84
commerce,tx,33.25,-95.91
como,tx,33.06,-95.36
comstock,tx,29.75,-101.26
concan,tx,29.52,-99.68
concepcion,tx,27.54,-98.38
concord,tx,31.26,-96.10
conroe,tx,30.31,-95.45
converse,tx,29.52,-98.32
cookville,tx,33.18,-94.87
coolidge,tx,31.74,-96.66
cooper,tx,33.38,-95.66
copeville,tx,33.08,-96.42
coppell,tx,32.97,-96.98
copperas cove,tx,31.13,-97.91
corpus christi,tx,27.79,-97.40
corrigan,tx,31.00,-94.80
corsicana,tx,32.03,-96.35
cost,tx,29.43,-97.55
cotton center,tx,33.99,-101.99
cotulla,tx,28.44,-99.23
coupland,tx,30.53,-97.33
covington,tx,32.16,-97.26
coyanosa,tx,31.23,-103.05
crandall,tx,32.60,-96.46
crane,tx,31.40,-102.35
cranfills gap,tx,31.78,-97.79
crawford,tx,31.56,-97.39
cresson,tx,32.53,-97.65
crockett,tx,31.32,-95.47
crosby,tx,29.94,-95.08
crosbyton,tx,33.66,-101.23
cross plains,tx,32.15,-99.19
crowell,tx,33.99,-99.70
crowley,tx,32.58,-97.37
crp christi,tx,27.77,-97.40
crystal city,tx,28.69,-99.83
cuero,tx,29.09,-97.28
cumby,tx,33.11,-95.79
cuney,tx,32.03,-95.42
cunningham,tx,33.43,-95.36
cushing,tx,31.80,-94.85
cypress,tx,29.97,-95.70
d hanis,tx,29.34,-99.28
daingerfield,tx,33.03,-94.74
daisetta,tx,30.11,-94.64
dale,tx,29.95,-97.58
dalhart,tx,36.07,-102.52
dallardsville,tx,30.63,-94.63
dallas,tx,33.00,-96.79
damon,tx,29.30,-95.70
danbury,tx,29.23,-95.34
danciger,tx,29.17,-95.82
danevang,tx,29.07,-96.20
darrouzett,tx,36.45,-100.32
davilla,tx,30.77,-97.20
dawn,tx,34.91,-102.20
dawson,tx,31.90,-96.71
dayton,tx,30.01,-94.88
de berry,tx,32.25,-94.14
de kalb,tx,33.47,-94.62
de leon,tx,32.11,-98.55
deanville,tx,30.43,-96.76
decatur,tx,33.24,-97.57
deer park,tx,29.68,-95.12
del rio,tx,29.37,-100.89
del valle,tx,30.17,-97.61
dell city,tx,31.92,-105.21
delmita,tx,26.66,-98.40
denison,tx,33.75,-96.55
dennis,tx,32.62,-97.93
denton,tx,33.23,-97.13
denver city,tx,32.97,-102.83
deport,tx,33.52,-95.37
desdemona,tx,32.28,-98.57
desoto,tx,32.59,-96.85
detroit,tx,33.66,-95.24
devers,tx,30.00,-94.57
devine,tx,29.15,-98.91
deweyville,tx,30.29,-93.77
diana,tx,32.70,-94.70
diboll,tx,31.20,-94.77
dickens,tx,33.63,-100.82
dickinson,tx,29.47,-95.03
dike,tx,33.20,-95.47
dilley,tx,28.68,-99.17
dime box,tx,30.36,-96.82
dimmitt,tx,34.53,-102.30
dinero,tx,28.23,-97.96
dobbin,tx,30.37,-95.78
dodd city,tx,33.56,-96.06
dodge,tx,30.75,-95.40
dodson,tx,34.76,-100.03
donie,tx,31.49,-96.24
donna,tx,26.17,-98.05
doole,tx,31.42,-99.55
doss,tx,30.46,-99.17
doucette,tx,30.82,-94.43
dougherty,tx,33.94,-101.09
douglass,tx,31.66,-94.87
douglassville,tx,33.18,-94.35
driftwood,tx,30.16,-98.05
dripping springs,tx,30.23,-98.10
driscoll,tx,27.67,-97.75
dryden,tx,30.17,-102.33
dublin,tx,32.09,-98.35
dumas,tx,35.88,-101.97
duncanville,tx,32.66,-96.91
dunn,tx,32.57,-100.89
dyess afb,tx,32.42,-99.82
eagle lake,tx,29.58,-96.34
eagle pass,tx,28.70,-100.48
early,tx,31.74,-98.95
earth,tx,34.24,-102.42
east bernard,tx,29.47,-96.12
eastland,tx,32.40,-98.81
easton,tx,32.39,-94.59
ecleto,tx,29.02,-97.74
ector,tx,33.58,-96.27
edcouch,tx,26.30,-97.98
eddy,tx,31.33,-97.27
eden,tx,31.22,-99.84
edgewood,tx,32.70,-95.88
edinburg,tx,26.30,-98.16
edmonson,tx,34.28,-101.90
edna,tx,28.95,-96.65
edroy,tx,27.97,-97.68
egypt,tx,29.40,-96.24
el campo,tx,29.20,-96.27
el indio,tx,28.51,-100.31
el paso,tx,31.76,-106.48
eldorado,tx,30.87,-100.59
electra,tx,34.04,-98.92
elgin,tx,30.32,-97.37
elkhart,tx,31.64,-95.55
ellinger,tx,29.85,-96.70
elm mott,tx,31.67,-97.11
elmaton,tx,28.83,-96.13
elmendorf,tx,29.23,-98.37
elmo,tx,32.72,-96.16
elsa,tx,26.29,-97.99
elysian fields,tx,32.37,-94.18
emory,tx,32.88,-95.74
encinal,tx,28.05,-99.34
encino,tx,26.92,-98.19
energy,tx,31.76,-98.37
enloe,tx,33.43,-95.66
ennis,tx,32.33,-96.62
enochs,tx,33.85,-102.76
eola,tx,31.43,-100.07
era,tx,33.50,-97.29
estelline,tx,34.55,-100.44
etoile,tx,31.39,-94.44
euless,tx,32.86,-97.08
eustace,tx,32.30,-96.01
evadale,tx,30.35,-94.07
evant,tx,31.40,-98.06
fabens,tx,31.50,-106.16
fairfield,tx,31.74,-96.16
falcon heights,tx,26.56,-99.12
falfurrias,tx,27.22,-98.14
falls city,tx,28.98,-98.02
fannin,tx,28.70,-97.24
farmersville,tx,33.17,-96.37
farnsworth,tx,36.32,-100.97
farwell,tx,34.39,-102.99
fate,tx,32.94,-96.38
fayetteville,tx,29.89,-96.65
fentress,tx,29.76,-97.78
ferris,tx,32.52,-96.66
fieldton,tx,34.09,-102.27
fischer,tx,29.97,-98.26
flat,tx,31.31,-97.59
flatonia,tx,29.71,-97.10
flint,tx,32.21,-95.39
flomot,tx,34.23,-101.00
florence,tx,30.78,-97.83
floresville,tx,29.17,-98.19
flower mound,tx,33.02,-97.10
floydada,tx,33.97,-101.33
fluvanna,tx,32.78,-101.04
flynn,tx,31.15,-96.12
follett,tx,36.43,-100.21
forestburg,tx,33.54,-97.58
forney,tx,32.75,-96.46
forreston,tx,32.28,-96.89
forsan,tx,32.11,-101.37
ft bliss,tx,31.80,-106.42
ft davis,tx,30.61,-103.94
ft hancock,tx,31.30,-105.82
ft mc kavett,tx,30.83,-100.08
ft stockton,tx,30.89,-102.88
ft worth,tx,32.75,-97.33
fowlerton,tx,28.49,-98.85
francitas,tx,28.86,-96.34
franklin,tx,31.04,-96.44
frankston,tx,32.05,-95.52
fred,tx,30.60,-94.19
fredericksburg,tx,30.28,-98.88
fredonia,tx,30.92,-99.12
freeport,tx,28.97,-95.37
freer,tx,27.88,-98.61
fresno,tx,29.53,-95.46
friendswood,tx,29.52,-95.19
friona,tx,34.64,-102.72
frisco,tx,33.15,-96.82
fritch,tx,35.64,-101.58
frost,tx,32.03,-96.77
fruitvale,tx,32.68,-95.79
fulshear,tx,29.72,-95.90
fulton,tx,28.22,-96.81
gail,tx,32.75,-101.45
gainesville,tx,33.63,-97.10
galena park,tx,29.74,-95.24
gallatin,tx,31.89,-95.15
galveston,tx,29.30,-94.79
ganado,tx,29.03,-96.50
garciasville,tx,26.31,-98.67
garden city,tx,31.85,-101.53
gardendale,tx,32.02,-102.36
garland,tx,32.92,-96.62
garrison,tx,31.81,-94.53
garwood,tx,29.48,-96.49
gary,tx,32.02,-94.28
gatesville,tx,31.45,-97.72
gause,tx,30.79,-96.72
george west,tx,28.32,-98.12
georgetown,tx,30.63,-97.67
geronimo,tx,29.66,-97.97
giddings,tx,30.18,-96.93
gilchrist,tx,29.51,-94.49
gillett,tx,29.05,-97.83
gilmer,tx,32.72,-94.97
girard,tx,33.36,-100.69
girvin,tx,31.06,-102.39
gladewater,tx,32.56,-94.93
glen flora,tx,29.35,-96.19
glen rose,tx,32.23,-97.76
glidden,tx,29.70,-96.59
gober,tx,32.47,-96.09
godley,tx,32.43,-97.53
golden,tx,32.73,-95.56
goldsboro,tx,32.05,-99.68
goldsmith,tx,31.95,-102.63
goldthwaite,tx,31.45,-98.57
goliad,tx,28.70,-97.38
gonzales,tx,29.51,-97.45
goodfellow afb,tx,31.43,-100.41
goodrich,tx,30.61,-94.96
gordon,tx,32.55,-98.36
gordonville,tx,33.83,-96.84
goree,tx,33.47,-99.53
gorman,tx,32.22,-98.68
gouldbusk,tx,31.55,-99.51
graford,tx,32.92,-98.34
graham,tx,33.10,-98.58
granbury,tx,32.43,-97.77
grand prairie,tx,32.76,-97.01
grand saline,tx,32.66,-95.71
grandfalls,tx,31.35,-102.86
grandview,tx,32.28,-97.24
granger,tx,30.74,-97.45
grapeland,tx,31.50,-95.44
grapevine,tx,32.93,-97.10
greenville,tx,33.12,-96.10
greenwood,tx,33.38,-97.47
gregory,tx,27.92,-97.29
groesbeck,tx,31.54,-96.52
groom,tx,35.22,-101.13
groves,tx,29.94,-93.92
groveton,tx,31.07,-95.10
grulla,tx,26.29,-98.60
gruver,tx,36.29,-101.41
guerra,tx,26.91,-98.92
gunter,tx,33.45,-96.73
gustine,tx,31.87,-98.38
guthrie,tx,33.62,-100.32
guy,tx,29.33,-95.77
hale center,tx,34.07,-101.87
hallettsville,tx,29.44,-96.92
hallsville,tx,32.51,-94.53
haltom city,tx,32.81,-97.27
hamilton,tx,31.68,-98.11
hamlin,tx,32.88,-100.13
hamshire,tx,29.87,-94.32
hankamer,tx,29.88,-94.59
happy,tx,34.72,-101.83
hardin,tx,30.15,-94.74
hargill,tx,26.43,-98.00
harker heights,tx,31.06,-97.65
harleton,tx,32.66,-94.47
harlingen,tx,26.20,-97.69
harper,tx,30.28,-99.24
harrold,tx,34.10,-99.04
hart,tx,34.39,-102.12
hartley,tx,35.93,-102.52
harwood,tx,29.67,-97.49
haskell,tx,33.16,-99.73
haslet,tx,32.96,-97.34
hawkins,tx,32.64,-95.22
hawley,tx,32.59,-99.80
hearne,tx,30.87,-96.58
hebbronville,tx,27.30,-98.68
hedley,tx,34.87,-100.68
heidenheimer,tx,31.02,-97.30
helotes,tx,29.59,-98.70
hemphill,tx,31.32,-93.79
hempstead,tx,30.09,-96.07
henderson,tx,32.15,-94.79
henrietta,tx,33.82,-98.26
hereford,tx,34.84,-102.41
hermleigh,tx,32.63,-100.75
hewitt,tx,31.46,-97.20
hext,tx,30.88,-99.55
hico,tx,31.96,-98.02
hidalgo,tx,26.10,-98.25
higgins,tx,36.14,-100.10
high island,tx,29.57,-94.39
highlands,tx,29.83,-95.04
hillister,tx,30.69,-94.41
hillsboro,tx,32.01,-97.12
hitchcock,tx,29.34,-94.99
hobson,tx,28.94,-97.97
hochheim,tx,29.31,-97.29
hockley,tx,30.07,-95.81
holland,tx,30.88,-97.39
holliday,tx,33.68,-98.66
hondo,tx,29.36,-99.13
honey grove,tx,33.60,-95.91
hooks,tx,33.48,-94.27
horseshoe bay,tx,30.58,-98.27
houston,tx,29.60,-95.46
howe,tx,33.53,-96.64
hubbard,tx,31.84,-96.80
huffman,tx,30.06,-95.11
hufsmith,tx,30.12,-95.60
hughes springs,tx,33.02,-94.62
hull,tx,30.13,-94.66
humble,tx,30.00,-95.28
hungerford,tx,29.40,-96.08
hunt,tx,30.00,-99.48
huntington,tx,31.28,-94.57
huntsville,tx,30.79,-95.53
hurst,tx,32.82,-97.18
hutchins,tx,32.64,-96.71
hutto,tx,30.53,-97.57
hye,tx,30.23,-98.54
idalou,tx,33.65,-101.68
imperial,tx,31.24,-102.71
industry,tx,29.97,-96.52
inez,tx,28.90,-96.80
ingleside,tx,27.87,-97.21
ingram,tx,30.07,-99.27
iola,tx,30.73,-96.09
iowa park,tx,33.94,-98.67
ira,tx,32.62,-101.03
iraan,tx,30.92,-101.92
iredell,tx,31.97,-97.88
irene,tx,31.99,-96.87
irving,tx,32.84,-96.97
italy,tx,32.18,-96.88
itasca,tx,32.16,-97.15
ivanhoe,tx,33.67,-96.17
jacksboro,tx,33.23,-98.17
jacksonville,tx,31.96,-95.27
jarrell,tx,30.75,-97.60
jasper,tx,30.93,-94.02
jayton,tx,33.25,-100.58
jefferson,tx,32.78,-94.37
jermyn,tx,33.26,-98.39
jewett,tx,31.37,-96.19
joaquin,tx,31.94,-94.06
johnson city,tx,30.29,-98.37
joinerville,tx,32.18,-94.90
jonesboro,tx,31.60,-97.78
jonesville,tx,32.50,-94.11
josephine,tx,33.06,-96.31
joshua,tx,32.47,-97.40
jourdanton,tx,28.90,-98.54
judson,tx,32.58,-94.75
junction,tx,30.48,-99.75
justiceburg,tx,33.04,-101.20
justin,tx,33.07,-97.31
kamay,tx,33.86,-98.81
karnack,tx,32.62,-94.20
karnes city,tx,28.88,-97.91
katy,tx,29.75,-95.81
kaufman,tx,32.55,-96.29
keene,tx,32.39,-97.33
keller,tx,32.93,-97.25
kemah,tx,29.54,-95.04
kemp,tx,32.37,-96.26
kempner,tx,31.07,-97.97
kendalia,tx,29.94,-98.52
kendleton,tx,29.45,-95.99
kenedy,tx,28.80,-97.85
kennard,tx,31.34,-95.15
kennedale,tx,32.64,-97.21
kenney,tx,30.05,-96.33
kerens,tx,32.13,-96.23
kermit,tx,31.85,-103.09
kerrick,tx,36.50,-102.24
kerrville,tx,30.04,-99.14
kildare,tx,32.94,-94.25
kilgore,tx,32.38,-94.87
killeen,tx,31.12,-97.73
kingsbury,tx,29.67,-97.83
kingsland,tx,30.67,-98.45
kingsville,tx,27.51,-97.86
kingwood,tx,30.07,-95.22
kirbyville,tx,30.69,-93.93
kirvin,tx,31.77,-96.33
klondike,tx,33.30,-95.80
knickerbocker,tx,31.27,-100.62
knippa,tx,29.29,-99.64
knott,tx,32.41,-101.65
knox city,tx,33.42,-99.81
kopperl,tx,32.10,-97.54
kosse,tx,31.31,-96.62
kountze,tx,30.37,-94.33
kress,tx,34.37,-101.74
krum,tx,33.27,-97.27
kurten,tx,30.79,-96.26
kyle,tx,30.00,-97.84
la blanca,tx,26.29,-98.04
la coste,tx,29.31,-98.81
la feria,tx,26.17,-97.83
la grange,tx,29.90,-96.89
la joya,tx,26.25,-98.48
la marque,tx,29.37,-94.97
la porte,tx,29.66,-95.06
la pryor,tx,28.95,-99.85
la salle,tx,28.79,-96.67
la vernia,tx,29.35,-98.11
la villa,tx,26.30,-97.93
la ward,tx,28.84,-96.46
ladonia,tx,33.42,-95.95
laguna park,tx,31.86,-97.38
laird hill,tx,32.35,-94.91
lake creek,tx,33.47,-95.62
lake dallas,tx,33.12,-97.02
lake jackson,tx,29.04,-95.44
lakehills,tx,29.63,-98.92
lakeview,tx,34.67,-100.73
lamesa,tx,32.74,-101.96
lampasas,tx,31.07,-98.18
lancaster,tx,32.62,-96.78
lane city,tx,29.22,-96.03
laneville,tx,31.95,-94.87
langtry,tx,29.81,-101.56
laredo,tx,27.52,-99.50
larue,tx,32.16,-95.59
lasara,tx,26.46,-97.91
latexo,tx,31.39,-95.47
laughlin a f b,tx,29.36,-100.79
lavon,tx,33.03,-96.43
lawn,tx,32.14,-99.74
lazbuddie,tx,34.39,-102.61
league city,tx,29.52,-95.10
leakey,tx,29.77,-99.75
leander,tx,30.46,-97.97
ledbetter,tx,30.24,-96.76
leesburg,tx,32.98,-95.11
leesville,tx,29.40,-97.76
lefors,tx,35.44,-100.81
leggett,tx,30.82,-94.87
lelia lake,tx,34.90,-100.77
leming,tx,29.07,-98.48
lenorah,tx,32.44,-101.76
leona,tx,31.14,-95.93
leonard,tx,33.40,-96.22
leroy,tx,31.73,-97.02
levelland,tx,33.58,-102.37
lewisville,tx,33.05,-96.99
lexington,tx,30.42,-97.05
liberty,tx,30.07,-94.76
liberty hill,tx,30.66,-97.93
lillian,tx,32.51,-97.19
lincoln,tx,30.32,-96.97
lindale,tx,32.52,-95.43
linden,tx,33.00,-94.36
lindsay,tx,33.64,-97.22
lingleville,tx,32.24,-98.38
linn,tx,26.54,-98.18
lipan,tx,32.51,-97.95
lipscomb,tx,36.22,-100.27
lissie,tx,29.56,-96.22
little elm,tx,33.18,-96.97
little river academy,tx,30.98,-97.35
littlefield,tx,33.92,-102.32
liverpool,tx,29.31,-95.24
livingston,tx,30.72,-94.94
llano,tx,30.72,-98.65
lockhart,tx,29.89,-97.68
lockney,tx,34.15,-101.43
lodi,tx,32.88,-94.28
lohn,tx,31.32,-99.38
lolita,tx,28.77,-96.48
lometa,tx,31.22,-98.40
london,tx,30.62,-99.63
lone oak,tx,32.99,-95.94
lone star,tx,32.95,-94.72
long branch,tx,32.05,-94.47
longview,tx,32.53,-94.72
loop,tx,32.92,-102.42
lopeno,tx,26.71,-99.11
loraine,tx,32.39,-100.73
lorena,tx,31.41,-97.23
lorenzo,tx,33.67,-101.53
los ebanos,tx,26.24,-98.56
los fresnos,tx,26.09,-97.49
los indios,tx,26.05,-97.74
lott,tx,31.19,-97.06
louise,tx,29.15,-96.39
lovelady,tx,31.06,-95.55
loving,tx,33.27,-98.50
lowake,tx,31.57,-100.08
lozano,tx,26.19,-97.54
lubbock,tx,33.59,-101.86
lueders,tx,32.76,-99.67
lufkin,tx,31.34,-94.73
luling,tx,29.68,-97.65
lumberton,tx,30.25,-94.19
lyford,tx,26.41,-97.78
lyons,tx,30.39,-96.56
lytle,tx,29.24,-98.79
mabank,tx,32.37,-96.10
macdona,tx,29.33,-98.69
madisonville,tx,30.95,-95.91
magnolia,tx,30.19,-95.68
malakoff,tx,32.17,-96.01
malone,tx,31.92,-96.89
manchaca,tx,30.13,-97.85
manor,tx,30.34,-97.53
mansfield,tx,32.58,-97.14
manvel,tx,29.47,-95.35
maple,tx,33.86,-102.93
marathon,tx,30.19,-103.22
marble falls,tx,30.57,-98.31
marfa,tx,30.29,-104.08
marietta,tx,33.18,-94.54
marion,tx,29.57,-98.15
markham,tx,28.95,-96.09
marlin,tx,31.30,-96.89
marquez,tx,31.23,-96.24
marshall,tx,32.53,-94.36
mart,tx,31.55,-96.84
martindale,tx,29.79,-97.79
martinsville,tx,31.64,-94.41
maryneal,tx,32.20,-100.50
mason,tx,30.74,-99.23
masterson,tx,35.69,-102.33
matador,tx,34.05,-100.84
matagorda,tx,28.76,-95.95
mathis,tx,28.08,-97.81
maud,tx,33.36,-94.48
mauriceville,tx,30.20,-93.87
maxwell,tx,29.88,-97.85
may,tx,31.96,-98.97
maydelle,tx,31.80,-95.30
maypearl,tx,32.33,-96.99
mc camey,tx,31.13,-102.22
mc caulley,tx,32.78,-100.22
mc dade,tx,30.30,-97.24
mc gregor,tx,31.44,-97.39
mc leod,tx,32.96,-94.07
mc neil,tx,30.45,-97.72
mc queeney,tx,29.61,-98.04
mcadoo,tx,33.74,-100.98
mcallen,tx,26.22,-98.24
mcfaddin,tx,28.72,-97.05
mckinney,tx,33.20,-96.61
mclean,tx,35.23,-100.61
meadow,tx,33.33,-102.25
medina,tx,29.79,-99.31
megargel,tx,33.45,-98.92
melissa,tx,33.28,-96.57
melvin,tx,31.19,-99.54
memphis,tx,34.71,-100.53
menard,tx,30.91,-99.78
mentone,tx,31.74,-103.55
mercedes,tx,26.15,-97.92
mereta,tx,31.49,-100.18
meridian,tx,31.93,-97.64
merit,tx,33.22,-96.29
merkel,tx,32.44,-99.99
mertens,tx,32.03,-96.90
mertzon,tx,31.28,-100.82
mesquite,tx,32.77,-96.61
mexia,tx,31.68,-96.50
meyersville,tx,28.92,-97.30
miami,tx,35.72,-100.70
mico,tx,29.59,-98.88
midfield,tx,28.94,-96.23
midkiff,tx,31.31,-101.93
midland,tx,31.99,-102.06
midlothian,tx,32.48,-96.99
midway,tx,30.98,-95.71
milam,tx,31.47,-93.83
milano,tx,30.74,-96.80
miles,tx,31.61,-100.18
milford,tx,32.15,-96.96
millersview,tx,31.42,-99.72
millican,tx,30.47,-96.20
millsap,tx,32.67,-97.88
minden,tx,32.05,-94.76
mineola,tx,32.67,-95.49
mineral,tx,28.55,-97.90
mineral wells,tx,32.81,-98.06
mingus,tx,32.56,-98.43
mirando city,tx,27.45,-99.00
mission,tx,26.24,-98.34
missouri city,tx,29.57,-95.54
mobeetie,tx,35.53,-100.42
monahans,tx,31.58,-102.90
mont belvieu,tx,29.85,-94.89
montague,tx,33.66,-97.73
montalba,tx,31.92,-95.76
montgomery,tx,30.39,-95.70
moody,tx,31.25,-97.41
moore,tx,29.04,-98.99
moran,tx,32.55,-99.17
morgan,tx,32.02,-97.56
morgan mill,tx,32.39,-98.17
morse,tx,36.06,-101.47
morton,tx,33.72,-102.78
moscow,tx,30.92,-94.85
moulton,tx,29.57,-97.10
mound,tx,31.35,-97.64
mt calm,tx,31.76,-96.89
mt enterprise,tx,31.91,-94.62
mt pleasant,tx,33.17,-94.97
mt vernon,tx,33.17,-95.22
mountain home,tx,30.21,-99.32
muenster,tx,33.66,-97.36
muldoon,tx,29.80,-97.10
muleshoe,tx,34.22,-102.75
mullin,tx,31.57,-98.66
mumford,tx,30.73,-96.56
munday,tx,33.46,-99.63
murchison,tx,32.33,-95.77
myra,tx,33.62,-97.31
nacogdoches,tx,31.62,-94.65
nada,tx,29.40,-96.39
naples,tx,33.19,-94.69
nash,tx,33.44,-94.14
natalia,tx,29.21,-98.86
naval air station jrb,tx,32.77,-97.44
navasota,tx,30.39,-96.09
nazareth,tx,34.54,-102.11
neches,tx,31.87,-95.50
nederland,tx,29.97,-94.00
needville,tx,29.41,-95.83
nemo,tx,32.27,-97.66
nevada,tx,33.06,-96.39
new baden,tx,31.05,-96.43
new boston,tx,33.46,-94.43
new braunfels,tx,29.69,-98.11
new caney,tx,30.16,-95.20
new deal,tx,33.74,-101.84
new home,tx,33.33,-101.91
new london,tx,32.24,-94.94
new summerfield,tx,31.98,-95.09
new ulm,tx,29.81,-96.54
new waverly,tx,30.54,-95.45
newark,tx,33.01,-97.51
newcastle,tx,33.19,-98.74
newton,tx,30.84,-93.75
nixon,tx,29.30,-97.75
nocona,tx,33.80,-97.73
nolan,tx,32.28,-100.27
nolanville,tx,31.08,-97.59
nome,tx,30.04,-94.42
nordheim,tx,28.91,-97.59
normangee,tx,31.09,-96.15
normanna,tx,28.53,-97.78
north houston,tx,29.93,-95.52
north richland hills,tx,32.85,-97.22
north zulch,tx,30.93,-96.09
norton,tx,31.88,-100.13
notrees,tx,31.92,-102.76
novice,tx,32.00,-99.59
nursery,tx,28.92,-97.10
o brien,tx,33.37,-99.85
oakhurst,tx,30.71,-95.31
oakland,tx,29.60,-96.83
oakville,tx,28.46,-98.06
oakwood,tx,31.60,-95.90
odell,tx,34.35,-99.42
odem,tx,27.94,-97.58
odessa,tx,31.85,-102.37
odonnell,tx,32.98,-101.83
oglesby,tx,31.44,-97.55
oilton,tx,27.47,-98.97
oklaunion,tx,34.12,-99.16
old glory,tx,33.18,-100.15
old ocean,tx,29.08,-95.75
olden,tx,32.42,-98.75
olmito,tx,26.04,-97.56
olney,tx,33.36,-98.74
olton,tx,34.18,-102.14
omaha,tx,33.18,-94.76
onalaska,tx,30.81,-95.12
orange,tx,30.13,-93.77
orange grove,tx,27.95,-97.98
orangefield,tx,30.07,-93.86
orchard,tx,29.60,-95.97
ore city,tx,32.79,-94.75
orla,tx,31.82,-103.91
ottine,tx,29.60,-97.58
ovalo,tx,32.16,-99.82
overton,tx,32.27,-94.95
ozona,tx,30.72,-101.24
paducah,tx,34.02,-100.31
paige,tx,30.19,-97.12
paint rock,tx,31.50,-99.91
palacios,tx,28.72,-96.22
palestine,tx,31.76,-95.63
palmer,tx,32.44,-96.68
palo pinto,tx,32.73,-98.27
paluxy,tx,32.27,-97.91
pampa,tx,35.54,-100.96
pandora,tx,29.25,-97.84
panhandle,tx,35.38,-101.43
panna maria,tx,28.96,-97.90
panola,tx,32.36,-94.09
paradise,tx,33.08,-97.70
paris,tx,33.66,-95.54
pasadena,tx,29.69,-95.20
pattison,tx,29.82,-95.99
pattonville,tx,33.57,-95.39
pawnee,tx,28.65,-98.00
pearland,tx,29.56,-95.27
pearsall,tx,28.89,-99.09
peaster,tx,32.87,-97.87
pecan gap,tx,33.42,-95.83
pecos,tx,31.41,-103.51
peggy,tx,28.74,-98.18
pendleton,tx,31.20,-97.35
penelope,tx,31.86,-96.94
penitas,tx,26.23,-98.44
pennington,tx,31.16,-95.16
penwell,tx,31.74,-102.59
pep,tx,33.81,-102.57
perrin,tx,33.06,-98.04
perryton,tx,36.37,-100.82
petersburg,tx,33.88,-101.60
petrolia,tx,34.03,-98.27
pettus,tx,28.62,-97.80
petty,tx,33.61,-95.79
pflugerville,tx,30.44,-97.63
pharr,tx,26.18,-98.19
pickton,tx,33.04,-95.46
pierce,tx,29.24,-96.20
pilot point,tx,33.37,-96.94
pinehurst,tx,30.16,-95.68
pineland,tx,31.24,-93.98
pittsburg,tx,32.96,-94.96
placedo,tx,28.69,-96.83
plains,tx,33.19,-102.83
plainview,tx,34.20,-101.73
plano,tx,33.05,-96.74
plantersville,tx,30.30,-95.85
pleasanton,tx,28.99,-98.48
pledger,tx,29.18,-95.90
plum,tx,29.93,-96.97
point,tx,32.90,-95.89
point comfort,tx,28.68,-96.56
pointblank,tx,30.76,-95.23
pollok,tx,31.43,-94.83
ponder,tx,33.18,-97.28
pontotoc,tx,30.89,-99.02
poolville,tx,32.97,-97.85
port aransas,tx,27.83,-97.06
port arthur,tx,29.88,-93.96
port bolivar,tx,29.46,-94.61
port isabel,tx,26.09,-97.25
port lavaca,tx,28.60,-96.63
port mansfield,tx,26.56,-97.43
port neches,tx,29.98,-93.96
port o connor,tx,28.14,-96.78
porter,tx,30.12,-95.27
portland,tx,27.89,-97.32
post,tx,33.20,-101.39
poteet,tx,29.10,-98.62
poth,tx,29.06,-98.08
pottsboro,tx,33.81,-96.69
pottsville,tx,31.68,-98.36
powderly,tx,33.78,-95.53
powell,tx,32.12,-96.33
poynor,tx,32.07,-95.60
prairie hill,tx,31.66,-96.81
prairie lea,tx,29.73,-97.75
prairie view,tx,30.09,-95.99
premont,tx,27.35,-98.13
presidio,tx,29.56,-104.36
price,tx,32.10,-94.94
priddy,tx,31.69,-98.50
princeton,tx,33.16,-96.50
proctor,tx,31.99,-98.43
progreso,tx,26.09,-97.96
prosper,tx,33.24,-96.80
purdon,tx,31.95,-96.59
purmela,tx,31.47,-97.89
putnam,tx,32.37,-99.19
pyote,tx,31.54,-103.14
quail,tx,34.92,-100.43
quanah,tx,34.30,-99.75
queen city,tx,33.19,-94.15
quemado,tx,28.94,-100.57
quinlan,tx,32.90,-96.13
quitaque,tx,34.38,-101.05
quitman,tx,32.80,-95.43
rainbow,tx,32.28,-97.71
ralls,tx,33.68,-101.38
randolph,tx,33.48,-96.25
ranger,tx,32.47,-98.67
rankin,tx,31.22,-101.94
ransom canyon,tx,33.53,-101.69
ratcliff,tx,31.39,-95.14
ravenna,tx,33.71,-96.15
raymondville,tx,26.48,-97.80
raywood,tx,30.04,-94.67
reagan,tx,31.23,-96.74
realitos,tx,27.42,-98.54
red oak,tx,32.52,-96.82
red rock,tx,29.99,-97.41
redford,tx,29.56,-104.37
redwater,tx,33.36,-94.25
refugio,tx,28.32,-97.28
reklaw,tx,31.89,-95.01
rhome,tx,33.05,-97.48
rice,tx,32.23,-96.46
richards,tx,30.54,-95.86
richardson,tx,32.97,-96.75
richland,tx,31.90,-96.44
richland springs,tx,31.28,-98.85
richmond,tx,29.58,-95.76
riesel,tx,31.50,-96.95
ringgold,tx,33.82,-97.94
rio frio,tx,29.66,-99.77
rio grande city,tx,26.39,-98.81
rio hondo,tx,26.23,-97.55
rio medina,tx,29.49,-98.87
rio vista,tx,32.25,-97.37
rising star,tx,32.13,-98.99
riverside,tx,30.85,-95.40
riviera,tx,27.32,-97.78
roanoke,tx,32.99,-97.21
roans prairie,tx,30.49,-95.99
roaring springs,tx,33.90,-100.85
robert lee,tx,31.90,-100.51
robstown,tx,27.80,-97.70
roby,tx,32.72,-100.40
rochelle,tx,31.30,-99.16
rochester,tx,33.31,-99.86
rock island,tx,29.53,-96.58
rockdale,tx,30.66,-97.01
rockport,tx,28.02,-97.05
rocksprings,tx,30.02,-100.23
rockwall,tx,32.93,-96.46
rockwood,tx,31.50,-99.37
rogers,tx,30.96,-97.22
roma,tx,26.42,-99.00
romayor,tx,30.45,-94.84
roosevelt,tx,30.53,-99.92
ropesville,tx,33.46,-102.16
rosanky,tx,29.92,-97.31
roscoe,tx,32.43,-100.54
rosebud,tx,31.09,-96.98
rosenberg,tx,29.55,-95.80
rosharon,tx,29.42,-95.45
ross,tx,31.72,-97.12
rosser,tx,32.46,-96.45
rosston,tx,33.48,-97.45
rotan,tx,32.86,-100.47
round mountain,tx,30.44,-98.44
round rock,tx,30.51,-97.67
round top,tx,30.04,-96.73
rowena,tx,31.64,-100.02
rowlett,tx,32.90,-96.56
roxton,tx,33.54,-95.74
royse city,tx,32.96,-96.36
rule,tx,33.18,-99.89
runge,tx,28.89,-97.71
rusk,tx,31.81,-95.17
rye,tx,30.45,-94.77
sabinal,tx,29.33,-99.48
sabine pass,tx,29.73,-93.89
sachse,tx,32.97,-96.59
sacul,tx,31.82,-94.92
sadler,tx,33.73,-96.84
st hedwig,tx,29.44,-98.20
st jo,tx,33.74,-97.56
salado,tx,30.95,-97.53
salineno,tx,26.52,-99.11
salt flat,tx,31.36,-104.61
saltillo,tx,33.18,-95.34
sam norwood,tx,35.05,-100.28
san angelo,tx,31.48,-100.48
san antonio,tx,29.47,-98.53
san augustine,tx,31.52,-94.13
san benito,tx,26.13,-97.64
san diego,tx,27.77,-98.25
san elizario,tx,31.59,-106.27
san felipe,tx,29.79,-96.10
san isidro,tx,26.72,-98.42
san juan,tx,26.20,-98.15
san marcos,tx,29.88,-97.94
san perlita,tx,26.48,-97.62
san saba,tx,31.16,-98.73
san ygnacio,tx,27.06,-99.43
sanderson,tx,30.14,-102.39
sandia,tx,28.07,-97.90
sanford,tx,35.70,-101.53
sanger,tx,33.36,-97.18
santa anna,tx,31.72,-99.32
santa elena,tx,26.73,-98.52
santa fe,tx,29.37,-95.09
santa maria,tx,26.08,-97.85
santa rosa,tx,26.26,-97.83
santo,tx,32.60,-98.18
saragosa,tx,31.02,-103.66
saratoga,tx,30.34,-94.57
sarita,tx,27.15,-97.86
satin,tx,31.35,-97.03
savoy,tx,33.61,-96.35
schertz,tx,29.57,-98.27
schulenburg,tx,29.69,-96.91
schwertner,tx,30.82,-97.51
scotland,tx,33.65,-98.46
scottsville,tx,32.54,-94.24
scroggins,tx,32.99,-95.24
scurry,tx,32.48,-96.39
seabrook,tx,29.57,-95.03
seadrift,tx,28.41,-96.70
seagoville,tx,32.65,-96.56
seagraves,tx,32.93,-102.58
sealy,tx,29.78,-96.16
sebastian,tx,26.35,-97.77
seguin,tx,29.56,-97.96
selman city,tx,32.19,-94.95
seminole,tx,32.72,-102.68
seymour,tx,33.59,-99.26
shallowater,tx,33.69,-101.98
shamrock,tx,35.22,-100.26
sheffield,tx,30.69,-101.86
shelbyville,tx,31.71,-93.97
shepherd,tx,30.48,-95.09
sheppard afb,tx,33.98,-98.51
sheridan,tx,29.49,-96.67
sherman,tx,33.64,-96.61
shiner,tx,29.43,-97.16
shiro,tx,30.61,-95.89
sidney,tx,31.93,-98.77
sierra blanca,tx,31.19,-105.32
silsbee,tx,30.32,-94.19
silver,tx,32.05,-100.69
silverton,tx,34.46,-101.32
simms,tx,33.50,-94.60
simonton,tx,29.68,-95.98
sinton,tx,28.03,-97.52
skellytown,tx,35.57,-101.17
skidmore,tx,28.23,-97.67
slaton,tx,33.44,-101.65
slidell,tx,33.36,-97.39
smiley,tx,29.27,-97.62
smithville,tx,30.02,-97.15
smyer,tx,33.58,-102.16
snook,tx,30.49,-96.46
snyder,tx,32.72,-100.91
somerset,tx,29.21,-98.62
somerville,tx,30.41,-96.54
sonora,tx,30.56,-100.63
sour lake,tx,30.15,-94.37
south bend,tx,32.96,-98.77
south houston,tx,29.66,-95.23
south padre island,tx,26.11,-97.17
south plains,tx,34.22,-101.31
southlake,tx,32.96,-97.15
southmayd,tx,33.63,-96.77
spade,tx,33.93,-102.15
spearman,tx,36.19,-101.20
spicewood,tx,30.39,-98.05
splendora,tx,30.23,-95.20
spring,tx,30.05,-95.38
spring branch,tx,29.92,-98.38
springlake,tx,34.24,-102.31
springtown,tx,32.97,-97.63
spur,tx,33.48,-100.86
spurger,tx,30.78,-94.21
stafford,tx,29.62,-95.57
stamford,tx,32.95,-99.79
stanton,tx,32.14,-101.81
staples,tx,29.78,-97.84
star,tx,31.48,-98.42
stephenville,tx,32.22,-98.22
sterling city,tx,31.84,-101.00
stinnett,tx,35.84,-101.45
stockdale,tx,29.23,-97.94
stonewall,tx,30.22,-98.66
stowell,tx,29.79,-94.38
stratford,tx,36.33,-101.99
strawn,tx,32.59,-98.50
streetman,tx,31.89,-96.30
sublime,tx,29.48,-96.80
sudan,tx,34.07,-102.53
sugar land,tx,29.63,-95.62
sullivan city,tx,26.27,-98.56
sulphur bluff,tx,33.33,-95.37
sulphur springs,tx,33.13,-95.59
summerfield,tx,34.73,-102.50
sumner,tx,33.76,-95.68
sundown,tx,33.46,-102.49
sunnyvale,tx,32.80,-96.57
sunray,tx,36.01,-101.81
sunset,tx,33.45,-97.77
sutherland springs,tx,29.28,-98.07
sweeny,tx,29.04,-95.70
sweet home,tx,29.34,-97.07
sweetwater,tx,32.47,-100.40
sylvester,tx,32.72,-100.24
taft,tx,27.98,-97.40
tahoka,tx,33.20,-101.82
talco,tx,33.33,-95.05
talpa,tx,31.80,-99.67
tarpley,tx,29.65,-99.25
tarzan,tx,32.36,-101.96
tatum,tx,32.33,-94.60
taylor,tx,30.58,-97.44
teague,tx,31.63,-96.28
tehuacana,tx,31.74,-96.55
telegraph,tx,30.37,-99.93
telephone,tx,33.80,-96.04
telferner,tx,28.85,-96.89
tell,tx,34.38,-100.40
temple,tx,31.09,-97.33
tenaha,tx,31.94,-94.25
tennessee colony,tx,31.79,-95.90
tennyson,tx,31.74,-100.29
terlingua,tx,29.32,-103.56
terrell,tx,32.71,-96.25
texarkana,tx,33.41,-94.12
texas city,tx,29.40,-94.92
texline,tx,36.37,-102.98
the colony,tx,33.09,-96.88
thicket,tx,30.40,-94.63
thomaston,tx,29.00,-97.15
thompsons,tx,29.50,-95.58
thorndale,tx,30.61,-97.18
thornton,tx,31.41,-96.50
thrall,tx,30.59,-97.29
three rivers,tx,28.48,-98.18
throckmorton,tx,33.18,-99.18
tilden,tx,28.42,-98.57
timpson,tx,31.88,-94.40
tioga,tx,33.47,-96.91
tivoli,tx,28.44,-96.89
tokio,tx,33.18,-102.58
tolar,tx,32.38,-97.88
tom bean,tx,33.52,-96.48
tomball,tx,30.07,-95.62
tornillo,tx,31.45,-106.09
tow,tx,30.86,-98.46
toyah,tx,31.31,-103.79
toyahvale,tx,30.94,-103.79
trent,tx,32.49,-100.12
trenton,tx,33.42,-96.34
trinidad,tx,32.14,-96.08
trinity,tx,30.94,-95.34
troup,tx,32.10,-95.12
troy,tx,31.18,-97.29
tuleta,tx,28.57,-97.80
tulia,tx,34.54,-101.76
turkey,tx,34.40,-100.84
tuscola,tx,32.23,-99.82
tye,tx,32.45,-99.87
tyler,tx,32.33,-95.29
tynan,tx,28.17,-97.75
umbarger,tx,34.95,-102.11
universal city,tx,29.55,-98.31
utopia,tx,29.60,-99.56
uvalde,tx,29.22,-99.79
valentine,tx,30.62,-104.48
valera,tx,31.77,-99.56
valley mills,tx,31.66,-97.49
valley spring,tx,30.84,-98.83
valley view,tx,33.50,-97.23
van,tx,32.53,-95.65
van alstyne,tx,33.43,-96.55
van horn,tx,31.04,-104.83
van vleck,tx,29.01,-95.94
vancourt,tx,31.34,-100.18
vanderbilt,tx,28.82,-96.62
vanderpool,tx,29.74,-99.56
vega,tx,35.37,-102.36
venus,tx,32.43,-97.11
veribest,tx,31.48,-100.26
vernon,tx,34.15,-99.30
victoria,tx,28.81,-97.00
vidor,tx,30.15,-94.00
village mills,tx,30.49,-94.40
voca,tx,31.00,-99.17
von ormy,tx,29.27,-98.67
voss,tx,31.64,-99.54
votaw,tx,30.44,-94.67
waco,tx,31.55,-97.14
wadsworth,tx,28.61,-95.97
waelder,tx,29.69,-97.30
waka,tx,36.28,-101.05
walburg,tx,30.74,-97.58
wall,tx,31.37,-100.32
waller,tx,30.09,-95.96
wallis,tx,29.64,-96.05
wallisville,tx,29.86,-94.68
walnut springs,tx,32.06,-97.75
warda,tx,30.05,-96.91
waring,tx,29.95,-98.80
warren,tx,30.60,-94.41
warrenton,tx,30.02,-96.73
washington,tx,30.32,-96.22
waskom,tx,32.47,-94.14
water valley,tx,31.67,-100.72
waxahachie,tx,32.38,-96.84
wayside,tx,34.80,-101.55
weatherford,tx,32.84,-97.70
webster,tx,29.56,-95.14
weesatche,tx,28.85,-97.45
weimar,tx,29.68,-96.76
weinert,tx,33.32,-99.67
weir,tx,30.67,-97.58
welch,tx,32.89,-102.11
wellborn,tx,30.54,-96.30
wellington,tx,34.87,-100.22
wellman,tx,33.05,-102.43
wells,tx,31.50,-94.97
weslaco,tx,26.17,-97.99
west,tx,31.78,-97.13
west columbia,tx,29.14,-95.67
west point,tx,29.95,-97.04
westbrook,tx,32.35,-100.99
westhoff,tx,29.05,-97.35
westminster,tx,33.36,-96.46
weston,tx,33.35,-96.67
wharton,tx,29.32,-96.09
wheeler,tx,35.43,-100.26
wheelock,tx,30.90,-96.39
white deer,tx,35.43,-101.17
white oak,tx,32.54,-94.86
whiteface,tx,33.59,-102.64
whitehouse,tx,32.22,-95.23
whitesboro,tx,33.66,-96.88
whitewright,tx,33.52,-96.45
whitharral,tx,33.74,-102.33
whitney,tx,31.96,-97.33
whitsett,tx,28.64,-98.26
whitt,tx,32.96,-98.02
wichita falls,tx,33.91,-98.50
wickett,tx,31.57,-103.00
wiergate,tx,31.04,-93.80
wildorado,tx,35.19,-102.21
willis,tx,30.42,-95.48
willow city,tx,30.45,-98.66
wills point,tx,32.73,-96.01
wilmer,tx,32.60,-96.68
wilson,tx,33.33,-101.71
wimberley,tx,30.03,-98.11
windom,tx,33.56,-96.00
windthorst,tx,33.58,-98.44
winfield,tx,33.16,-95.08
wingate,tx,32.03,-100.12
wink,tx,31.75,-103.16
winnie,tx,29.82,-94.34
winnsboro,tx,32.91,-95.27
winona,tx,32.47,-95.12
winters,tx,31.96,-99.96
woden,tx,31.50,-94.53
wolfe city,tx,33.36,-96.07
wolfforth,tx,33.53,-102.03
woodlake,tx,31.03,-95.03
woodlawn,tx,32.67,-94.35
woodsboro,tx,28.22,-97.32
woodson,tx,33.30,-99.02
woodville,tx,30.78,-94.43
woodway,tx,31.51,-97.23
wortham,tx,31.79,-96.42
wrightsboro,tx,29.36,-97.50
wylie,tx,33.00,-96.54
yancey,tx,29.14,-99.14
yantis,tx,32.93,-95.53
yoakum,tx,29.28,-97.13
yorktown,tx,28.99,-97.51
zapata,tx,26.89,-99.25
zavalla,tx,31.16,-94.39
zephyr,tx,31.67,-98.82
alpine,ut,40.46,-111.77
altamont,ut,40.37,-110.45
alton,ut,37.47,-112.55
altonah,ut,40.44,-110.44
american fork,ut,40.39,-111.79
aneth,ut,37.21,-109.30
annabella,ut,38.71,-112.06
antimony,ut,38.10,-111.99
aurora,ut,38.92,-111.93
axtell,ut,39.05,-111.82
bear river city,ut,41.61,-112.13
beaver,ut,38.28,-112.63
beryl,ut,37.96,-113.62
bicknell,ut,38.34,-111.54
bingham canyon,ut,40.56,-112.10
blanding,ut,37.59,-109.49
bluebell,ut,40.35,-110.29
bluff,ut,37.28,-109.55
bonanza,ut,40.02,-109.18
boulder,ut,37.92,-111.43
bountiful,ut,40.88,-111.87
brian head,ut,37.70,-112.84
brigham city,ut,41.51,-112.02
bryce,ut,37.57,-112.30
cache junction,ut,41.84,-112.00
cannonville,ut,37.57,-112.05
castle dale,ut,39.21,-111.02
cedar city,ut,37.69,-113.07
cedar valley,ut,40.14,-111.97
centerfield,ut,39.13,-111.82
centerville,ut,40.93,-111.88
central,ut,37.57,-113.72
chester,ut,39.47,-111.57
circleville,ut,38.17,-112.27
cisco,ut,38.97,-109.32
clarkston,ut,41.92,-112.05
clawson,ut,39.13,-111.10
clearfield,ut,41.13,-112.05
cleveland,ut,39.35,-110.85
coalville,ut,40.92,-111.41
collinston,ut,41.79,-112.12
corinne,ut,41.54,-112.15
cornish,ut,41.97,-111.95
croydon,ut,41.07,-111.52
dammeron valley,ut,37.28,-113.66
delta,ut,39.38,-112.53
deweyville,ut,41.70,-112.09
draper,ut,40.50,-111.88
duchesne,ut,39.95,-110.62
duck creek village,ut,37.52,-112.66
dugway,ut,40.53,-112.87
dutch john,ut,40.93,-109.35
eagle mountain,ut,40.35,-111.99
east carbon,ut,39.55,-110.41
echo,ut,40.98,-111.44
eden,ut,41.33,-111.86
elberta,ut,39.95,-111.96
elmo,ut,39.39,-110.81
elsinore,ut,38.68,-112.15
emery,ut,38.92,-111.25
enterprise,ut,37.57,-113.72
ephraim,ut,39.36,-111.58
escalante,ut,37.77,-111.60
eureka,ut,39.95,-112.12
fairview,ut,39.65,-111.50
farmington,ut,40.99,-111.89
fayette,ut,39.23,-111.85
ferron,ut,39.07,-111.15
fielding,ut,41.81,-112.12
fillmore,ut,38.98,-112.33
ft duchesne,ut,40.30,-109.86
fountain green,ut,39.63,-111.63
fruitland,ut,40.21,-110.84
garden city,ut,41.94,-111.41
garland,ut,41.74,-112.15
garrison,ut,39.07,-113.89
glendale,ut,37.32,-112.60
glenwood,ut,38.76,-111.99
goshen,ut,39.95,-111.90
grantsville,ut,40.60,-112.46
green river,ut,39.00,-110.16
greenville,ut,38.26,-112.71
greenwich,ut,38.43,-111.92
grouse creek,ut,41.63,-113.85
gunlock,ut,37.29,-113.76
gunnison,ut,39.15,-111.82
hanksville,ut,38.25,-110.81
hanna,ut,40.45,-110.81
hatch,ut,37.65,-112.43
heber city,ut,40.49,-111.41
helper,ut,39.67,-110.86
henefer,ut,41.02,-111.50
henrieville,ut,37.56,-111.99
herriman,ut,40.50,-112.03
hildale,ut,37.00,-112.97
hill afb,ut,41.12,-112.00
hinckley,ut,39.33,-112.67
holden,ut,39.10,-112.27
honeyville,ut,41.62,-112.10
hooper,ut,41.18,-112.09
howell,ut,41.80,-112.44
huntington,ut,39.29,-110.97
huntsville,ut,41.27,-111.76
hurricane,ut,37.17,-113.22
hyde park,ut,41.80,-111.82
hyrum,ut,41.63,-111.85
ibapah,ut,40.04,-113.98
ivins,ut,37.17,-113.68
jensen,ut,40.38,-109.35
joseph,ut,38.62,-112.23
junction,ut,38.24,-112.22
kamas,ut,40.64,-111.26
kanab,ut,37.07,-112.35
kanarraville,ut,37.54,-113.18
kanosh,ut,38.80,-112.44
kaysville,ut,41.04,-111.93
kenilworth,ut,39.69,-110.81
kingston,ut,38.22,-112.20
koosharem,ut,38.51,-111.88
la sal,ut,38.31,-109.25
la verkin,ut,37.20,-113.27
lake powell,ut,37.46,-110.51
laketown,ut,41.81,-111.27
lapoint,ut,40.40,-109.80
layton,ut,41.08,-111.93
leamington,ut,39.53,-112.28
leeds,ut,37.24,-113.36
lehi,ut,40.40,-111.85
levan,ut,39.56,-111.86
lewiston,ut,41.97,-111.88
lindon,ut,40.34,-111.71
loa,ut,38.42,-111.63
logan,ut,41.75,-111.82
lyman,ut,38.40,-111.59
lynndyl,ut,39.52,-112.38
magna,ut,40.70,-112.08
manila,ut,40.97,-109.72
manti,ut,39.24,-111.65
mantua,ut,41.50,-111.94
mapleton,ut,40.13,-111.58
marysvale,ut,38.44,-112.25
mayfield,ut,39.11,-111.71
meadow,ut,38.89,-112.41
mendon,ut,41.71,-111.98
mexican hat,ut,37.12,-109.99
midvale,ut,40.62,-111.89
midway,ut,40.51,-111.48
milford,ut,38.33,-112.99
millville,ut,41.68,-111.82
minersville,ut,38.21,-112.92
moab,ut,38.57,-109.53
modena,ut,37.80,-113.92
mona,ut,39.84,-111.85
monroe,ut,38.65,-112.13
montezuma creek,ut,37.27,-109.34
monticello,ut,37.92,-109.32
monument valley,ut,37.06,-110.43
morgan,ut,41.07,-111.72
moroni,ut,39.52,-111.59
mt carmel,ut,37.24,-112.67
mt pleasant,ut,39.52,-111.50
mountain home,ut,40.19,-110.77
myton,ut,40.19,-110.05
neola,ut,40.45,-110.04
nephi,ut,39.69,-111.84
new harmony,ut,37.48,-113.31
newcastle,ut,37.74,-113.66
newton,ut,41.86,-111.99
north salt lake,ut,40.84,-111.90
oak city,ut,39.38,-112.33
oakley,ut,40.71,-111.30
ogden,ut,41.24,-112.01
orangeville,ut,39.23,-111.05
orderville,ut,37.27,-112.64
orem,ut,40.31,-111.70
panguitch,ut,37.81,-112.44
paradise,ut,41.56,-111.83
paragonah,ut,37.89,-112.77
park city,ut,40.70,-111.53
park valley,ut,41.86,-113.35
parowan,ut,37.84,-112.83
payson,ut,40.04,-111.73
peoa,ut,40.72,-111.30
pine valley,ut,37.39,-113.52
pleasant grove,ut,40.37,-111.73
plymouth,ut,41.88,-112.14
portage,ut,41.98,-112.24
price,ut,39.60,-110.81
providence,ut,41.70,-111.82
provo,ut,40.23,-111.68
randlett,ut,40.22,-109.73
randolph,ut,41.66,-111.19
redmond,ut,39.01,-111.86
richfield,ut,38.76,-112.06
richmond,ut,41.93,-111.81
riverside,ut,41.79,-112.15
riverton,ut,40.54,-111.95
rockville,ut,37.16,-113.04
roosevelt,ut,40.31,-110.01
roy,ut,41.17,-112.04
rush valley,ut,40.23,-112.74
st george,ut,37.11,-113.60
salem,ut,40.04,-111.66
salina,ut,38.96,-111.88
salt lake city,ut,40.76,-111.90
sandy,ut,40.58,-111.88
santa clara,ut,37.13,-113.65
santaquin,ut,39.98,-111.79
saratoga springs,ut,40.35,-111.91
scipio,ut,39.24,-112.10
sevier,ut,38.59,-112.39
sigurd,ut,38.84,-111.97
smithfield,ut,41.84,-111.85
snowville,ut,41.84,-112.35
south jordan,ut,40.52,-111.94
spanish fork,ut,40.11,-111.65
spring city,ut,39.48,-111.50
springdale,ut,37.30,-113.05
springville,ut,40.16,-111.60
sterling,ut,39.19,-111.69
stockton,ut,40.35,-112.43
summit,ut,37.80,-112.91
sunnyside,ut,39.55,-110.39
syracuse,ut,41.09,-112.05
tabiona,ut,40.38,-110.70
talmage,ut,40.17,-110.40
teasdale,ut,38.29,-111.43
thompson,ut,38.99,-109.79
tooele,ut,40.55,-112.30
toquerville,ut,37.25,-113.28
torrey,ut,38.33,-111.55
tremonton,ut,41.70,-112.18
trenton,ut,41.91,-111.93
tridell,ut,40.44,-109.84
tropic,ut,37.63,-112.08
vernal,ut,40.44,-109.55
vernon,ut,40.08,-112.43
veyo,ut,37.36,-113.67
virgin,ut,37.19,-113.00
wales,ut,39.49,-111.63
wallsburg,ut,40.37,-111.46
washington,ut,37.14,-113.51
wellington,ut,39.54,-110.74
wellsville,ut,41.63,-111.93
wendover,ut,40.60,-113.99
west jordan,ut,40.63,-111.97
whiterocks,ut,40.45,-109.92
willard,ut,41.40,-112.03
woodruff,ut,41.49,-111.19
woods cross,ut,40.89,-111.90
abingdon,va,36.69,-82.02
accomac,va,37.72,-75.68
achilles,va,37.28,-76.44
afton,va,37.96,-78.84
alberta,va,36.88,-77.91
aldie,va,38.98,-77.64
alexandria,va,38.82,-77.06
altavista,va,37.12,-79.29
alton,va,36.59,-79.02
amelia court house,va,37.35,-77.96
amherst,va,37.60,-79.05
amissville,va,38.67,-78.00
ammon,va,37.15,-77.74
amonate,va,37.19,-81.64
andover,va,36.92,-82.80
annandale,va,38.83,-77.21
appalachia,va,36.91,-82.79
appomattox,va,37.35,-78.82
ararat,va,36.61,-80.51
arcola,va,38.95,-77.53
ark,va,37.44,-76.58
arlington,va,38.89,-77.09
aroda,va,38.33,-78.24
arrington,va,37.69,-78.92
arvonia,va,37.67,-78.39
ashburn,va,39.03,-77.50
ashland,va,37.74,-77.48
assawoman,va,37.87,-75.53
atkins,va,36.87,-81.40
atlantic,va,37.90,-75.51
augusta springs,va,38.10,-79.32
austinville,va,36.82,-80.86
axton,va,36.65,-79.74
aylett,va,37.82,-77.19
bacova,va,38.05,-79.84
banco,va,38.45,-78.28
bandy,va,37.17,-81.65
barboursville,va,38.20,-78.31
barhamsville,va,37.46,-76.83
barren springs,va,36.91,-80.81
baskerville,va,36.72,-78.28
bassett,va,36.75,-80.01
bastian,va,37.16,-81.20
basye,va,38.80,-78.77
batesville,va,38.00,-78.72
battery park,va,37.00,-76.57
bealeton,va,38.57,-77.80
beaumont,va,37.76,-78.03
beaverdam,va,37.90,-77.63
bedford,va,37.32,-79.53
bee,va,37.10,-82.19
belle haven,va,37.56,-75.87
belspring,va,37.19,-80.61
ben hur,va,36.73,-83.08
bena,va,37.27,-76.46
bent mountain,va,37.21,-80.15
bentonville,va,38.83,-78.28
bergton,va,38.79,-78.97
berryville,va,39.15,-77.97
big island,va,37.53,-79.38
big rock,va,37.32,-82.22
big stone gap,va,36.86,-82.76
birchleaf,va,37.17,-82.25
birdsnest,va,37.43,-75.90
bishop,va,37.21,-81.56
blacksburg,va,37.23,-80.43
blackstone,va,37.09,-77.99
blackwater,va,36.64,-82.99
blairs,va,36.67,-79.38
bland,va,37.14,-81.02
bloxom,va,37.83,-75.62
blue grass,va,38.52,-79.56
blue ridge,va,37.39,-79.82
bluefield,va,37.25,-81.33
bluemont,va,39.11,-77.83
bohannon,va,37.39,-76.36
boissevain,va,37.28,-81.38
boones mill,va,37.13,-79.96
boston,va,38.54,-78.14
bowling green,va,38.01,-77.18
boyce,va,39.07,-78.02
boydton,va,36.65,-78.38
boykins,va,36.60,-77.20
bracey,va,36.58,-78.11
branchville,va,36.58,-77.27
brandy station,va,38.51,-77.90
breaks,va,37.30,-82.28
bremo bluff,va,37.75,-78.27
bridgewater,va,38.39,-78.99
brightwood,va,38.41,-78.17
bristol,va,36.62,-82.18
bristow,va,38.72,-77.54
broad run,va,38.82,-77.71
broadford,va,36.93,-81.66
broadway,va,38.61,-78.79
brodnax,va,36.73,-77.99
brooke,va,38.39,-77.38
brookneal,va,37.08,-78.92
brownsburg,va,37.93,-79.32
brucetown,va,39.25,-78.07
bruington,va,37.78,-76.94
buchanan,va,37.53,-79.71
buckingham,va,37.58,-78.60
buena vista,va,37.74,-79.35
buffalo junction,va,36.62,-78.61
bumpass,va,37.90,-77.80
burgess,va,37.87,-76.35
burke,va,38.79,-77.27
burkes garden,va,37.10,-81.34
burkeville,va,37.20,-78.20
burr hill,va,38.37,-77.88
callands,va,36.76,-79.63
callao,va,37.98,-76.57
callaway,va,37.03,-80.05
calverton,va,38.63,-77.67
cana,va,36.60,-80.67
cape charles,va,37.28,-75.97
capeville,va,37.20,-75.96
capron,va,36.72,-77.24
cardinal,va,37.43,-76.39
caret,va,37.97,-76.92
carrollton,va,36.95,-76.54
carrsville,va,36.75,-76.84
carson,va,37.04,-77.44
cartersville,va,37.64,-78.13
casanova,va,38.66,-77.72
cascade,va,36.59,-79.66
castleton,va,38.60,-78.12
castlewood,va,36.88,-82.29
catawba,va,37.37,-80.13
catharpin,va,38.85,-77.57
catlett,va,38.65,-77.64
cedar bluff,va,37.08,-81.77
center cross,va,37.79,-76.75
centreville,va,38.85,-77.44
ceres,va,37.00,-81.36
champlain,va,38.02,-76.97
chantilly,va,38.89,-77.44
charles city,va,37.37,-77.11
charlotte court house,va,37.09,-78.66
charlottesville,va,38.05,-78.49
chase city,va,36.81,-78.46
chatham,va,36.83,-79.43
check,va,37.03,-80.24
cheriton,va,37.29,-75.97
chesapeake,va,36.74,-76.24
chester,va,37.34,-77.42
chester gap,va,38.85,-78.14
chesterfield,va,37.39,-77.57
chilhowie,va,36.77,-81.67
chincoteague island,va,37.93,-75.37
christchurch,va,37.60,-76.53
christiansburg,va,37.13,-80.41
church road,va,37.19,-77.66
church view,va,37.67,-76.66
churchville,va,38.23,-79.18
claremont,va,37.23,-76.96
clarksville,va,36.63,-78.54
claudville,va,36.58,-80.44
clear brook,va,39.27,-78.10
cleveland,va,36.95,-82.13
clifford,va,37.64,-79.02
clifton,va,38.78,-77.39
clifton forge,va,37.82,-79.81
clinchco,va,37.14,-82.34
clintwood,va,37.16,-82.45
clover,va,36.86,-78.79
cloverdale,va,37.37,-79.91
cluster springs,va,36.62,-78.92
cobbs creek,va,37.50,-76.37
coeburn,va,36.96,-82.47
coleman falls,va,37.49,-79.32
coles point,va,38.14,-76.64
collinsville,va,36.72,-79.91
colonial beach,va,38.23,-76.98
colonial heights,va,37.27,-77.40
columbia,va,37.71,-78.18
concord,va,37.34,-78.98
copper hill,va,37.06,-80.15
corbin,va,38.20,-77.39
courtland,va,36.72,-77.08
covesville,va,37.91,-78.71
covington,va,37.78,-80.00
craddockville,va,37.58,-75.87
craigsville,va,38.08,-79.36
crewe,va,37.17,-78.11
criders,va,38.75,-79.00
crimora,va,38.17,-78.84
cripple creek,va,36.81,-81.10
critz,va,36.62,-80.13
crockett,va,36.88,-81.21
cross junction,va,39.38,-78.30
crozet,va,38.08,-78.70
crozier,va,37.67,-77.79
crystal hill,va,36.87,-78.97
cullen,va,37.16,-78.65
culpeper,va,38.48,-78.00
cumberland,va,37.50,-78.26
dahlgren,va,38.34,-77.04
daleville,va,37.41,-79.92
damascus,va,36.64,-81.78
dante,va,37.01,-82.28
danville,va,36.62,-79.41
davenport,va,37.07,-82.12
davis wharf,va,37.55,-75.88
dayton,va,38.43,-78.99
deerfield,va,38.18,-79.42
delaplane,va,38.91,-77.92
deltaville,va,37.55,-76.35
dendron,va,37.10,-76.90
dewitt,va,37.05,-77.64
diggs,va,37.44,-76.29
dillwyn,va,37.55,-78.46
dinwiddie,va,37.08,-77.56
disputanta,va,37.15,-77.27
doe hill,va,38.39,-79.48
dogue,va,38.23,-77.22
dolphin,va,36.83,-77.79
doran,va,37.09,-81.83
doswell,va,37.84,-77.51
drakes branch,va,36.97,-78.56
draper,va,36.97,-80.82
drewryville,va,36.69,-77.36
dry fork,va,36.74,-79.46
dryden,va,36.78,-82.93
dublin,va,37.10,-80.67
duffield,va,36.70,-82.81
dugspur,va,36.81,-80.61
dulles,va,38.99,-77.45
dumfries,va,38.91,-77.93
dundas,va,36.91,-78.01
dungannon,va,36.82,-82.50
dunn loring,va,38.90,-77.22
dunnsville,va,37.84,-76.84
dutton,va,37.49,-76.44
dyke,va,38.25,-78.55
eagle rock,va,37.67,-79.82
earlysville,va,38.16,-78.49
east stone gap,va,36.87,-82.74
eastville,va,37.35,-75.95
ebony,va,36.58,-78.00
edinburg,va,38.84,-78.60
edwardsville,va,37.91,-76.37
eggleston,va,37.29,-80.65
elberon,va,37.07,-76.83
elk creek,va,36.73,-81.19
elkton,va,38.40,-78.63
elkwood,va,38.47,-77.82
elliston,va,37.21,-80.25
emory,va,36.77,-81.84
emporia,va,36.69,-77.56
esmont,va,37.81,-78.61
etlan,va,38.51,-78.26
evergreen,va,37.32,-78.77
evington,va,37.26,-79.23
ewing,va,36.62,-83.50
exmore,va,37.51,-75.85
faber,va,37.85,-78.76
fairfax,va,38.86,-77.26
fairfax station,va,38.76,-77.31
fairfield,va,37.88,-79.30
falls church,va,38.85,-77.14
falls mills,va,37.27,-81.32
fancy gap,va,36.66,-80.69
farmville,va,37.30,-78.41
farnham,va,37.87,-76.61
ferrum,va,36.92,-80.03
fieldale,va,36.71,-79.97
fincastle,va,37.49,-79.85
fishers hill,va,38.98,-78.41
fishersville,va,38.10,-78.97
flint hill,va,38.73,-78.08
floyd,va,36.92,-80.32
ford,va,37.14,-77.74
forest,va,37.34,-79.28
fork union,va,37.77,-78.24
ft belvoir,va,38.69,-77.14
ft blackmore,va,36.74,-82.61
ft defiance,va,38.21,-78.93
ft eustis,va,37.12,-76.59
ft lee,va,37.24,-77.33
ft mitchell,va,36.92,-78.49
ft monroe,va,37.03,-76.30
ft valley,va,38.83,-78.44
foster,va,37.45,-76.39
franklin,va,36.68,-76.94
franktown,va,37.46,-75.89
fredericksburg,va,38.30,-77.48
free union,va,38.21,-78.60
freeman,va,36.79,-77.72
fries,va,36.72,-81.00
front royal,va,38.93,-78.18
ft myer,va,38.88,-77.08
fulks run,va,38.63,-78.94
gainesville,va,38.80,-77.62
galax,va,36.66,-80.91
garrisonville,va,38.48,-77.43
gasburg,va,36.58,-77.90
gate city,va,36.65,-82.61
glade hill,va,37.02,-79.78
glade spring,va,36.78,-81.77
gladstone,va,37.55,-78.85
gladys,va,37.14,-79.10
glasgow,va,37.64,-79.46
glen allen,va,37.67,-77.51
glen lyn,va,37.37,-80.86
glen wilton,va,37.75,-79.82
gloucester,va,37.42,-76.55
gloucester point,va,37.26,-76.50
goldvein,va,38.49,-77.64
goochland,va,37.77,-78.01
goode,va,37.35,-79.38
goodview,va,37.35,-79.73
gordonsville,va,38.11,-78.20
gore,va,39.29,-78.34
goshen,va,37.99,-79.48
graves mill,va,38.42,-78.37
great falls,va,39.00,-77.31
green bay,va,37.12,-78.31
greenbackville,va,38.01,-75.40
greenbush,va,37.77,-75.67
greenville,va,38.00,-79.14
greenway,va,38.97,-77.23
greenwood,va,38.04,-78.78
gretna,va,36.97,-79.34
grimstead,va,37.50,-76.30
grottoes,va,38.25,-78.83
grundy,va,37.30,-82.11
gum spring,va,37.82,-77.91
gwynn,va,37.50,-76.29
hacksneck,va,37.64,-75.87
hadensville,va,37.83,-78.00
hague,va,38.06,-76.66
halifax,va,36.76,-78.94
hallieford,va,37.49,-76.34
hallwood,va,37.85,-75.56
hamilton,va,39.14,-77.66
hampden sydney,va,37.17,-78.47
hampton,va,37.01,-76.41
hanover,va,37.77,-77.32
harborton,va,37.66,-75.83
hardy,va,37.21,-79.81
hardyville,va,37.55,-76.42
harrisonburg,va,38.45,-78.87
hartfield,va,37.56,-76.48
hartwood,va,38.40,-77.57
hayes,va,37.29,-76.49
haymarket,va,38.81,-77.64
haynesville,va,37.95,-76.66
haysi,va,37.22,-82.29
haywood,va,38.47,-78.18
head waters,va,38.29,-79.44
heathsville,va,37.91,-76.42
henry,va,36.84,-79.99
herndon,va,38.98,-77.38
highland springs,va,37.54,-77.32
hillsville,va,36.74,-80.72
hiltons,va,36.65,-82.43
hinton,va,38.48,-79.01
hiwassee,va,37.00,-80.64
honaker,va,37.03,-82.00
hood,va,38.35,-78.38
hopewell,va,37.29,-77.30
horntown,va,37.97,-75.47
horsepen,va,37.23,-81.52
hot springs,va,37.96,-79.87
howardsville,va,37.77,-78.58
huddleston,va,37.14,-79.49
hudgins,va,37.47,-76.33
hume,va,38.83,-77.99
huntly,va,38.81,-78.13
hurley,va,37.40,-82.03
hurt,va,37.08,-79.30
hustle,va,38.02,-77.04
independence,va,36.63,-81.16
indian valley,va,36.90,-80.58
iron gate,va,37.80,-79.79
irvington,va,37.66,-76.42
isle of wight,va,36.91,-76.71
ivanhoe,va,36.83,-80.98
ivor,va,36.91,-76.89
ivy,va,38.06,-78.60
jamaica,va,37.73,-76.69
jamestown,va,37.21,-76.77
jamesville,va,37.52,-75.93
jarratt,va,36.82,-77.48
java,va,36.86,-79.19
jeffersonton,va,38.63,-77.91
jenkins bridge,va,37.92,-75.63
jersey,va,38.21,-77.14
jetersville,va,37.32,-78.10
jewell ridge,va,37.22,-81.81
jonesville,va,36.69,-83.14
keeling,va,36.72,-79.28
keen mountain,va,37.20,-81.99
keene,va,37.93,-78.56
keezletown,va,38.44,-78.78
keller,va,37.62,-75.76
kenbridge,va,36.93,-78.12
kents store,va,37.89,-78.12
keokee,va,36.82,-82.98
keswick,va,38.00,-78.34
keysville,va,37.04,-78.47
kilmarnock,va,37.72,-76.38
king and queen court house,va,37.72,-76.86
king george,va,38.28,-77.13
king william,va,37.72,-77.10
kinsale,va,38.05,-76.59
la crosse,va,36.69,-78.10
lacey spring,va,38.54,-78.77
lackey,va,37.23,-76.55
ladysmith,va,38.02,-77.52
lambsburg,va,36.58,-80.76
lancaster,va,37.75,-76.51
laneview,va,37.77,-76.71
lanexa,va,37.42,-76.90
laurel fork,va,36.71,-80.51
lawrenceville,va,36.74,-77.84
lebanon,va,36.88,-82.10
leesburg,va,39.09,-77.58
leon,va,38.46,-78.15
lexington,va,37.79,-79.46
lightfoot,va,37.34,-76.75
lignum,va,38.40,-77.83
lincoln,va,39.12,-77.70
linden,va,38.88,-78.05
linville,va,38.56,-78.90
little plymouth,va,37.66,-76.83
lively,va,37.78,-76.51
locust dale,va,38.33,-78.10
locust grove,va,38.34,-77.77
locust hill,va,37.60,-76.50
locustville,va,37.65,-75.67
long island,va,37.06,-79.12
loretto,va,38.06,-76.97
lorton,va,38.70,-77.22
lottsburg,va,37.98,-76.50
louisa,va,38.01,-78.03
lovettsville,va,39.27,-77.64
lovingston,va,37.79,-78.87
low moor,va,37.79,-79.88
lowry,va,37.33,-79.46
lunenburg,va,36.92,-78.29
luray,va,38.65,-78.46
lynch station,va,37.15,-79.33
lynchburg,va,37.39,-79.17
lyndhurst,va,38.00,-78.95
machipongo,va,37.40,-75.91
macon,va,37.52,-77.96
madison,va,38.38,-78.30
madison heights,va,37.45,-79.11
maidens,va,37.70,-77.87
manakin sabot,va,37.64,-77.71
manassas,va,38.75,-77.47
mannboro,va,37.25,-77.82
manquin,va,37.72,-77.19
mappsville,va,37.84,-75.57
marion,va,36.83,-81.53
marionville,va,37.45,-75.86
markham,va,38.93,-77.99
marshall,va,38.82,-77.90
martinsville,va,36.69,-79.87
maryus,va,37.28,-76.40
mascot,va,37.61,-76.74
mathews,va,37.44,-76.35
mattaponi,va,37.64,-76.78
maurertown,va,38.94,-78.47
mavisdale,va,37.20,-82.22
max meadows,va,36.92,-80.92
maxie,va,37.30,-82.17
mc clure,va,37.08,-82.38
mc coy,va,37.24,-80.60
mc dowell,va,38.33,-79.50
mc gaheysville,va,38.37,-78.74
mc kenney,va,37.00,-77.74
mc lean,va,38.93,-77.17
meadows of dan,va,36.73,-80.40
meadowview,va,36.76,-81.85
mears,va,37.87,-75.64
mechanicsville,va,37.63,-77.34
meherrin,va,37.10,-78.39
melfa,va,37.64,-75.75
mendota,va,36.72,-82.26
meredithville,va,36.81,-77.96
merrifield,va,38.87,-77.23
merry point,va,37.73,-76.48
middlebrook,va,38.02,-79.28
middleburg,va,38.99,-77.75
middletown,va,39.04,-78.28
midland,va,38.57,-77.71
midlothian,va,37.43,-77.65
milford,va,38.01,-77.32
millboro,va,38.01,-79.64
millers tavern,va,37.83,-76.95
millwood,va,39.07,-78.04
mineral,va,38.00,-77.88
mint spring,va,38.07,-79.10
mitchells,va,38.37,-78.01
modest town,va,37.81,-75.57
mollusk,va,37.73,-76.54
moneta,va,37.18,-79.65
monroe,va,37.54,-79.17
montebello,va,37.84,-79.06
monterey,va,38.41,-79.59
montpelier,va,37.82,-77.69
montpelier station,va,38.23,-78.18
montross,va,38.11,-76.78
montvale,va,37.41,-79.72
moon,va,37.45,-76.31
morattico,va,37.79,-76.63
moseley,va,37.43,-77.76
mt crawford,va,38.35,-78.90
mt holly,va,38.09,-76.72
mt jackson,va,38.77,-78.68
mt sidney,va,38.26,-78.97
mt solon,va,38.33,-79.10
mt vernon,va,38.71,-77.09
mouth of wilson,va,36.61,-81.40
mustoe,va,38.29,-79.66
narrows,va,37.32,-80.85
naruna,va,37.11,-79.00
nassawadox,va,37.47,-75.86
nathalie,va,36.94,-78.99
natural bridge,va,37.66,-79.53
natural bridge station,va,37.60,-79.50
nellysford,va,37.86,-78.89
nelson,va,36.56,-78.67
nelsonia,va,37.82,-75.59
new canton,va,37.66,-78.31
new castle,va,37.49,-80.17
new church,va,37.95,-75.51
new hope,va,38.20,-78.91
new kent,va,37.55,-77.07
new market,va,38.66,-78.67
new point,va,37.35,-76.28
new river,va,37.13,-80.59
newbern,va,37.07,-80.69
newington,va,38.74,-77.19
newport,va,37.31,-80.51
newport news,va,37.06,-76.46
newsoms,va,36.61,-77.11
newtown,va,37.88,-77.11
nickelsville,va,36.75,-82.42
ninde,va,38.27,-77.06
nokesville,va,38.70,-77.58
nora,va,37.02,-82.35
norfolk,va,36.85,-76.29
norge,va,37.37,-76.77
north,va,37.48,-76.37
north garden,va,37.96,-78.70
north tazewell,va,37.15,-81.53
norton,va,36.94,-82.62
norwood,va,37.64,-78.81
nottoway,va,37.13,-78.08
nuttsville,va,37.79,-76.55
oak hall,va,37.93,-75.56
oakpark,va,38.37,-78.16
oakton,va,38.89,-77.32
oakwood,va,37.18,-81.99
occoquan,va,38.68,-77.26
oilville,va,37.71,-77.77
oldhams,va,38.00,-76.67
onancock,va,37.71,-75.75
onemo,va,37.40,-76.29
onley,va,37.67,-75.70
ophelia,va,37.91,-76.28
orange,va,38.23,-78.09
ordinary,va,37.32,-76.51
oriskany,va,37.62,-79.98
orkney springs,va,38.79,-78.81
orlean,va,38.75,-77.96
oyster,va,37.29,-75.92
paeonian springs,va,39.15,-77.62
paint bank,va,37.57,-80.25
painter,va,37.58,-75.81
palmyra,va,37.88,-78.30
pamplin,va,37.27,-78.65
paris,va,39.00,-77.95
parksley,va,37.77,-75.64
parrott,va,37.20,-80.62
partlow,va,38.06,-77.66
patrick springs,va,36.67,-80.14
pearisburg,va,37.30,-80.73
pembroke,va,37.33,-80.62
penhook,va,36.92,-79.66
penn laird,va,38.37,-78.80
pennington gap,va,36.75,-83.02
petersburg,va,37.22,-77.43
phenix,va,37.09,-78.79
philomont,va,39.06,-77.74
pilgrims knob,va,37.30,-81.91
pilot,va,37.06,-80.32
piney river,va,37.72,-79.02
pittsville,va,36.97,-79.48
pleasant valley,va,38.38,-78.90
pocahontas,va,37.30,-81.34
poquoson,va,37.13,-76.38
port haywood,va,37.37,-76.30
port republic,va,38.32,-78.81
port royal,va,38.16,-77.18
portsmouth,va,36.81,-76.37
pound,va,37.09,-82.60
pounding mill,va,37.06,-81.73
powhatan,va,37.56,-77.88
pratts,va,38.35,-78.27
prince george,va,37.23,-77.27
prospect,va,37.31,-78.55
providence forge,va,37.43,-77.07
pulaski,va,37.06,-80.77
pungoteague,va,37.63,-75.81
purcellville,va,39.15,-77.72
quantico,va,38.53,-77.34
quicksburg,va,38.71,-78.70
quinby,va,37.55,-75.73
quinque,va,38.25,-78.40
quinton,va,37.52,-77.15
radford,va,37.14,-80.57
radiant,va,38.32,-78.18
randolph,va,36.96,-78.70
raphine,va,37.94,-79.22
rapidan,va,38.34,-78.05
rappahannock academy,va,38.20,-77.29
raven,va,37.15,-81.89
rawlings,va,36.95,-77.82
rectortown,va,38.92,-77.86
red ash,va,37.11,-81.87
red house,va,37.19,-78.81
red oak,va,36.77,-78.63
redwood,va,37.02,-79.81
reedville,va,37.86,-76.28
remington,va,38.54,-77.76
rescue,va,37.00,-76.56
reston,va,38.96,-77.35
reva,va,38.46,-78.16
rhoadesville,va,38.29,-77.92
rice,va,37.27,-78.28
rich creek,va,37.39,-80.82
richardsville,va,38.39,-77.72
richlands,va,37.09,-81.81
richmond,va,37.45,-77.47
ridgeway,va,36.59,-79.87
rileyville,va,38.76,-78.39
riner,va,37.03,-80.44
ringgold,va,36.60,-79.30
ripplemead,va,37.37,-80.67
rixeyville,va,38.59,-78.03
roanoke,va,37.27,-79.95
rochelle,va,38.27,-78.27
rockbridge baths,va,37.90,-79.39
rockville,va,37.73,-77.70
rocky gap,va,37.24,-81.16
rocky mt,va,36.99,-79.88
rollins fork,va,38.18,-77.06
rose hill,va,36.66,-83.35
rosedale,va,36.97,-81.89
roseland,va,37.81,-78.97
round hill,va,39.13,-77.78
rowe,va,37.13,-82.03
ruby,va,38.50,-77.52
ruckersville,va,38.23,-78.39
rural retreat,va,36.88,-81.29
rustburg,va,37.25,-79.12
ruther glen,va,37.95,-77.47
ruthville,va,37.37,-77.04
st charles,va,36.83,-83.05
st paul,va,36.93,-82.34
st stephens church,va,37.91,-77.08
salem,va,37.29,-80.07
saltville,va,36.89,-81.74
saluda,va,37.59,-76.59
sandston,va,37.52,-77.28
sandy hook,va,37.75,-77.90
sandy level,va,36.99,-79.56
sandy point,va,38.06,-76.53
sanford,va,37.92,-75.70
saxe,va,36.91,-78.61
saxis,va,37.92,-75.72
schley,va,37.39,-76.46
schuyler,va,37.80,-78.69
scottsburg,va,36.79,-78.79
scottsville,va,37.80,-78.47
seaford,va,37.19,-76.43
sealston,va,38.26,-77.33
seaview,va,37.26,-75.95
sedley,va,36.79,-77.01
selma,va,37.81,-79.85
severn,va,37.29,-76.42
shacklefords,va,37.57,-76.73
sharps,va,37.82,-76.70
shawsville,va,37.15,-80.27
shenandoah,va,38.50,-78.61
shipman,va,37.75,-78.82
shortt gap,va,37.16,-81.87
singers glen,va,38.55,-78.91
skippers,va,36.58,-77.54
skipwith,va,36.73,-78.53
smithfield,va,36.98,-76.64
somerset,va,38.20,-78.25
somerville,va,38.52,-77.61
south boston,va,36.70,-78.92
south hill,va,36.71,-78.15
sparta,va,37.99,-77.23
speedwell,va,36.80,-81.18
spencer,va,36.60,-80.04
sperryville,va,38.62,-78.25
spotsylvania,va,38.20,-77.65
spout spring,va,37.36,-78.91
spring grove,va,37.19,-76.99
springfield,va,38.78,-77.19
stafford,va,38.46,-77.43
staffordsville,va,37.25,-80.74
stanardsville,va,38.30,-78.47
stanley,va,38.57,-78.51
stanleytown,va,36.73,-79.94
star tannery,va,39.09,-78.43
state farm,va,37.65,-77.83
staunton,va,38.15,-79.08
steeles tavern,va,37.93,-79.20
stephens city,va,39.08,-78.19
stephenson,va,39.20,-78.09
sterling,va,39.01,-77.43
stevensburg,va,38.44,-77.88
stevensville,va,37.71,-76.94
stony creek,va,36.94,-77.44
strasburg,va,39.06,-78.36
stratford,va,38.12,-76.81
stuart,va,36.65,-80.24
stuarts draft,va,38.01,-79.03
studley,va,37.68,-77.29
suffolk,va,36.87,-76.56
sugar grove,va,36.77,-81.41
sumerduck,va,38.47,-77.70
surry,va,37.13,-76.77
susan,va,37.36,-76.32
sussex,va,36.91,-77.28
sutherland,va,37.19,-77.57
sutherlin,va,36.63,-79.19
sweet briar,va,37.55,-79.07
swoope,va,38.16,-79.19
swords creek,va,37.07,-81.91
syria,va,38.50,-78.32
tangier,va,37.82,-75.99
tannersville,va,36.98,-81.63
tappahannock,va,37.91,-76.91
tasley,va,37.71,-75.70
tazewell,va,37.11,-81.51
temperanceville,va,37.90,-75.55
thaxton,va,37.36,-79.65
the plains,va,38.86,-77.77
thornburg,va,38.13,-77.52
timberville,va,38.65,-78.77
toano,va,37.39,-76.83
toms brook,va,38.97,-78.40
topping,va,37.60,-76.45
townsend,va,37.18,-75.96
trevilians,va,38.05,-78.07
triangle,va,38.55,-77.32
troutdale,va,36.69,-81.44
troutville,va,37.40,-79.88
troy,va,37.96,-78.25
tyro,va,37.82,-79.00
union hall,va,37.01,-79.69
unionville,va,38.24,-77.92
university of richmond,va,37.57,-77.54
upperville,va,39.00,-77.87
urbanna,va,37.66,-76.61
valentines,va,36.57,-77.84
vansant,va,37.17,-82.13
vernon hill,va,36.79,-79.11
verona,va,38.20,-79.01
vesta,va,36.72,-80.36
vesuvius,va,37.84,-79.21
victoria,va,36.98,-78.24
vienna,va,38.89,-77.25
viewtown,va,38.65,-78.03
village,va,37.95,-76.60
villamont,va,37.40,-79.78
vinton,va,37.27,-79.84
virgilina,va,36.61,-78.76
virginia beach,va,36.85,-75.98
wachapreague,va,37.60,-75.69
wake,va,37.57,-76.43
wakefield,va,36.98,-76.98
walkerton,va,37.76,-77.02
wallops island,va,37.83,-75.51
wardtown,va,37.53,-75.88
ware neck,va,37.40,-76.46
warfield,va,36.90,-77.77
warm springs,va,38.09,-79.81
warrenton,va,38.71,-77.82
warsaw,va,37.95,-76.74
washington,va,38.71,-78.16
water view,va,37.71,-76.62
waterford,va,39.19,-77.61
wattsville,va,37.93,-75.50
waverly,va,37.03,-77.11
waynesboro,va,38.08,-78.90
weber city,va,36.62,-82.55
weems,va,37.68,-76.43
west augusta,va,38.27,-79.32
west mclean,va,38.93,-77.24
west point,va,37.56,-76.82
weyers cave,va,38.29,-78.92
white hall,va,38.12,-78.66
white marsh,va,37.34,-76.52
white plains,va,36.63,-77.96
white post,va,39.06,-78.11
white stone,va,37.65,-76.37
whitetop,va,36.61,-81.58
whitewood,va,37.26,-81.89
wicomico,va,37.29,-76.51
wicomico church,va,37.78,-76.36
williamsburg,va,37.26,-76.70
williamsville,va,38.18,-79.65
willis,va,36.87,-80.49
willis wharf,va,37.52,-75.81
wilsons,va,37.12,-77.84
winchester,va,39.16,-78.23
windsor,va,36.84,-76.73
wingina,va,37.64,-78.76
wirtz,va,37.08,-79.76
wise,va,36.98,-82.59
withams,va,37.95,-75.58
wolford,va,37.36,-81.99
wolftown,va,38.36,-78.35
woodberry forest,va,38.21,-78.05
woodbridge,va,38.64,-77.27
woodford,va,38.08,-77.44
woodlawn,va,36.79,-80.88
woods cross roads,va,37.44,-76.55
woodstock,va,38.89,-78.52
woodville,va,38.65,-78.17
woolwine,va,36.79,-80.28
wylliesburg,va,36.84,-78.61
wytheville,va,36.94,-81.09
yale,va,36.84,-77.29
yorktown,va,37.23,-76.54
zacata,va,38.12,-76.78
zuni,va,36.84,-76.81
adamant,vt,44.36,-72.50
albany,vt,44.73,-72.34
alburgh,vt,44.97,-73.28
arlington,vt,43.09,-73.16
ascutney,vt,43.41,-72.41
averill,vt,44.99,-71.70
bakersfield,vt,44.79,-72.80
barnard,vt,43.73,-72.62
barnet,vt,44.32,-72.08
barre,vt,44.19,-72.49
barton,vt,44.74,-72.16
beebe plain,vt,45.01,-72.14
beecher falls,vt,45.01,-71.52
bellows falls,vt,43.15,-72.47
belmont,vt,43.43,-72.83
belvidere center,vt,44.75,-72.69
bennington,vt,42.88,-73.19
benson,vt,43.59,-73.27
bethel,vt,43.82,-72.65
bomoseen,vt,43.62,-73.21
bondville,vt,43.16,-72.91
bradford,vt,44.00,-72.14
brandon,vt,43.81,-73.09
brattleboro,vt,42.86,-72.59
bridgewater,vt,43.58,-72.65
bridgewater corners,vt,43.60,-72.68
bridport,vt,43.95,-73.35
bristol,vt,44.15,-73.07
brookfield,vt,44.03,-72.60
brownsville,vt,43.46,-72.49
burlington,vt,44.48,-73.22
cabot,vt,44.40,-72.31
calais,vt,44.39,-72.47
cambridge,vt,44.65,-72.87
cambridgeport,vt,43.15,-72.57
canaan,vt,44.98,-71.56
castleton,vt,43.62,-73.17
cavendish,vt,43.38,-72.61
center rutland,vt,43.60,-73.02
charlotte,vt,44.31,-73.23
chelsea,vt,44.00,-72.48
chester,vt,43.28,-72.60
chester depot,vt,43.26,-72.60
chittenden,vt,43.70,-72.94
colchester,vt,44.55,-73.19
concord,vt,44.45,-71.87
corinth,vt,44.03,-72.28
coventry,vt,44.88,-72.25
craftsbury,vt,44.64,-72.37
craftsbury common,vt,44.65,-72.41
cuttingsville,vt,43.52,-72.87
danby,vt,43.36,-73.01
danville,vt,44.43,-72.11
derby,vt,44.95,-72.14
derby line,vt,44.99,-72.08
dorset,vt,43.26,-73.08
east arlington,vt,43.06,-73.14
east barre,vt,44.16,-72.45
east berkshire,vt,44.93,-72.71
east burke,vt,44.61,-71.94
east calais,vt,44.36,-72.44
east charleston,vt,44.83,-71.98
east corinth,vt,44.06,-72.22
east dorset,vt,43.24,-73.01
east dover,vt,42.95,-72.78
east fairfield,vt,44.80,-72.91
east hardwick,vt,44.53,-72.30
east haven,vt,44.65,-71.87
east middlebury,vt,43.97,-73.11
east montpelier,vt,44.28,-72.49
east poultney,vt,43.53,-73.20
east randolph,vt,43.96,-72.55
east ryegate,vt,44.19,-72.07
east st johnsbury,vt,44.44,-71.95
east thetford,vt,43.83,-72.20
east wallingford,vt,43.45,-72.88
eden,vt,44.73,-72.59
eden mills,vt,44.69,-72.51
enosburg falls,vt,44.90,-72.79
essex,vt,44.49,-73.11
essex junction,vt,44.50,-73.09
fair haven,vt,43.62,-73.27
fairfax,vt,44.69,-73.02
fairfield,vt,44.78,-73.02
fairlee,vt,43.90,-72.19
ferrisburgh,vt,44.21,-73.26
florence,vt,43.71,-73.08
forest dale,vt,43.83,-73.05
franklin,vt,44.96,-72.90
gaysville,vt,43.75,-72.73
gilman,vt,44.41,-71.72
glover,vt,44.72,-72.20
grafton,vt,43.16,-72.60
granby,vt,44.57,-71.76
grand isle,vt,44.72,-73.31
graniteville,vt,44.16,-72.48
granville,vt,43.98,-72.82
greensboro,vt,44.60,-72.29
greensboro bend,vt,44.55,-72.25
groton,vt,44.22,-72.22
guildhall,vt,44.69,-71.60
hancock,vt,43.91,-72.91
hardwick,vt,44.51,-72.36
hartford,vt,43.66,-72.34
hartland,vt,43.57,-72.41
hartland four corners,vt,43.55,-72.42
highgate center,vt,44.94,-73.02
highgate springs,vt,44.98,-73.11
hinesburg,vt,44.33,-73.10
huntington,vt,44.32,-73.00
hyde park,vt,44.62,-72.59
hydeville,vt,43.61,-73.23
irasburg,vt,44.81,-72.28
island pond,vt,44.81,-71.88
isle la motte,vt,44.87,-73.34
jacksonville,vt,42.78,-72.81
jamaica,vt,43.10,-72.79
jeffersonville,vt,44.66,-72.78
jericho,vt,44.48,-72.98
johnson,vt,44.64,-72.67
jonesville,vt,44.38,-72.94
killington,vt,43.66,-72.80
lake elmore,vt,44.56,-72.60
londonderry,vt,43.22,-72.80
lowell,vt,44.80,-72.45
lower waterford,vt,44.35,-71.91
ludlow,vt,43.39,-72.70
lunenburg,vt,44.47,-71.69
lyndon,vt,44.51,-72.01
lyndon center,vt,44.55,-72.03
lyndonville,vt,44.54,-72.01
manchester,vt,43.16,-73.07
manchester center,vt,43.18,-73.05
marlboro,vt,42.86,-72.73
marshfield,vt,44.32,-72.37
mc indoe falls,vt,44.26,-72.06
middlebury,vt,44.01,-73.17
middletown springs,vt,43.48,-73.11
milton,vt,44.65,-73.13
monkton,vt,44.23,-73.13
montgomery,vt,44.90,-72.64
montgomery center,vt,44.87,-72.60
montpelier,vt,44.26,-72.57
moretown,vt,44.26,-72.75
morgan,vt,44.91,-71.99
morrisville,vt,44.55,-72.60
moscow,vt,44.44,-72.72
mt holly,vt,43.45,-72.80
new haven,vt,44.11,-73.17
newbury,vt,44.10,-72.11
newfane,vt,42.97,-72.68
newport,vt,44.94,-72.21
newport center,vt,44.94,-72.30
north bennington,vt,42.92,-73.24
north clarendon,vt,43.55,-72.96
north concord,vt,44.55,-71.79
north ferrisburgh,vt,44.25,-73.20
north hartland,vt,43.60,-72.35
north hero,vt,44.83,-73.28
north hyde park,vt,44.67,-72.60
north montpelier,vt,44.26,-72.48
north pomfret,vt,43.72,-72.49
north pownal,vt,42.81,-73.25
north springfield,vt,43.34,-72.53
north thetford,vt,43.84,-72.19
north troy,vt,44.96,-72.46
northfield,vt,44.15,-72.66
northfield falls,vt,44.17,-72.65
norton,vt,44.99,-71.79
norwich,vt,43.74,-72.30
orleans,vt,44.81,-72.17
orwell,vt,43.78,-73.29
passumpsic,vt,44.38,-72.03
pawlet,vt,43.36,-73.14
peacham,vt,44.34,-72.18
perkinsville,vt,43.39,-72.50
peru,vt,43.26,-72.89
pittsfield,vt,43.75,-72.85
pittsford,vt,43.72,-73.01
plainfield,vt,44.26,-72.42
plymouth,vt,43.50,-72.71
post mills,vt,43.89,-72.26
poultney,vt,43.53,-73.23
pownal,vt,42.79,-73.22
proctor,vt,43.66,-73.03
proctorsville,vt,43.40,-72.62
putney,vt,43.04,-72.51
quechee,vt,43.65,-72.42
randolph,vt,43.94,-72.67
randolph center,vt,43.94,-72.60
reading,vt,43.48,-72.57
readsboro,vt,42.78,-72.96
richford,vt,44.97,-72.69
richmond,vt,44.40,-72.99
ripton,vt,43.99,-73.02
rochester,vt,43.88,-72.82
roxbury,vt,44.08,-72.72
rupert,vt,43.26,-73.22
rutland,vt,43.61,-72.97
st albans,vt,44.81,-73.09
st albans bay,vt,44.81,-73.14
st johnsbury,vt,44.43,-72.01
st johnsbury center,vt,44.46,-72.02
salisbury,vt,43.90,-73.10
saxtons river,vt,43.14,-72.51
shaftsbury,vt,42.96,-73.22
sharon,vt,43.77,-72.42
sheffield,vt,44.62,-72.12
shelburne,vt,44.39,-73.22
sheldon,vt,44.89,-72.95
sheldon springs,vt,44.91,-72.98
shoreham,vt,43.89,-73.31
south barre,vt,44.18,-72.51
south burlington,vt,44.45,-73.18
south hero,vt,44.64,-73.31
south londonderry,vt,43.18,-72.81
south newfane,vt,42.94,-72.71
south pomfret,vt,43.68,-72.53
south royalton,vt,43.81,-72.52
south ryegate,vt,44.21,-72.13
south strafford,vt,43.83,-72.37
south woodstock,vt,43.56,-72.54
springfield,vt,43.30,-72.48
stamford,vt,42.77,-73.07
starksboro,vt,44.23,-73.02
stockbridge,vt,43.77,-72.78
stowe,vt,44.47,-72.69
strafford,vt,43.87,-72.36
sutton,vt,44.65,-72.02
swanton,vt,44.92,-73.12
taftsville,vt,43.63,-72.47
thetford,vt,43.82,-72.25
thetford center,vt,43.81,-72.27
topsham,vt,44.06,-72.22
townshend,vt,43.06,-72.67
troy,vt,44.96,-72.39
tunbridge,vt,43.92,-72.48
underhill,vt,44.54,-72.93
underhill center,vt,44.51,-72.90
vergennes,vt,44.13,-73.28
vernon,vt,42.76,-72.51
vershire,vt,43.96,-72.32
waitsfield,vt,44.19,-72.83
wallingford,vt,43.46,-72.99
wardsboro,vt,43.03,-72.81
warren,vt,44.11,-72.85
washington,vt,44.09,-72.43
waterbury,vt,44.34,-72.76
waterbury center,vt,44.38,-72.71
waterville,vt,44.71,-72.76
websterville,vt,44.16,-72.47
wells,vt,43.43,-73.20
wells river,vt,44.15,-72.05
west burke,vt,44.66,-71.96
west charleston,vt,44.87,-72.05
west danville,vt,44.45,-72.22
west dover,vt,42.96,-72.85
west dummerston,vt,42.93,-72.62
west fairlee,vt,43.92,-72.26
west glover,vt,44.70,-72.26
west halifax,vt,42.78,-72.75
west hartford,vt,43.72,-72.44
west newbury,vt,44.06,-72.13
west pawlet,vt,43.37,-73.23
west rupert,vt,43.26,-73.20
west rutland,vt,43.58,-73.04
west topsham,vt,44.12,-72.27
west townshend,vt,43.13,-72.72
west wardsboro,vt,43.05,-72.88
westfield,vt,44.88,-72.44
westford,vt,44.62,-73.01
westminster,vt,43.07,-72.46
westminster station,vt,43.09,-72.44
weston,vt,43.29,-72.79
white river junction,vt,43.66,-72.35
whiting,vt,43.87,-73.21
whitingham,vt,42.79,-72.86
wilder,vt,43.67,-72.31
williamstown,vt,44.12,-72.54
williamsville,vt,42.95,-72.66
williston,vt,44.44,-73.10
wilmington,vt,42.88,-72.86
windsor,vt,43.48,-72.41
winooski,vt,44.49,-73.19
wolcott,vt,44.56,-72.48
woodbury,vt,44.43,-72.42
woodstock,vt,43.62,-72.54
worcester,vt,44.39,-72.56
aberdeen,wa,46.98,-123.80
acme,wa,48.68,-122.19
addy,wa,48.45,-117.89
adna,wa,46.63,-123.06
airway heights,wa,47.64,-117.59
albion,wa,46.79,-117.25
allyn,wa,47.39,-122.85
almira,wa,47.76,-118.91
amanda park,wa,47.47,-123.91
amboy,wa,45.92,-122.46
anacortes,wa,48.50,-122.63
anatone,wa,46.13,-117.09
anderson island,wa,47.16,-122.70
appleton,wa,45.91,-121.15
ardenvoir,wa,47.74,-120.37
ariel,wa,46.00,-122.47
arlington,wa,48.18,-122.11
ashford,wa,46.75,-121.99
asotin,wa,46.13,-117.00
auburn,wa,47.32,-122.27
bainbridge island,wa,47.65,-122.53
baring,wa,47.76,-121.45
battle ground,wa,45.79,-122.53
bay center,wa,46.63,-123.95
beaver,wa,48.07,-124.31
belfair,wa,47.45,-122.82
bellevue,wa,47.62,-122.21
bellingham,wa,48.75,-122.49
belmont,wa,47.09,-117.16
benge,wa,46.87,-117.97
benton city,wa,46.28,-119.49
beverly,wa,46.85,-119.91
bickleton,wa,45.96,-120.10
bingen,wa,45.63,-121.18
black diamond,wa,47.31,-122.01
blaine,wa,48.96,-122.73
blakely island,wa,48.51,-122.61
bonney lake,wa,47.18,-122.17
bothell,wa,47.75,-122.22
bow,wa,48.56,-122.41
boyds,wa,48.69,-118.20
bremerton,wa,47.60,-122.63
brewster,wa,48.12,-119.77
bridgeport,wa,48.02,-119.70
brinnon,wa,47.68,-122.94
brownstown,wa,46.40,-120.61
brush prairie,wa,45.73,-122.48
buckley,wa,47.15,-122.06
bucoda,wa,46.80,-122.87
buena,wa,46.43,-120.31
burbank,wa,46.20,-119.01
burley,wa,47.42,-122.63
burlington,wa,48.48,-122.33
burton,wa,47.39,-122.46
camano island,wa,48.19,-122.51
camas,wa,45.61,-122.41
camp murray,wa,47.12,-122.57
carbonado,wa,47.08,-122.05
carlsborg,wa,48.09,-123.17
carlton,wa,48.25,-120.11
carnation,wa,47.64,-121.91
carrolls,wa,46.07,-122.86
carson,wa,45.75,-121.84
cashmere,wa,47.52,-120.50
castle rock,wa,46.28,-122.91
cathlamet,wa,46.20,-123.36
centerville,wa,45.70,-120.95
centralia,wa,46.72,-122.97
chattaroy,wa,47.92,-117.29
chehalis,wa,46.64,-122.97
chelan,wa,47.85,-120.03
chelan falls,wa,47.80,-119.98
cheney,wa,47.49,-117.58
chewelah,wa,48.29,-117.78
chimacum,wa,47.99,-122.79
chinook,wa,46.27,-123.94
cinebar,wa,46.57,-122.57
clallam bay,wa,48.23,-124.20
clarkston,wa,46.39,-117.06
clayton,wa,47.96,-117.57
cle elum,wa,47.21,-120.97
clearlake,wa,48.46,-122.23
clinton,wa,47.95,-122.39
colbert,wa,47.84,-117.38
colfax,wa,46.88,-117.37
college place,wa,46.05,-118.39
colton,wa,46.59,-117.17
colville,wa,48.58,-117.86
conconully,wa,48.56,-119.75
concrete,wa,48.53,-121.66
connell,wa,46.66,-118.85
conway,wa,48.34,-122.34
copalis beach,wa,47.07,-124.14
copalis crossing,wa,47.13,-124.13
cosmopolis,wa,46.95,-123.77
cougar,wa,46.07,-122.29
coulee city,wa,47.60,-119.28
coulee dam,wa,48.17,-119.18
coupeville,wa,48.22,-122.68
cowiche,wa,46.67,-120.71
creston,wa,47.80,-118.53
curlew,wa,48.91,-118.65
curtis,wa,46.56,-123.16
cusick,wa,48.39,-117.33
custer,wa,48.94,-122.62
dallesport,wa,45.62,-121.18
danville,wa,48.97,-118.49
darrington,wa,48.25,-121.59
davenport,wa,47.68,-118.17
dayton,wa,46.31,-117.97
deer harbor,wa,48.62,-123.00
deer park,wa,47.95,-117.44
deming,wa,48.80,-122.15
dixie,wa,46.14,-118.15
doty,wa,46.63,-123.28
dryden,wa,47.54,-120.56
dupont,wa,47.10,-122.63
duvall,wa,47.72,-121.94
east olympia,wa,46.97,-122.83
east wenatchee,wa,47.42,-120.27
easton,wa,47.24,-121.18
eastsound,wa,48.67,-122.94
eatonville,wa,46.87,-122.27
edmonds,wa,47.80,-122.37
edwall,wa,47.54,-117.91
elbe,wa,46.77,-122.15
electric city,wa,47.93,-119.04
elk,wa,48.02,-117.30
ellensburg,wa,47.00,-120.52
elma,wa,47.01,-123.40
elmer city,wa,48.00,-118.95
eltopia,wa,46.47,-119.10
endicott,wa,46.94,-117.72
entiat,wa,47.71,-120.28
enumclaw,wa,47.27,-122.03
ephrata,wa,47.28,-119.53
ethel,wa,46.54,-122.78
evans,wa,48.75,-118.00
everett,wa,47.99,-122.20
everson,wa,48.90,-122.33
fairchild air force base,wa,47.61,-117.64
fairfield,wa,47.40,-117.19
fall city,wa,47.57,-121.89
farmington,wa,47.08,-117.08
federal way,wa,47.32,-122.31
ferndale,wa,48.86,-122.60
ford,wa,47.92,-117.81
forks,wa,47.93,-124.40
four lakes,wa,47.56,-117.59
fox island,wa,47.25,-122.63
freeland,wa,48.03,-122.56
friday harbor,wa,48.55,-123.09
fruitland,wa,47.98,-118.22
galvin,wa,46.74,-123.03
garfield,wa,46.99,-117.15
george,wa,47.08,-119.85
gifford,wa,48.22,-118.13
gig harbor,wa,47.38,-122.70
glenoma,wa,46.53,-122.10
glenwood,wa,46.01,-121.29
gold bar,wa,47.86,-121.70
goldendale,wa,45.83,-120.81
goose prairie,wa,46.73,-120.70
graham,wa,47.02,-122.29
grand coulee,wa,47.94,-119.00
grandview,wa,46.25,-119.92
granger,wa,46.35,-120.18
granite falls,wa,48.08,-121.94
grapeview,wa,47.31,-122.95
grayland,wa,46.85,-124.06
grays river,wa,46.35,-123.59
greenacres,wa,47.66,-117.16
greenbank,wa,48.12,-122.59
hamilton,wa,48.52,-121.99
hansville,wa,47.91,-122.57
harrah,wa,46.41,-120.57
harrington,wa,47.46,-118.28
hartline,wa,47.73,-119.10
hay,wa,46.68,-117.91
heisson,wa,45.83,-122.49
hobart,wa,47.42,-121.97
hoodsport,wa,47.42,-123.17
hooper,wa,46.75,-118.15
hoquiam,wa,46.98,-123.88
humptulips,wa,47.14,-123.97
hunters,wa,48.13,-118.15
husum,wa,45.80,-121.49
ilwaco,wa,46.31,-124.03
inchelium,wa,48.29,-118.36
index,wa,47.82,-121.55
indianola,wa,47.75,-122.52
ione,wa,48.71,-117.40
issaquah,wa,47.55,-122.03
joyce,wa,48.14,-123.73
kahlotus,wa,46.64,-118.56
kalama,wa,46.01,-122.82
kapowsin,wa,46.99,-122.22
keller,wa,48.02,-118.65
kelso,wa,46.15,-122.89
kenmore,wa,47.76,-122.24
kennewick,wa,46.21,-119.17
kent,wa,47.37,-122.19
kettle falls,wa,48.64,-118.05
keyport,wa,47.70,-122.62
kingston,wa,47.81,-122.53
kirkland,wa,47.68,-122.19
kittitas,wa,46.98,-120.42
klickitat,wa,45.75,-121.23
la center,wa,45.88,-122.62
la conner,wa,48.41,-122.53
la grande,wa,46.83,-122.32
la push,wa,47.91,-124.64
lacey,wa,47.02,-122.78
lacrosse,wa,46.77,-117.77
lake stevens,wa,48.02,-122.07
lakebay,wa,47.25,-122.74
lakewood,wa,47.12,-122.53
lamona,wa,47.36,-118.48
lamont,wa,47.17,-117.83
langley,wa,48.02,-122.45
latah,wa,47.30,-117.17
laurier,wa,49.00,-118.22
leavenworth,wa,47.64,-120.67
lebam,wa,46.56,-123.55
liberty lake,wa,47.65,-117.08
lilliwaup,wa,47.51,-123.06
lincoln,wa,47.78,-118.48
lind,wa,46.96,-118.71
littlerock,wa,46.90,-123.02
long beach,wa,46.38,-124.05
longbranch,wa,47.20,-122.76
longmire,wa,46.75,-121.81
longview,wa,46.15,-122.96
loomis,wa,48.87,-119.64
loon lake,wa,48.08,-117.63
lopez island,wa,48.52,-122.97
lummi island,wa,48.71,-122.68
lyle,wa,45.74,-121.25
lyman,wa,48.53,-122.02
lynden,wa,48.94,-122.46
lynnwood,wa,47.81,-122.29
mabton,wa,46.21,-120.02
malaga,wa,47.36,-120.21
malden,wa,47.23,-117.47
malo,wa,48.82,-118.62
malone,wa,46.96,-123.33
malott,wa,48.28,-119.71
manchester,wa,47.56,-122.54
mansfield,wa,47.90,-119.41
manson,wa,47.90,-120.15
maple falls,wa,48.92,-122.08
maple valley,wa,47.38,-122.06
marblemount,wa,48.53,-121.45
marcus,wa,48.66,-118.07
marlin,wa,47.32,-119.09
marshall,wa,47.56,-117.50
marysville,wa,48.07,-122.16
matlock,wa,47.18,-123.34
mattawa,wa,46.68,-119.92
mazama,wa,48.60,-120.39
mcchord afb,wa,47.13,-122.52
mccleary,wa,47.05,-123.27
mckenna,wa,46.94,-122.55
mead,wa,47.79,-117.31
medical lake,wa,47.58,-117.68
medina,wa,47.62,-122.23
menlo,wa,46.62,-123.65
mercer island,wa,47.56,-122.23
mesa,wa,46.58,-119.14
metaline,wa,48.85,-117.39
metaline falls,wa,48.86,-117.36
methow,wa,48.09,-120.01
mica,wa,47.55,-117.16
mill creek,wa,47.86,-122.20
milton,wa,47.25,-122.32
mineral,wa,46.71,-122.19
moclips,wa,47.22,-124.20
mohler,wa,47.48,-118.25
monitor,wa,47.49,-120.42
monroe,wa,47.86,-121.95
montesano,wa,47.09,-123.50
morton,wa,46.56,-122.25
moses lake,wa,47.14,-119.29
mossyrock,wa,46.51,-122.48
mt vernon,wa,48.42,-122.33
mountlake terrace,wa,47.79,-122.30
moxee,wa,46.55,-120.37
mukilteo,wa,47.92,-122.30
naches,wa,46.74,-120.83
nahcotta,wa,46.50,-124.03
napavine,wa,46.57,-122.91
naselle,wa,46.35,-123.80
neah bay,wa,48.37,-124.62
neilton,wa,47.41,-123.88
nespelem,wa,48.17,-118.97
newman lake,wa,47.73,-117.06
newport,wa,48.17,-117.15
nine mile falls,wa,47.80,-117.59
nooksack,wa,48.93,-122.32
nordland,wa,48.04,-122.69
north bend,wa,47.48,-121.76
north bonneville,wa,45.64,-121.97
north lakewood,wa,48.15,-122.21
northport,wa,48.92,-117.79
oak harbor,wa,48.32,-122.64
oakesdale,wa,47.08,-117.28
oakville,wa,46.84,-123.25
ocean park,wa,46.50,-124.04
ocean shores,wa,46.98,-124.15
odessa,wa,47.34,-118.70
okanogan,wa,48.35,-119.60
olalla,wa,47.42,-122.57
olga,wa,48.66,-122.84
olympia,wa,47.01,-122.88
omak,wa,48.41,-119.53
onalaska,wa,46.57,-122.71
orcas,wa,48.60,-122.94
orient,wa,48.87,-118.20
orondo,wa,47.70,-120.17
oroville,wa,48.94,-119.40
orting,wa,47.08,-122.19
othello,wa,46.79,-119.32
otis orchards,wa,47.70,-117.11
outlook,wa,46.35,-120.10
oysterville,wa,46.55,-124.03
pacific,wa,47.27,-122.24
pacific beach,wa,47.20,-124.16
packwood,wa,46.65,-121.66
palisades,wa,47.47,-119.80
palouse,wa,46.91,-117.09
paradise inn,wa,46.72,-121.67
parker,wa,46.50,-120.46
pasco,wa,46.25,-119.10
pateros,wa,48.06,-119.91
paterson,wa,45.99,-119.76
pe ell,wa,46.57,-123.29
peshastin,wa,47.58,-120.61
plymouth,wa,46.04,-119.50
point roberts,wa,48.99,-123.06
pomeroy,wa,46.47,-117.60
port angeles,wa,48.11,-123.44
port gamble,wa,47.85,-122.58
port hadlock,wa,48.03,-122.77
port ludlow,wa,47.92,-122.69
port orchard,wa,47.50,-122.62
port townsend,wa,48.10,-122.79
poulsbo,wa,47.74,-122.63
prescott,wa,46.35,-118.41
preston,wa,47.52,-121.93
prosser,wa,46.22,-119.77
pullman,wa,46.74,-117.17
puyallup,wa,47.20,-122.32
quilcene,wa,47.83,-122.86
quinault,wa,47.45,-123.80
quincy,wa,47.20,-119.85
rainier,wa,46.88,-122.68
randle,wa,46.55,-121.86
ravensdale,wa,47.42,-121.99
raymond,wa,46.67,-123.69
reardan,wa,47.71,-117.87
redmond,wa,47.67,-122.12
redondo,wa,47.35,-122.32
renton,wa,47.46,-122.21
republic,wa,48.67,-118.70
retsil,wa,47.55,-122.61
rice,wa,48.41,-118.12
richland,wa,46.28,-119.29
ridgefield,wa,45.78,-122.69
ritzville,wa,47.13,-118.40
riverside,wa,48.49,-119.58
rochester,wa,46.82,-123.04
rock island,wa,47.37,-120.14
rockford,wa,47.45,-117.13
rockport,wa,48.47,-121.56
rollingbay,wa,47.66,-122.51
ronald,wa,47.24,-121.02
roosevelt,wa,45.83,-120.36
rosalia,wa,47.22,-117.41
rosburg,wa,46.31,-123.66
roslyn,wa,47.22,-120.99
roy,wa,46.96,-122.45
royal city,wa,46.92,-119.58
ryderwood,wa,46.38,-123.04
st john,wa,47.08,-117.57
salkum,wa,46.52,-122.65
sammamish,wa,47.62,-122.04
satsop,wa,47.00,-123.48
seabeck,wa,47.63,-122.82
seahurst,wa,47.47,-122.36
seattle,wa,47.61,-122.33
seaview,wa,46.33,-124.05
sedro woolley,wa,48.53,-122.23
sekiu,wa,48.30,-124.47
selah,wa,46.68,-120.54
sequim,wa,48.09,-123.12
shaw island,wa,48.58,-122.93
shelton,wa,47.21,-123.07
silvana,wa,48.20,-122.25
silver creek,wa,46.55,-122.48
silverdale,wa,47.69,-122.72
silverlake,wa,46.32,-122.76
skamokawa,wa,46.30,-123.43
skykomish,wa,47.69,-121.37
snohomish,wa,47.90,-122.07
snoqualmie,wa,47.53,-121.82
snoqualmie pass,wa,47.41,-121.41
soap lake,wa,47.38,-119.49
south bend,wa,46.65,-123.82
south cle elum,wa,47.19,-120.95
south colby,wa,47.52,-122.54
south prairie,wa,47.14,-122.10
southworth,wa,47.51,-122.50
spanaway,wa,47.07,-122.39
spangle,wa,47.43,-117.38
spokane,wa,47.67,-117.44
sprague,wa,47.32,-117.99
springdale,wa,47.99,-117.87
stanwood,wa,48.20,-122.38
starbuck,wa,46.52,-118.13
startup,wa,47.87,-121.74
stehekin,wa,48.30,-120.76
steilacoom,wa,47.17,-122.59
steptoe,wa,47.01,-117.36
stevenson,wa,45.69,-121.91
stratford,wa,47.43,-119.28
sultan,wa,47.86,-121.74
sumas,wa,48.97,-122.21
sumner,wa,47.20,-122.24
sunnyside,wa,46.32,-120.01
suquamish,wa,47.73,-122.56
tacoma,wa,47.28,-122.76
taholah,wa,47.34,-124.28
tahuya,wa,47.44,-122.92
tekoa,wa,47.23,-117.08
tenino,wa,46.86,-122.85
thornton,wa,47.13,-117.39
thorp,wa,47.02,-120.68
tieton,wa,46.71,-120.75
tokeland,wa,46.75,-124.05
toledo,wa,46.44,-122.83
tonasket,wa,48.72,-119.39
toppenish,wa,46.38,-120.33
touchet,wa,46.05,-118.66
toutle,wa,46.30,-122.65
tracyton,wa,47.61,-122.65
trout lake,wa,45.98,-121.52
tumtum,wa,47.90,-117.70
tumwater,wa,46.95,-123.03
twisp,wa,48.36,-120.14
underwood,wa,45.74,-121.60
union,wa,47.35,-123.03
uniontown,wa,46.53,-117.09
university place,wa,47.21,-122.53
usk,wa,48.30,-117.32
vader,wa,46.40,-122.96
valley,wa,48.14,-117.76
valleyford,wa,47.53,-117.27
vancouver,wa,45.64,-122.68
vantage,wa,47.00,-120.55
vashon,wa,47.43,-122.46
vaughn,wa,47.33,-122.77
veradale,wa,47.64,-117.20
wahkiacus,wa,45.82,-121.15
waitsburg,wa,46.27,-118.14
waldron,wa,48.69,-123.04
walla walla,wa,46.06,-118.33
wallula,wa,46.09,-118.90
wapato,wa,46.45,-120.43
warden,wa,46.98,-119.05
washougal,wa,45.60,-122.31
washtucna,wa,46.82,-118.29
waterville,wa,47.63,-119.99
wauconda,wa,48.82,-118.95
wauna,wa,47.38,-122.64
waverly,wa,47.34,-117.23
wellpinit,wa,47.87,-117.99
wenatchee,wa,47.43,-120.33
west richland,wa,46.30,-119.36
westport,wa,46.88,-124.11
white salmon,wa,45.76,-121.48
white swan,wa,46.37,-120.75
wilbur,wa,47.74,-118.71
wilkeson,wa,47.11,-122.04
wilson creek,wa,47.42,-119.12
winlock,wa,46.49,-122.92
winthrop,wa,48.48,-120.18
wishram,wa,45.66,-120.97
woodinville,wa,47.77,-122.13
woodland,wa,45.92,-122.71
yacolt,wa,45.86,-122.43
yakima,wa,46.61,-120.48
yelm,wa,46.92,-122.59
zillah,wa,46.42,-120.27
abbotsford,wi,44.96,-90.30
abrams,wi,44.79,-88.06
adams,wi,43.90,-89.82
adell,wi,43.62,-88.03
afton,wi,42.60,-89.07
albany,wi,42.72,-89.44
algoma,wi,44.61,-87.46
allenton,wi,43.47,-88.35
alma,wi,44.43,-91.81
alma center,wi,44.45,-90.94
almena,wi,45.42,-92.00
almond,wi,44.29,-89.36
altoona,wi,44.80,-91.44
amberg,wi,45.50,-87.96
amery,wi,45.33,-92.36
amherst,wi,44.42,-89.30
amherst junction,wi,44.51,-89.30
aniwa,wi,45.01,-89.27
antigo,wi,45.13,-89.14
appleton,wi,44.28,-88.40
arcadia,wi,44.25,-91.48
arena,wi,43.15,-89.94
argonne,wi,45.66,-88.89
argyle,wi,42.70,-89.86
arkansaw,wi,44.63,-92.06
arkdale,wi,44.05,-89.90
arlington,wi,43.33,-89.36
armstrong creek,wi,45.67,-88.49
arpin,wi,44.54,-90.04
ashippun,wi,43.21,-88.52
ashland,wi,46.58,-90.88
athelstane,wi,45.42,-88.18
athens,wi,45.03,-90.06
auburndale,wi,44.64,-90.01
augusta,wi,44.69,-91.12
avalon,wi,42.66,-88.84
avoca,wi,43.16,-90.29
babcock,wi,44.30,-90.10
bagley,wi,42.92,-91.07
baileys harbor,wi,45.06,-87.17
baldwin,wi,44.97,-92.37
balsam lake,wi,45.46,-92.41
bancroft,wi,44.31,-89.53
bangor,wi,43.87,-90.98
baraboo,wi,43.48,-89.75
barneveld,wi,43.02,-89.90
barron,wi,45.40,-91.85
barronett,wi,45.62,-92.02
bassett,wi,42.54,-88.23
bay city,wi,44.62,-92.45
bayfield,wi,46.84,-90.82
bear creek,wi,44.53,-88.74
beaver dam,wi,43.46,-88.84
beetown,wi,42.80,-90.89
beldenville,wi,44.77,-92.44
belgium,wi,43.50,-87.85
belleville,wi,42.87,-89.54
belmont,wi,42.73,-90.34
beloit,wi,42.52,-89.04
benet lake,wi,42.50,-88.08
benoit,wi,46.50,-91.08
benton,wi,42.53,-90.34
berlin,wi,43.98,-88.95
big bend,wi,42.89,-88.21
big falls,wi,44.62,-89.02
birchwood,wi,45.64,-91.58
birnamwood,wi,44.93,-89.21
black creek,wi,44.49,-88.44
black earth,wi,43.13,-89.74
black river falls,wi,44.29,-90.85
blair,wi,44.30,-91.22
blanchardville,wi,42.81,-89.86
blenker,wi,44.61,-89.92
bloomer,wi,45.10,-91.49
bloomington,wi,42.87,-90.91
blue mounds,wi,43.00,-89.83
blue river,wi,43.24,-90.59
bonduel,wi,44.74,-88.44
boscobel,wi,43.14,-90.71
boulder junction,wi,46.11,-89.63
bowler,wi,44.93,-88.98
boyceville,wi,45.06,-92.02
boyd,wi,44.94,-91.03
brandon,wi,43.73,-88.78
brantwood,wi,45.55,-90.12
briggsville,wi,43.68,-89.58
brill,wi,45.60,-91.67
brillion,wi,44.18,-88.08
bristol,wi,42.53,-88.05
brodhead,wi,42.61,-89.37
brokaw,wi,45.03,-89.65
brookfield,wi,43.06,-88.10
brooklyn,wi,42.84,-89.38
brownsville,wi,43.61,-88.51
browntown,wi,42.56,-89.78
bruce,wi,45.45,-91.29
brule,wi,46.58,-91.55
brussels,wi,44.75,-87.62
bryant,wi,45.20,-89.00
burlington,wi,42.67,-88.27
burnett,wi,43.51,-88.72
butler,wi,43.11,-88.07
butte des morts,wi,44.10,-88.65
butternut,wi,46.02,-90.48
cable,wi,46.22,-91.22
cadott,wi,44.96,-91.17
caledonia,wi,42.83,-87.92
cambria,wi,43.57,-89.12
cambridge,wi,42.99,-89.02
cameron,wi,45.40,-91.73
camp douglas,wi,43.94,-90.27
camp lake,wi,42.53,-88.14
campbellsport,wi,43.60,-88.27
caroline,wi,44.73,-88.89
cascade,wi,43.66,-88.09
casco,wi,44.58,-87.62
cashton,wi,43.75,-90.76
cassville,wi,42.73,-90.96
cataract,wi,44.09,-90.84
catawba,wi,45.51,-90.51
cazenovia,wi,43.50,-90.28
cecil,wi,44.81,-88.42
cedar grove,wi,43.58,-87.84
cedarburg,wi,43.30,-88.00
centuria,wi,45.45,-92.55
chaseburg,wi,43.68,-91.08
chetek,wi,45.32,-91.65
chili,wi,44.63,-90.36
chilton,wi,44.02,-88.18
chippewa falls,wi,44.93,-91.38
clam lake,wi,46.25,-90.88
clayton,wi,45.31,-92.14
clear lake,wi,45.24,-92.27
cleveland,wi,43.92,-87.77
clinton,wi,42.55,-88.87
clintonville,wi,44.64,-88.74
clyman,wi,43.31,-88.72
cobb,wi,42.97,-90.33
cochrane,wi,44.25,-91.86
colby,wi,44.91,-90.31
coleman,wi,45.07,-88.06
colfax,wi,45.00,-91.74
colgate,wi,43.20,-88.24
collins,wi,44.09,-87.98
coloma,wi,44.03,-89.49
columbus,wi,43.33,-89.03
combined locks,wi,44.27,-88.31
comstock,wi,45.49,-92.09
conover,wi,46.04,-89.24
conrath,wi,45.35,-91.06
coon valley,wi,43.72,-91.01
cornell,wi,45.16,-91.17
cornucopia,wi,46.84,-91.10
cottage grove,wi,43.08,-89.20
couderay,wi,45.81,-91.33
crandon,wi,45.54,-88.91
crivitz,wi,45.25,-88.06
cross plains,wi,43.11,-89.64
cuba city,wi,42.60,-90.47
cudahy,wi,42.95,-87.86
cumberland,wi,45.54,-92.03
curtiss,wi,44.96,-90.46
cushing,wi,45.56,-92.62
custer,wi,44.57,-89.42
dale,wi,44.27,-88.68
dallas,wi,45.25,-91.84
dalton,wi,43.67,-89.19
danbury,wi,46.03,-92.27
dane,wi,43.24,-89.51
darien,wi,42.64,-88.71
darlington,wi,42.69,-90.11
de forest,wi,43.24,-89.33
de pere,wi,44.44,-88.08
de soto,wi,43.49,-91.19
deer park,wi,45.17,-92.36
deerbrook,wi,45.24,-89.19
deerfield,wi,43.06,-89.09
delafield,wi,43.05,-88.40
delavan,wi,42.62,-88.63
dellwood,wi,43.97,-89.82
denmark,wi,44.36,-87.83
dickeyville,wi,42.63,-90.59
dodge,wi,44.13,-91.52
dodgeville,wi,42.97,-90.14
dorchester,wi,45.00,-90.36
dousman,wi,42.99,-88.46
downing,wi,45.10,-92.11
downsville,wi,44.77,-91.93
doylestown,wi,43.43,-89.15
dresser,wi,45.35,-92.56
drummond,wi,46.31,-91.29
dunbar,wi,45.60,-88.11
durand,wi,44.63,-91.93
eagle,wi,42.88,-88.47
eagle river,wi,45.92,-89.25
east ellsworth,wi,44.73,-92.47
east troy,wi,42.80,-88.41
eastman,wi,43.20,-91.02
eau claire,wi,44.78,-91.49
eau galle,wi,44.72,-92.04
eden,wi,43.70,-88.33
edgar,wi,44.90,-90.00
edgerton,wi,42.84,-89.06
edgewater,wi,45.74,-91.47
edmund,wi,42.97,-90.26
egg harbor,wi,45.01,-87.28
eland,wi,44.83,-89.25
elcho,wi,45.44,-89.15
elderon,wi,44.78,-89.24
eldorado,wi,43.84,-88.64
eleva,wi,44.60,-91.48
elk mound,wi,44.87,-91.68
elkhart lake,wi,43.84,-87.98
elkhorn,wi,42.70,-88.55
ellison bay,wi,45.26,-87.05
ellsworth,wi,44.73,-92.49
elm grove,wi,43.05,-88.09
elmwood,wi,44.76,-92.20
elroy,wi,43.75,-90.29
elton,wi,45.16,-88.88
embarrass,wi,44.67,-88.71
endeavor,wi,43.70,-89.46
ephraim,wi,45.16,-87.17
ettrick,wi,44.17,-91.26
eureka,wi,44.00,-88.84
evansville,wi,42.77,-89.29
exeland,wi,45.68,-91.22
fairchild,wi,44.60,-90.99
fairwater,wi,43.74,-88.87
fall creek,wi,44.77,-91.29
fall river,wi,43.40,-89.06
fence,wi,45.76,-88.36
fennimore,wi,42.99,-90.66
ferryville,wi,43.40,-91.04
fifield,wi,45.86,-90.42
fish creek,wi,45.12,-87.21
florence,wi,45.90,-88.23
fond du lac,wi,43.77,-88.43
fontana,wi,42.54,-88.57
footville,wi,42.67,-89.21
forest junction,wi,44.21,-88.15
forestville,wi,44.70,-87.49
ft atkinson,wi,42.92,-88.85
fountain city,wi,44.14,-91.68
fox lake,wi,43.58,-88.90
foxboro,wi,46.49,-92.15
francis creek,wi,44.20,-87.72
franklin,wi,42.90,-88.01
franksville,wi,42.79,-87.99
frederic,wi,45.67,-92.43
fredonia,wi,43.48,-87.98
freedom,wi,44.39,-88.29
fremont,wi,44.24,-88.84
friendship,wi,43.99,-89.81
friesland,wi,43.59,-89.07
galesville,wi,44.09,-91.36
galloway,wi,44.83,-89.17
gays mills,wi,43.29,-90.87
genesee depot,wi,42.97,-88.37
genoa,wi,43.61,-91.13
genoa city,wi,42.53,-88.35
germantown,wi,43.22,-88.12
gile,wi,46.43,-90.22
gillett,wi,44.90,-88.32
gilman,wi,45.19,-90.83
gilmanton,wi,44.47,-91.68
gleason,wi,45.34,-89.48
glen flora,wi,45.49,-90.86
glen haven,wi,42.82,-91.00
glenbeulah,wi,43.77,-88.10
glenwood city,wi,45.06,-92.18
glidden,wi,46.13,-90.59
goodman,wi,45.65,-88.36
gordon,wi,46.23,-91.80
gotham,wi,43.22,-90.29
grafton,wi,43.32,-87.95
grand marsh,wi,43.86,-89.66
grand view,wi,46.36,-91.11
granton,wi,44.56,-90.45
grantsburg,wi,45.76,-92.66
gratiot,wi,42.58,-90.02
green bay,wi,44.49,-88.02
green lake,wi,43.84,-88.97
green valley,wi,44.80,-88.27
greenbush,wi,43.78,-88.08
greendale,wi,42.94,-87.99
greenleaf,wi,44.29,-88.03
greenville,wi,44.30,-88.57
greenwood,wi,44.74,-90.62
gresham,wi,44.85,-88.79
hager city,wi,44.63,-92.55
hales corners,wi,42.94,-88.05
hammond,wi,44.97,-92.45
hancock,wi,44.13,-89.53
hannibal,wi,45.25,-90.79
hanover,wi,42.64,-89.16
harshaw,wi,45.68,-89.65
hartford,wi,43.32,-88.37
hartland,wi,43.12,-88.34
hatley,wi,44.83,-89.38
haugen,wi,45.61,-91.77
hawkins,wi,45.52,-90.71
hawthorne,wi,46.50,-91.86
hayward,wi,46.00,-91.40
hazel green,wi,42.54,-90.51
hazelhurst,wi,45.77,-89.75
heafford junction,wi,45.55,-89.72
helenville,wi,43.01,-88.73
herbster,wi,46.82,-91.23
hertel,wi,45.81,-92.14
hewitt,wi,44.64,-90.10
high bridge,wi,46.38,-90.74
highland,wi,43.05,-90.37
hilbert,wi,44.13,-88.21
hillpoint,wi,43.40,-90.16
hillsboro,wi,43.64,-90.37
hingham,wi,43.64,-87.91
hixton,wi,44.40,-91.04
holcombe,wi,45.25,-91.13
hollandale,wi,42.88,-89.91
holmen,wi,43.98,-91.25
honey creek,wi,42.75,-88.31
horicon,wi,43.45,-88.63
hortonville,wi,44.33,-88.63
houlton,wi,45.07,-92.76
hubertus,wi,43.23,-88.23
hudson,wi,44.98,-92.73
humbird,wi,44.54,-90.89
hurley,wi,46.44,-90.20
hustisford,wi,43.34,-88.60
hustler,wi,43.92,-90.27
independence,wi,44.40,-91.45
iola,wi,44.53,-89.14
irma,wi,45.35,-89.66
iron belt,wi,46.40,-90.32
iron ridge,wi,43.39,-88.54
iron river,wi,46.58,-91.42
ixonia,wi,43.17,-88.58
jackson,wi,43.33,-88.16
janesville,wi,42.69,-89.03
jefferson,wi,43.00,-88.81
jim falls,wi,45.06,-91.26
johnson creek,wi,43.08,-88.78
juda,wi,42.57,-89.50
jump river,wi,45.17,-90.81
junction city,wi,44.60,-89.74
juneau,wi,43.38,-88.68
kansasville,wi,42.70,-88.12
kaukauna,wi,44.30,-88.27
kellnersville,wi,44.22,-87.80
kendall,wi,43.82,-90.41
kennan,wi,45.53,-90.59
kenosha,wi,42.61,-87.83
keshena,wi,44.91,-88.64
kewaskum,wi,43.52,-88.19
kewaunee,wi,44.44,-87.56
kiel,wi,43.93,-88.00
kieler,wi,42.58,-90.60
kimberly,wi,44.27,-88.34
king,wi,44.27,-89.11
kingston,wi,43.69,-89.13
knapp,wi,44.95,-92.08
kohler,wi,43.74,-87.79
krakow,wi,44.76,-88.26
la crosse,wi,43.80,-91.22
la farge,wi,43.62,-90.65
la pointe,wi,46.85,-90.60
la valle,wi,43.57,-90.13
lac du flambeau,wi,45.97,-89.89
ladysmith,wi,45.47,-91.11
lake delton,wi,43.60,-89.79
lake geneva,wi,42.59,-88.46
lake mills,wi,43.08,-88.91
lake nebagamon,wi,46.50,-91.74
lake tomahawk,wi,45.80,-89.59
lakewood,wi,45.32,-88.50
lancaster,wi,42.84,-90.71
land o lakes,wi,46.16,-89.32
lannon,wi,43.15,-88.16
laona,wi,45.55,-88.67
larsen,wi,44.20,-88.70
lebanon,wi,43.26,-88.63
lena,wi,44.94,-88.05
leopolis,wi,44.78,-88.87
lime ridge,wi,43.47,-90.15
linden,wi,42.92,-90.28
little chute,wi,44.28,-88.31
little suamico,wi,44.68,-88.03
livingston,wi,42.90,-90.44
lodi,wi,43.33,-89.56
loganville,wi,43.41,-90.03
lomira,wi,43.59,-88.44
lone rock,wi,43.22,-90.24
long lake,wi,45.92,-88.70
lowell,wi,43.34,-88.79
loyal,wi,44.73,-90.49
lublin,wi,45.07,-90.73
luck,wi,45.56,-92.42
luxemburg,wi,44.55,-87.72
lyndon station,wi,43.69,-89.89
lynxville,wi,43.25,-91.06
lyons,wi,42.65,-88.36
madison,wi,43.07,-89.38
maiden rock,wi,44.61,-92.28
malone,wi,43.87,-88.31
manawa,wi,44.47,-88.92
manitowish waters,wi,46.12,-89.83
manitowoc,wi,44.10,-87.68
maple,wi,46.62,-91.70
maplewood,wi,44.75,-87.48
marathon,wi,44.97,-89.83
marengo,wi,46.41,-90.84
maribel,wi,44.29,-87.81
marinette,wi,45.09,-87.67
marion,wi,44.68,-88.88
markesan,wi,43.71,-89.01
marquette,wi,43.75,-89.14
marshall,wi,43.16,-89.08
marshfield,wi,44.67,-90.17
mason,wi,46.46,-91.06
mather,wi,44.15,-90.30
mattoon,wi,45.00,-89.04
mauston,wi,43.79,-90.06
mayville,wi,43.50,-88.55
mazomanie,wi,43.18,-89.76
mc farland,wi,43.01,-89.29
mc naughton,wi,45.72,-89.48
medford,wi,45.15,-90.35
mellen,wi,46.30,-90.66
melrose,wi,44.14,-91.04
menasha,wi,44.21,-88.42
menomonee falls,wi,43.16,-88.11
menomonie,wi,44.87,-91.93
mequon,wi,43.24,-87.98
mercer,wi,46.17,-90.07
merrill,wi,45.18,-89.69
merrillan,wi,44.44,-90.81
merrimac,wi,43.39,-89.63
merton,wi,43.15,-88.31
middleton,wi,43.11,-89.51
mikana,wi,45.59,-91.60
milladore,wi,44.60,-89.89
millston,wi,44.19,-90.65
milltown,wi,45.53,-92.50
milton,wi,42.78,-88.95
milwaukee,wi,43.03,-87.92
mindoro,wi,44.03,-91.06
mineral point,wi,42.85,-90.16
minocqua,wi,45.87,-89.76
minong,wi,46.10,-91.85
mishicot,wi,44.26,-87.64
mondovi,wi,44.61,-91.67
monroe,wi,42.60,-89.64
montello,wi,43.77,-89.36
montfort,wi,42.98,-90.44
monticello,wi,42.74,-89.61
montreal,wi,46.43,-90.24
morrisonville,wi,43.28,-89.36
mosinee,wi,44.80,-89.68
mt calvary,wi,43.81,-88.24
mt hope,wi,42.97,-90.87
mt horeb,wi,43.00,-89.74
mt sterling,wi,43.32,-90.93
mountain,wi,45.20,-88.46
mukwonago,wi,42.88,-88.35
muscoda,wi,43.21,-90.46
muskego,wi,42.90,-88.12
nashotah,wi,43.11,-88.41
necedah,wi,44.03,-90.06
neenah,wi,44.18,-88.48
neillsville,wi,44.55,-90.61
nekoosa,wi,44.28,-89.88
nelson,wi,44.43,-92.00
nelsonville,wi,44.49,-89.31
neopit,wi,44.99,-88.86
neosho,wi,43.30,-88.52
neshkoro,wi,43.90,-89.23
new auburn,wi,45.24,-91.52
new berlin,wi,42.97,-88.16
new franken,wi,44.56,-87.82
new glarus,wi,42.81,-89.64
new holstein,wi,43.94,-88.09
new lisbon,wi,43.89,-90.15
new london,wi,44.39,-88.76
new munster,wi,42.58,-88.23
new richmond,wi,45.16,-92.55
newburg,wi,43.43,-88.05
newton,wi,43.98,-87.78
niagara,wi,45.77,-88.03
nichols,wi,44.56,-88.46
north freedom,wi,43.41,-89.85
north lake,wi,43.16,-88.37
north prairie,wi,42.94,-88.39
norwalk,wi,43.81,-90.68
oak creek,wi,42.89,-87.90
oakdale,wi,43.96,-90.38
oakfield,wi,43.69,-88.56
oconomowoc,wi,43.11,-88.49
oconto,wi,44.89,-87.89
oconto falls,wi,44.88,-88.16
odanah,wi,46.61,-90.70
ogdensburg,wi,44.47,-89.01
ogema,wi,45.44,-90.26
ojibwa,wi,45.79,-91.11
okauchee,wi,43.11,-88.43
omro,wi,44.04,-88.75
onalaska,wi,43.90,-91.23
oneida,wi,44.52,-88.19
ontario,wi,43.72,-90.62
oostburg,wi,43.62,-87.80
oregon,wi,42.93,-89.39
orfordville,wi,42.63,-89.25
osceola,wi,45.32,-92.70
oshkosh,wi,44.02,-88.54
osseo,wi,44.56,-91.22
owen,wi,44.96,-90.55
oxford,wi,43.78,-89.56
packwaukee,wi,43.76,-89.46
palmyra,wi,42.88,-88.59
pardeeville,wi,43.53,-89.33
park falls,wi,45.94,-90.42
patch grove,wi,42.94,-90.97
pearson,wi,45.39,-89.08
pelican lake,wi,45.50,-89.18
pell lake,wi,42.54,-88.35
pembine,wi,45.61,-87.97
pepin,wi,44.46,-92.14
peshtigo,wi,45.05,-87.73
pewaukee,wi,43.08,-88.27
phelps,wi,46.06,-89.08
phillips,wi,45.70,-90.40
phlox,wi,45.05,-89.01
pickerel,wi,45.36,-88.91
pickett,wi,43.90,-88.71
pigeon falls,wi,44.43,-91.21
pine river,wi,44.16,-89.04
pittsville,wi,44.44,-90.19
plain,wi,43.29,-90.06
plainfield,wi,44.21,-89.46
platteville,wi,42.74,-90.49
pleasant prairie,wi,42.53,-87.89
plover,wi,44.45,-89.54
plum city,wi,44.64,-92.18
plymouth,wi,43.75,-87.98
poplar,wi,46.58,-91.83
port edwards,wi,44.35,-89.87
port washington,wi,43.40,-87.88
port wing,wi,46.76,-91.39
portage,wi,43.55,-89.47
porterfield,wi,45.19,-87.81
potosi,wi,42.69,-90.70
potter,wi,44.12,-88.10
pound,wi,45.13,-88.14
powers lake,wi,42.55,-88.29
poy sippi,wi,44.11,-88.93
poynette,wi,43.40,-89.42
prairie du chien,wi,43.04,-91.12
prairie du sac,wi,43.30,-89.75
prairie farm,wi,45.25,-91.97
prentice,wi,45.55,-90.29
prescott,wi,44.75,-92.75
presque isle,wi,46.22,-89.77
princeton,wi,43.84,-89.12
pulaski,wi,44.66,-88.26
racine,wi,42.69,-87.84
radisson,wi,45.77,-91.23
randolph,wi,43.54,-89.01
random lake,wi,43.57,-87.98
readfield,wi,44.27,-88.77
readstown,wi,43.45,-90.76
redgranite,wi,44.04,-89.10
reedsburg,wi,43.53,-90.00
reedsville,wi,44.16,-87.97
reeseville,wi,43.30,-88.86
rewey,wi,42.86,-90.38
rhinelander,wi,45.65,-89.41
rib lake,wi,45.30,-90.18
rice lake,wi,45.51,-91.73
richfield,wi,43.27,-88.22
richland center,wi,43.36,-90.39
ridgeland,wi,45.19,-91.88
ridgeway,wi,43.01,-89.99
ringle,wi,44.92,-89.43
rio,wi,43.42,-89.24
ripon,wi,43.85,-88.84
river falls,wi,44.86,-92.63
roberts,wi,44.99,-92.56
rochester,wi,42.74,-88.22
rock falls,wi,44.72,-91.69
rock springs,wi,43.47,-89.92
rockland,wi,43.94,-90.95
rosendale,wi,43.79,-88.64
rosholt,wi,44.66,-89.34
rothschild,wi,44.88,-89.62
rubicon,wi,43.31,-88.45
rudolph,wi,44.47,-89.80
st cloud,wi,43.81,-88.18
st croix falls,wi,45.41,-92.64
st germain,wi,45.92,-89.49
st nazianz,wi,44.01,-87.92
salem,wi,42.57,-88.13
sand creek,wi,45.17,-91.70
sarona,wi,45.71,-91.76
sauk city,wi,43.27,-89.74
saukville,wi,43.39,-87.96
saxeville,wi,44.18,-89.11
saxon,wi,46.50,-90.44
sayner,wi,45.99,-89.52
scandinavia,wi,44.46,-89.17
schofield,wi,44.91,-89.58
seneca,wi,43.27,-90.96
sextonville,wi,43.28,-90.29
seymour,wi,44.51,-88.32
sharon,wi,42.52,-88.73
shawano,wi,44.79,-88.60
sheboygan,wi,43.74,-87.72
sheboygan falls,wi,43.73,-87.82
sheldon,wi,45.32,-90.91
shell lake,wi,45.75,-91.96
sherwood,wi,44.17,-88.26
shiocton,wi,44.50,-88.56
shullsburg,wi,42.58,-90.23
silver lake,wi,42.55,-88.17
sinsinawa,wi,42.52,-90.54
siren,wi,45.78,-92.39
sister bay,wi,45.19,-87.11
slinger,wi,43.33,-88.28
sobieski,wi,44.71,-88.11
soldiers grove,wi,43.39,-90.77
solon springs,wi,46.39,-91.77
somers,wi,42.64,-87.91
somerset,wi,45.13,-92.69
south milwaukee,wi,42.91,-87.86
south range,wi,46.59,-91.95
south wayne,wi,42.58,-89.89
sparta,wi,43.95,-90.81
spencer,wi,44.74,-90.31
spooner,wi,45.85,-91.92
spring green,wi,43.19,-90.07
spring valley,wi,44.84,-92.29
springbrook,wi,45.96,-91.68
springfield,wi,42.64,-88.41
stanley,wi,44.97,-90.94
star lake,wi,46.04,-89.47
star prairie,wi,45.20,-92.55
stetsonville,wi,45.08,-90.28
steuben,wi,43.20,-90.86
stevens point,wi,44.52,-89.56
stitzer,wi,42.92,-90.61
stockbridge,wi,44.07,-88.30
stockholm,wi,44.50,-92.23
stoddard,wi,43.69,-91.19
stone lake,wi,45.83,-91.51
stoughton,wi,42.93,-89.22
stratford,wi,44.79,-90.06
strum,wi,44.57,-91.38
sturgeon bay,wi,44.84,-87.38
sturtevant,wi,42.70,-87.90
suamico,wi,44.63,-88.04
sullivan,wi,43.00,-88.60
summit lake,wi,45.32,-89.18
sun prairie,wi,43.19,-89.22
superior,wi,46.70,-92.09
suring,wi,45.02,-88.36
sussex,wi,43.14,-88.23
taylor,wi,44.29,-91.11
theresa,wi,43.50,-88.45
thiensville,wi,43.23,-87.96
thorp,wi,44.96,-90.80
three lakes,wi,45.80,-89.13
tigerton,wi,44.73,-89.06
tilleda,wi,44.81,-88.91
tisch mills,wi,44.33,-87.62
tomah,wi,43.99,-90.49
tomahawk,wi,45.50,-89.73
tony,wi,45.47,-90.99
townsend,wi,45.31,-88.61
trego,wi,45.95,-91.86
trempealeau,wi,44.02,-91.43
trevor,wi,42.52,-88.14
tripoli,wi,45.58,-89.99
tunnel city,wi,44.01,-90.57
turtle lake,wi,45.42,-92.18
twin lakes,wi,42.52,-88.26
two rivers,wi,44.17,-87.59
union center,wi,43.69,-90.27
union grove,wi,42.69,-88.04
unity,wi,44.82,-90.32
upson,wi,46.38,-90.41
valders,wi,44.04,-87.88
van dyne,wi,43.87,-88.51
verona,wi,43.00,-89.55
vesper,wi,44.47,-89.98
viola,wi,43.50,-90.66
viroqua,wi,43.54,-90.89
wabeno,wi,45.43,-88.66
waldo,wi,43.66,-87.97
wales,wi,43.01,-88.38
walworth,wi,42.54,-88.60
warrens,wi,44.16,-90.50
wascott,wi,46.17,-91.80
washburn,wi,46.68,-90.91
washington island,wi,45.37,-86.91
waterford,wi,42.80,-88.19
waterloo,wi,43.18,-88.98
watertown,wi,43.19,-88.73
waukau,wi,43.99,-88.77
waukesha,wi,43.00,-88.22
waunakee,wi,43.18,-89.45
waupaca,wi,44.35,-89.11
waupun,wi,43.63,-88.74
wausau,wi,44.96,-89.63
wausaukee,wi,45.35,-87.91
wautoma,wi,44.07,-89.27
wauzeka,wi,43.11,-90.92
webster,wi,45.87,-92.32
west bend,wi,43.43,-88.18
west salem,wi,43.91,-91.09
westboro,wi,45.34,-90.31
westby,wi,43.66,-90.87
westfield,wi,43.90,-89.50
weyauwega,wi,44.32,-88.94
weyerhaeuser,wi,45.43,-91.43
wheeler,wi,45.07,-91.89
white lake,wi,45.17,-88.76
whitehall,wi,44.38,-91.30
whitelaw,wi,44.16,-87.83
whitewater,wi,42.83,-88.74
wild rose,wi,44.18,-89.20
willard,wi,44.73,-90.75
williams bay,wi,42.58,-88.54
wilmot,wi,42.51,-88.18
wilson,wi,44.95,-92.20
wilton,wi,43.83,-90.52
windsor,wi,43.21,-89.34
winnebago,wi,44.08,-88.53
winneconne,wi,44.12,-88.72
winter,wi,45.84,-90.95
wisconsin dells,wi,43.65,-89.77
wisconsin rapids,wi,44.38,-89.81
withee,wi,44.98,-90.60
wittenberg,wi,44.82,-89.17
wonewoc,wi,43.63,-90.24
woodford,wi,42.65,-89.86
woodland,wi,43.37,-88.52
woodman,wi,43.06,-90.82
woodruff,wi,45.92,-89.70
woodville,wi,44.94,-92.28
woodworth,wi,42.56,-88.00
wrightstown,wi,44.34,-88.12
wyocena,wi,43.50,-89.31
zachow,wi,44.74,-88.44
zenda,wi,42.51,-88.48
accoville,wv,37.77,-81.84
adrian,wv,38.91,-80.29
advent,wv,38.62,-81.57
albright,wv,39.57,-79.64
alderson,wv,37.73,-80.67
alkol,wv,38.16,-81.98
allen junction,wv,37.59,-81.35
alloy,wv,38.14,-81.27
alma,wv,39.43,-80.82
alum bridge,wv,39.04,-80.69
alum creek,wv,38.29,-81.79
amherstdale,wv,37.80,-81.76
amigo,wv,37.59,-81.35
amma,wv,38.55,-81.25
anawalt,wv,37.34,-81.44
anmoore,wv,39.26,-80.29
ansted,wv,38.14,-81.10
apple grove,wv,38.71,-82.17
arbovale,wv,38.45,-79.79
arnett,wv,37.85,-81.44
arnoldsburg,wv,38.82,-81.16
arthurdale,wv,39.49,-79.82
artie,wv,37.92,-81.38
asbury,wv,37.85,-80.57
ashford,wv,38.18,-81.71
ashton,wv,38.66,-82.11
athens,wv,37.43,-81.00
auburn,wv,39.09,-80.88
augusta,wv,39.30,-78.59
aurora,wv,39.30,-79.57
avondale,wv,37.41,-81.78
baisden,wv,37.57,-81.93
baker,wv,39.07,-78.77
bakerton,wv,39.36,-77.76
ballard,wv,37.50,-80.76
bancroft,wv,38.51,-81.84
barboursville,wv,38.39,-82.30
barrackville,wv,39.50,-80.17
bartley,wv,37.34,-81.74
bartow,wv,38.55,-79.80
baxter,wv,39.54,-80.14
bayard,wv,39.25,-79.40
beaver,wv,37.75,-81.07
beckley,wv,37.79,-81.21
beech bottom,wv,40.23,-80.65
beeson,wv,37.49,-81.21
belington,wv,39.02,-79.95
belle,wv,38.23,-81.51
belleville,wv,39.13,-81.69
belmont,wv,39.37,-81.28
belva,wv,38.25,-81.16
benwood,wv,40.01,-80.72
berea,wv,39.13,-80.92
bergoo,wv,38.49,-80.30
berkeley springs,wv,39.59,-78.22
berwind,wv,37.25,-81.64
bethany,wv,40.20,-80.55
beverly,wv,38.83,-79.87
bickmore,wv,38.37,-81.11
big bend,wv,38.97,-81.14
big creek,wv,38.00,-82.02
big run,wv,39.59,-80.58
big sandy,wv,37.46,-81.70
big springs,wv,39.00,-81.07
bim,wv,37.89,-81.69
birch river,wv,38.49,-80.75
blacksville,wv,39.70,-80.23
blair,wv,37.88,-81.83
bloomery,wv,39.33,-78.38
bloomingrose,wv,38.14,-81.64
blount,wv,38.31,-81.41
blue creek,wv,38.45,-81.46
blue jay,wv,37.74,-81.14
bluefield,wv,37.28,-81.23
bob white,wv,37.96,-81.72
bolt,wv,37.77,-81.42
bomont,wv,38.41,-81.22
boomer,wv,38.15,-81.29
borderland,wv,37.71,-82.31
bowden,wv,38.93,-79.62
bradley,wv,37.87,-81.19
bradshaw,wv,37.35,-81.80
bramwell,wv,37.33,-81.33
branchland,wv,38.27,-82.27
brandywine,wv,38.64,-79.21
breeden,wv,37.92,-82.25
brenton,wv,37.58,-81.65
bretz,wv,39.54,-79.80
bridgeport,wv,39.30,-80.24
brohard,wv,39.03,-81.18
bruceton mills,wv,39.65,-79.62
bruno,wv,37.69,-81.87
buckeye,wv,38.18,-80.14
buckhannon,wv,38.98,-80.22
bud,wv,37.54,-81.38
buffalo,wv,38.61,-81.95
bunker hill,wv,39.33,-78.05
burlington,wv,39.39,-78.91
burnsville,wv,38.85,-80.66
burton,wv,39.67,-80.41
cabin creek,wv,38.19,-81.52
cabins,wv,38.95,-79.28
cairo,wv,39.23,-81.16
caldwell,wv,37.77,-80.38
calvin,wv,38.33,-80.70
camden,wv,39.09,-80.59
camden on gauley,wv,38.38,-80.59
cameron,wv,39.82,-80.57
camp creek,wv,37.48,-81.11
cannelton,wv,38.19,-81.30
canvas,wv,38.26,-80.74
capon bridge,wv,39.28,-78.46
capon springs,wv,39.14,-78.48
carolina,wv,39.48,-80.27
cass,wv,38.43,-79.89
cassville,wv,39.67,-80.06
cedar grove,wv,38.21,-81.41
cedarville,wv,38.84,-80.84
center point,wv,39.41,-80.64
ceredo,wv,38.40,-82.56
chapmanville,wv,37.94,-82.05
charles town,wv,39.28,-77.86
charleston,wv,38.35,-81.63
charlton heights,wv,38.12,-81.23
charmco,wv,37.99,-80.71
chattaroy,wv,37.70,-82.28
chauncey,wv,37.77,-81.99
chester,wv,40.60,-80.56
chloe,wv,38.67,-81.09
circleville,wv,38.62,-79.54
clarksburg,wv,39.28,-80.35
clay,wv,38.48,-81.07
clear creek,wv,37.89,-81.32
clear fork,wv,37.65,-81.69
clendenin,wv,38.48,-81.36
cleveland,wv,38.84,-80.34
clothier,wv,37.79,-81.99
coal city,wv,37.67,-81.18
coal mountain,wv,37.69,-81.71
coalton,wv,38.91,-79.98
coalwood,wv,37.39,-81.65
colcord,wv,37.95,-81.44
colfax,wv,39.43,-80.13
colliers,wv,40.35,-80.55
comfort,wv,38.14,-81.60
cool ridge,wv,37.66,-81.11
copen,wv,38.83,-80.73
cora,wv,37.83,-82.03
corinne,wv,37.57,-81.36
costa,wv,38.16,-81.71
cottageville,wv,38.86,-81.82
covel,wv,37.49,-81.32
cowen,wv,38.41,-80.54
coxs mills,wv,39.00,-80.87
crab orchard,wv,37.72,-81.25
craigsville,wv,38.33,-80.64
crawford,wv,38.84,-80.40
crawley,wv,37.94,-80.63
creston,wv,38.94,-81.24
crum,wv,37.94,-82.46
cucumber,wv,37.28,-81.63
culloden,wv,38.42,-82.07
cyclone,wv,37.74,-81.65
dailey,wv,38.80,-79.90
dallas,wv,39.98,-80.55
danese,wv,37.90,-80.95
daniels,wv,37.73,-81.14
danville,wv,38.03,-81.85
davin,wv,37.73,-81.81
davis,wv,39.09,-79.46
davisville,wv,39.21,-81.48
davy,wv,37.47,-81.67
dawes,wv,38.14,-81.45
deep water,wv,38.13,-81.26
delbarton,wv,37.70,-82.13
dellslow,wv,39.61,-79.89
delray,wv,39.18,-78.64
diana,wv,38.58,-80.43
dille,wv,38.47,-80.85
dingess,wv,37.87,-82.20
dixie,wv,38.27,-81.19
dorothy,wv,37.96,-81.50
dothan,wv,37.97,-81.22
drennen,wv,38.26,-81.01
dry creek,wv,37.86,-81.48
drybranch,wv,38.18,-81.47
dryfork,wv,38.96,-79.45
duck,wv,38.56,-80.98
dunbar,wv,38.37,-81.74
dunlow,wv,38.03,-82.38
dunmore,wv,38.36,-79.86
durbin,wv,38.62,-79.79
east bank,wv,38.22,-81.44
east lynn,wv,38.20,-82.33
eccles,wv,37.78,-81.27
eckman,wv,37.40,-81.46
edgarton,wv,37.58,-82.10
edmond,wv,38.05,-81.03
eglon,wv,39.29,-79.51
elbert,wv,37.32,-81.54
eleanor,wv,38.54,-81.93
elizabeth,wv,39.06,-81.40
elk garden,wv,39.36,-79.15
elkhorn,wv,37.39,-81.41
elkins,wv,38.93,-79.85
elkview,wv,38.43,-81.48
ellamore,wv,38.93,-80.09
ellenboro,wv,39.28,-81.06
elton,wv,37.85,-80.83
enterprise,wv,39.43,-80.32
erbacon,wv,38.54,-80.57
eskdale,wv,38.11,-81.45
ethel,wv,37.87,-81.91
evans,wv,38.81,-81.79
exchange,wv,38.81,-80.77
fairdale,wv,37.79,-81.40
fairlea,wv,37.78,-80.46
fairmont,wv,39.47,-80.15
fairview,wv,39.61,-80.25
falling rock,wv,38.48,-81.38
falling waters,wv,39.59,-77.89
fanrock,wv,37.56,-81.62
farmington,wv,39.50,-80.26
fayetteville,wv,38.06,-81.08
fenwick,wv,38.24,-80.63
fisher,wv,39.05,-78.99
flat top,wv,37.55,-81.13
flatwoods,wv,38.72,-80.64
flemington,wv,39.27,-80.13
follansbee,wv,40.33,-80.58
folsom,wv,39.47,-80.53
forest hill,wv,37.56,-80.81
ft ashby,wv,39.50,-78.77
ft gay,wv,38.13,-82.55
foster,wv,38.09,-81.77
four states,wv,39.48,-80.31
frametown,wv,38.64,-80.88
frankford,wv,37.90,-80.36
franklin,wv,38.64,-79.35
fraziers bottom,wv,38.55,-82.01
freeman,wv,37.33,-81.31
french creek,wv,38.85,-80.27
frenchton,wv,38.87,-80.36
friendly,wv,39.50,-81.03
gallagher,wv,38.19,-81.39
gallipolis ferry,wv,38.77,-82.15
galloway,wv,39.23,-80.12
gandeeville,wv,38.70,-81.42
gap mills,wv,37.53,-80.39
gary,wv,37.36,-81.55
gassaway,wv,38.69,-80.79
gauley bridge,wv,38.17,-81.20
gay,wv,38.80,-81.57
genoa,wv,38.09,-82.47
gerrardstown,wv,39.38,-78.11
ghent,wv,37.62,-81.10
gilbert,wv,37.59,-81.87
gilboa,wv,38.30,-80.95
given,wv,38.71,-81.68
glady,wv,38.87,-79.73
glasgow,wv,38.22,-81.42
glen,wv,38.37,-81.22
glen dale,wv,39.96,-80.73
glen daniel,wv,37.75,-81.40
glen easton,wv,39.85,-80.67
glen ferris,wv,38.15,-81.22
glen fork,wv,37.64,-81.54
glen jean,wv,37.93,-81.15
glen rogers,wv,37.72,-81.43
glen white,wv,37.73,-81.28
glengary,wv,39.38,-78.16
glenville,wv,38.93,-80.83
glenwood,wv,38.54,-82.14
gordon,wv,37.98,-81.67
gormania,wv,39.27,-79.34
grafton,wv,39.34,-80.03
grant town,wv,39.56,-80.18
grantsville,wv,38.93,-81.08
granville,wv,39.65,-79.99
grassy meadows,wv,37.84,-80.73
great cacapon,wv,39.58,-78.33
green bank,wv,38.41,-79.80
green spring,wv,39.50,-78.63
green sulphur springs,wv,37.81,-80.84
greenville,wv,37.52,-80.68
griffithsville,wv,38.25,-81.98
gypsy,wv,39.37,-80.32
hacker valley,wv,38.68,-80.40
halltown,wv,39.31,-77.80
hambleton,wv,39.12,-79.64
hamlin,wv,38.29,-82.10
handley,wv,38.19,-81.37
hanover,wv,37.56,-81.81
hansford,wv,38.13,-81.40
harman,wv,38.92,-79.52
harper,wv,37.80,-81.26
harpers ferry,wv,39.32,-77.77
harrisville,wv,39.20,-81.05
hartford,wv,38.99,-81.99
harts,wv,38.01,-82.16
haywood,wv,39.38,-80.34
heaters,wv,38.76,-80.64
hedgesville,wv,39.55,-78.06
helen,wv,37.63,-81.31
helvetia,wv,38.77,-80.14
hemphill,wv,37.44,-81.60
henderson,wv,38.83,-82.14
hendricks,wv,39.07,-79.63
henlawson,wv,37.90,-81.99
hensley,wv,37.47,-81.70
hepzibah,wv,39.33,-80.34
herndon,wv,37.53,-81.35
hernshaw,wv,38.19,-81.61
hewett,wv,37.96,-81.85
hiawatha,wv,37.44,-81.24
hico,wv,38.11,-80.96
high view,wv,39.22,-78.44
hillsboro,wv,38.13,-80.24
hilltop,wv,37.94,-81.15
hinton,wv,37.66,-80.87
holden,wv,37.82,-82.06
hometown,wv,38.53,-81.86
horner,wv,38.97,-80.37
hugheston,wv,38.21,-81.37
hundred,wv,39.69,-80.47
huntington,wv,38.41,-82.44
hurricane,wv,38.43,-81.99
huttonsville,wv,38.68,-79.98
iaeger,wv,37.45,-81.81
idamay,wv,39.50,-80.26
ikes fork,wv,37.52,-81.80
independence,wv,39.45,-79.88
indore,wv,38.34,-81.16
institute,wv,38.38,-81.77
inwood,wv,39.37,-78.02
ireland,wv,38.77,-80.48
isaban,wv,37.53,-81.89
itmann,wv,37.57,-81.42
ivydale,wv,38.53,-81.03
jacksonburg,wv,39.54,-80.64
jane lew,wv,39.11,-80.43
jeffrey,wv,37.96,-81.80
jenkinjones,wv,37.29,-81.42
jesse,wv,37.66,-81.56
jolo,wv,37.33,-81.83
josephine,wv,37.62,-81.22
julian,wv,38.13,-81.86
jumping branch,wv,37.64,-81.00
junior,wv,38.98,-79.95
justice,wv,37.59,-81.84
kanawha falls,wv,38.11,-81.16
kanawha head,wv,38.76,-80.37
kearneysville,wv,39.32,-77.96
kegley,wv,37.41,-81.14
kellysville,wv,37.34,-80.93
kenna,wv,38.62,-81.65
kenova,wv,38.39,-82.57
kerens,wv,39.03,-79.78
kermit,wv,37.86,-82.37
keslers cross lanes,wv,38.23,-80.93
keyser,wv,39.43,-78.99
kiahsville,wv,38.08,-82.26
kimball,wv,37.43,-81.51
kimberly,wv,38.12,-81.32
kincaid,wv,38.03,-81.27
kingmont,wv,39.45,-80.18
kingwood,wv,39.48,-79.71
kistler,wv,37.76,-81.86
kopperston,wv,37.75,-81.57
kyle,wv,37.41,-81.43
lahmansville,wv,39.16,-79.04
lake,wv,37.95,-81.95
lanark,wv,37.83,-81.15
lansing,wv,38.11,-81.03
lashmeet,wv,37.44,-81.21
lavalette,wv,38.33,-82.43
layland,wv,37.87,-80.99
le roy,wv,38.96,-81.57
left hand,wv,38.61,-81.25
leivasy,wv,38.14,-80.72
lenore,wv,37.80,-82.27
leon,wv,38.75,-81.91
lerona,wv,37.49,-80.98
lesage,wv,38.48,-82.30
leslie,wv,38.04,-80.72
lester,wv,37.73,-81.31
letart,wv,38.93,-81.98
levels,wv,39.50,-78.55
lewisburg,wv,37.81,-80.44
liberty,wv,38.62,-81.77
lindside,wv,37.48,-80.62
linn,wv,38.96,-80.73
little birch,wv,38.58,-80.71
littleton,wv,39.66,-80.57
lizemores,wv,38.34,-81.16
lochgelly,wv,38.01,-81.15
logan,wv,37.85,-82.00
london,wv,38.19,-81.37
lookout,wv,38.05,-80.92
looneyville,wv,38.66,-81.28
lorado,wv,37.80,-81.74
lorentz,wv,39.01,-80.30
lost city,wv,38.90,-78.82
lost creek,wv,39.17,-80.38
lumberport,wv,39.38,-80.37
lyburn,wv,37.77,-81.93
lynco,wv,37.70,-81.68
maben,wv,37.65,-81.39
mabie,wv,38.82,-80.01
mabscott,wv,37.77,-81.21
mac arthur,wv,37.75,-81.22
macfarlan,wv,39.08,-81.18
madison,wv,38.04,-81.79
maidsville,wv,39.71,-80.08
mallory,wv,37.73,-81.84
mammoth,wv,38.26,-81.35
man,wv,37.73,-81.87
mannington,wv,39.52,-80.36
marianna,wv,37.61,-81.58
marlinton,wv,38.23,-80.06
martinsburg,wv,39.46,-77.96
mason,wv,39.01,-82.03
masontown,wv,39.58,-79.80
matewan,wv,37.65,-82.15
matheny,wv,37.66,-81.60
mathias,wv,38.87,-78.88
matoaka,wv,37.44,-81.27
maxwelton,wv,37.90,-80.43
maybeury,wv,37.37,-81.37
maysel,wv,38.49,-81.12
maysville,wv,39.07,-79.19
mc graws,wv,37.68,-81.44
mcmechen,wv,39.99,-80.73
meadow bridge,wv,37.88,-80.85
meadow creek,wv,37.80,-80.92
meadowbrook,wv,39.34,-80.33
metz,wv,39.61,-80.42
miami,wv,38.15,-81.45
middlebourne,wv,39.51,-80.89
midkiff,wv,38.14,-82.15
midway,wv,37.72,-81.22
milam,wv,38.81,-79.07
mill creek,wv,38.73,-79.98
millstone,wv,38.86,-81.09
millville,wv,39.29,-77.79
millwood,wv,38.90,-81.82
milton,wv,38.41,-82.15
minden,wv,37.98,-81.12
mineral wells,wv,39.21,-81.53
moatsville,wv,39.21,-79.92
mohawk,wv,37.49,-81.91
montana mines,wv,39.52,-80.11
montcalm,wv,37.35,-81.25
monterville,wv,38.55,-80.12
montgomery,wv,38.14,-81.28
montrose,wv,39.10,-79.79
moorefield,wv,39.06,-78.98
morgantown,wv,39.64,-80.02
moundsville,wv,39.91,-80.73
mt alto,wv,38.86,-81.88
mt carbon,wv,38.16,-81.33
mt clare,wv,39.21,-80.29
mt gay,wv,37.84,-82.01
mt hope,wv,37.91,-81.17
mt lookout,wv,38.18,-80.91
mt nebo,wv,38.20,-80.82
mt olive,wv,38.24,-81.23
mt storm,wv,39.27,-79.23
mt zion,wv,38.88,-81.12
mullens,wv,37.58,-81.39
munday,wv,39.02,-81.20
myra,wv,38.22,-82.14
nallen,wv,38.11,-80.89
naoma,wv,37.92,-81.52
napier,wv,38.77,-80.58
naugatuck,wv,37.79,-82.35
nebo,wv,38.63,-81.03
nellis,wv,38.15,-81.74
nemours,wv,37.30,-81.30
neola,wv,37.97,-80.13
nettie,wv,38.21,-80.70
new creek,wv,39.36,-79.05
new cumberland,wv,40.52,-80.59
new haven,wv,38.98,-81.97
new manchester,wv,40.53,-80.58
new martinsville,wv,39.66,-80.86
new milton,wv,39.19,-80.71
new richmond,wv,37.57,-81.49
newburg,wv,39.40,-79.83
newell,wv,40.61,-80.60
newhall,wv,37.26,-81.62
newton,wv,38.61,-81.17
newtown,wv,37.63,-82.09
nimitz,wv,37.63,-80.94
nitro,wv,38.42,-81.83
normantown,wv,38.88,-80.94
north matewan,wv,37.63,-82.15
north spring,wv,37.52,-81.80
northfork,wv,37.40,-81.42
norton,wv,38.93,-79.97
oakvale,wv,37.33,-80.96
oceana,wv,37.70,-81.62
odd,wv,37.59,-81.19
old fields,wv,39.15,-78.95
omar,wv,37.72,-82.00
ona,wv,38.45,-82.22
onego,wv,38.80,-79.45
orgas,wv,38.07,-81.57
orlando,wv,38.89,-80.56
orma,wv,38.74,-81.10
osage,wv,39.66,-80.01
ottawa,wv,37.96,-81.82
paden city,wv,39.60,-80.93
page,wv,38.05,-81.27
pageton,wv,37.35,-81.47
palestine,wv,38.97,-81.43
panther,wv,37.48,-81.90
parkersburg,wv,39.26,-81.54
parsons,wv,39.11,-79.67
paw paw,wv,39.49,-78.46
pax,wv,37.91,-81.26
paynesville,wv,37.37,-81.68
peach creek,wv,37.87,-81.98
pecks mill,wv,37.93,-81.97
pence springs,wv,37.68,-80.71
pennsboro,wv,39.29,-80.96
pentress,wv,39.71,-80.16
petersburg,wv,38.98,-79.13
peterstown,wv,37.41,-80.77
petroleum,wv,39.17,-81.24
peytona,wv,38.12,-81.70
philippi,wv,39.15,-80.04
pickens,wv,38.68,-80.21
piedmont,wv,39.48,-79.05
pinch,wv,38.41,-81.48
pine grove,wv,39.57,-80.68
pineville,wv,37.58,-81.53
piney view,wv,37.84,-81.14
pipestem,wv,37.53,-80.95
poca,wv,38.49,-81.81
point pleasant,wv,38.86,-82.11
points,wv,39.46,-78.56
pond gap,wv,38.29,-81.29
pool,wv,38.15,-80.89
porters falls,wv,39.58,-80.78
powellton,wv,38.10,-81.32
pratt,wv,38.21,-81.38
premier,wv,37.42,-81.64
prichard,wv,38.23,-82.58
prince,wv,37.86,-81.05
princeton,wv,37.37,-81.09
princewick,wv,37.64,-81.23
procious,wv,38.47,-81.23
proctor,wv,39.72,-80.76
prosperity,wv,37.84,-81.20
pullman,wv,39.19,-80.93
purgitsville,wv,39.27,-78.91
pursglove,wv,39.70,-80.06
quinwood,wv,38.05,-80.72
rachel,wv,39.52,-80.30
racine,wv,38.15,-81.66
ragland,wv,37.70,-82.13
rainelle,wv,37.97,-80.78
raleigh,wv,37.76,-81.17
ranger,wv,38.16,-82.19
ranson,wv,39.30,-77.86
ravencliff,wv,37.70,-81.50
ravenswood,wv,38.95,-81.75
rawl,wv,37.65,-82.22
raysal,wv,37.34,-81.78
reader,wv,39.58,-80.75
red creek,wv,39.02,-79.53
red house,wv,38.55,-81.90
red jacket,wv,37.65,-82.14
redstar,wv,37.98,-81.13
reedsville,wv,39.52,-79.81
reedy,wv,38.84,-81.42
renick,wv,37.99,-80.37
reynoldsville,wv,39.29,-80.44
rhodell,wv,37.63,-81.29
richwood,wv,38.22,-80.54
ridgeley,wv,39.58,-78.79
ridgeview,wv,38.15,-81.77
ridgeway,wv,39.30,-78.07
rio,wv,39.18,-78.69
ripley,wv,38.81,-81.70
rippon,wv,39.22,-77.91
riverton,wv,38.70,-79.47
rivesville,wv,39.56,-80.14
robson,wv,38.10,-81.25
rock,wv,37.39,-81.22
rock cave,wv,38.78,-80.32
rock creek,wv,37.84,-81.48
rock view,wv,37.62,-81.54
rockport,wv,39.08,-81.57
roderfield,wv,37.45,-81.71
romney,wv,39.34,-78.75
ronceverte,wv,37.74,-80.46
rosedale,wv,38.77,-80.91
rosemont,wv,39.27,-80.16
rowlesburg,wv,39.22,-79.64
rupert,wv,37.96,-80.69
sabine,wv,37.68,-81.50
st albans,wv,38.38,-81.83
st marys,wv,39.39,-81.17
salem,wv,39.29,-80.59
salt rock,wv,38.33,-82.25
sand fork,wv,38.90,-80.73
sandstone,wv,37.76,-80.87
sandyville,wv,38.91,-81.65
sarah ann,wv,37.71,-81.99
saulsville,wv,37.66,-81.46
saxon,wv,37.79,-81.43
scarbro,wv,37.95,-81.25
scott depot,wv,38.45,-81.90
secondcreek,wv,37.66,-80.42
selbyville,wv,38.72,-80.31
seneca rocks,wv,38.83,-79.39
seth,wv,38.10,-81.64
shady spring,wv,37.70,-81.10
shanks,wv,39.28,-78.70
sharples,wv,37.92,-81.83
shenandoah junction,wv,39.37,-77.89
shepherdstown,wv,39.43,-77.82
shinnston,wv,39.39,-80.28
shirley,wv,39.40,-80.77
shoals,wv,38.33,-82.48
shock,wv,38.76,-80.97
short creek,wv,40.19,-80.67
simon,wv,37.62,-81.76
simpson,wv,39.27,-80.09
sinks grove,wv,37.66,-80.52
sistersville,wv,39.56,-80.98
skelton,wv,37.81,-81.19
slab fork,wv,37.68,-81.23
slanesville,wv,39.40,-78.51
slatyfork,wv,38.38,-80.04
smithburg,wv,39.29,-80.73
smithers,wv,38.18,-81.31
smithfield,wv,39.51,-80.56
smithville,wv,39.07,-81.06
smoot,wv,37.88,-80.67
snowshoe,wv,38.40,-80.14
sod,wv,38.26,-81.87
sophia,wv,37.71,-81.25
southside,wv,38.71,-82.00
spanishburg,wv,37.46,-81.11
spelter,wv,39.34,-80.32
spencer,wv,38.79,-81.33
sprague,wv,37.79,-81.18
spring dale,wv,37.87,-80.81
springfield,wv,39.46,-78.70
spurlockville,wv,38.08,-81.99
squire,wv,37.24,-81.58
stanaford,wv,37.82,-81.15
stephenson,wv,37.58,-81.33
stollings,wv,37.84,-81.93
sugar grove,wv,38.52,-79.29
sumerco,wv,38.21,-81.89
summersville,wv,38.30,-80.84
summit point,wv,39.23,-77.96
surveyor,wv,37.75,-81.34
sutton,wv,38.67,-80.68
swiss,wv,38.28,-81.08
switchback,wv,37.37,-81.39
switzer,wv,37.79,-81.99
sylvester,wv,38.01,-81.55
tad,wv,38.33,-81.49
talcott,wv,37.65,-80.75
tallmansville,wv,38.86,-80.16
teays,wv,38.44,-81.95
terra alta,wv,39.44,-79.56
thomas,wv,39.15,-79.50
thornton,wv,39.33,-79.91
thorpe,wv,37.37,-81.52
thurmond,wv,37.96,-81.07
tioga,wv,38.38,-80.66
tornado,wv,38.34,-81.85
triadelphia,wv,40.07,-80.60
troy,wv,39.08,-80.75
tunnelton,wv,39.36,-79.75
turtle creek,wv,38.04,-81.85
twilight,wv,37.92,-81.64
uneeda,wv,38.04,-81.78
union,wv,37.58,-80.52
upper tract,wv,38.79,-79.26
upperglade,wv,38.42,-80.50
valley bend,wv,38.78,-79.92
valley grove,wv,40.09,-80.56
valley head,wv,38.54,-80.04
van,wv,37.97,-81.70
varney,wv,37.67,-82.12
verdunville,wv,37.84,-82.06
verner,wv,37.65,-81.86
victor,wv,38.14,-81.03
vienna,wv,39.33,-81.54
volga,wv,39.07,-80.14
waiteville,wv,37.46,-80.46
walker,wv,39.18,-81.39
walkersville,wv,38.85,-80.48
wallace,wv,39.41,-80.49
wallback,wv,38.57,-81.09
walton,wv,38.60,-81.40
wana,wv,39.70,-80.31
war,wv,37.34,-81.72
wardensville,wv,39.06,-78.62
warriormine,wv,37.29,-81.70
washington,wv,39.23,-81.64
waverly,wv,39.32,-81.38
wayne,wv,38.23,-82.43
wayside,wv,37.59,-80.75
webster springs,wv,38.48,-80.40
weirton,wv,40.41,-80.57
welch,wv,37.40,-81.53
wellsburg,wv,40.25,-80.60
west columbia,wv,38.93,-82.09
west hamlin,wv,38.29,-82.18
west liberty,wv,40.17,-80.59
west milford,wv,39.20,-80.36
west union,wv,39.28,-80.79
weston,wv,39.04,-80.47
wharncliffe,wv,37.55,-81.96
wharton,wv,37.89,-81.67
wheeling,wv,40.07,-80.69
white oak,wv,37.68,-81.06
white sulphur springs,wv,37.81,-80.27
whitesville,wv,37.98,-81.53
whitman,wv,37.81,-82.02
whitmer,wv,38.81,-79.56
widen,wv,38.47,-80.86
wilcoe,wv,37.38,-81.56
wiley ford,wv,39.61,-78.77
wileyville,wv,39.66,-80.65
wilkinson,wv,37.83,-82.00
williamsburg,wv,37.94,-80.52
williamson,wv,37.69,-82.26
williamstown,wv,39.38,-81.46
wilsonburg,wv,39.29,-80.40
wilsondale,wv,37.95,-82.38
windsor heights,wv,40.19,-80.67
winfield,wv,38.51,-81.89
winifrede,wv,38.19,-81.56
winona,wv,38.05,-80.99
wolfcreek,wv,37.62,-80.61
wolfe,wv,37.31,-81.33
woodville,wv,38.16,-81.91
worthington,wv,39.45,-80.29
wyatt,wv,39.44,-80.35
wyco,wv,37.60,-81.34
wyoming,wv,37.58,-81.60
yawkey,wv,38.22,-81.96
yellow spring,wv,39.18,-78.49
yolyn,wv,37.87,-81.87
afton,wy,42.71,-110.94
aladdin,wy,44.75,-104.19
albin,wy,41.43,-104.15
alcova,wy,42.57,-106.61
alpine,wy,43.18,-111.03
alta,wy,43.75,-111.04
alva,wy,44.69,-104.44
arapahoe,wy,42.97,-108.49
arminto,wy,43.12,-107.34
arvada,wy,44.69,-106.11
auburn,wy,42.81,-110.99
baggs,wy,41.03,-107.67
bairoil,wy,42.23,-107.56
banner,wy,44.59,-106.87
basin,wy,44.38,-108.04
bedford,wy,42.93,-110.96
beulah,wy,44.57,-104.15
big horn,wy,44.68,-106.99
big piney,wy,42.55,-110.13
bondurant,wy,43.22,-110.34
bosler,wy,41.56,-105.82
boulder,wy,42.69,-109.54
buffalo,wy,44.35,-106.71
buford,wy,41.14,-105.47
burlington,wy,44.44,-108.43
burns,wy,41.20,-104.32
byron,wy,44.80,-108.51
carpenter,wy,41.04,-104.28
casper,wy,42.85,-106.32
centennial,wy,41.34,-105.99
cheyenne,wy,41.14,-104.80
chugwater,wy,41.75,-104.82
clearmont,wy,44.66,-106.46
cody,wy,44.52,-109.08
cokeville,wy,42.06,-110.92
cora,wy,43.14,-109.92
cowley,wy,44.88,-108.47
crowheart,wy,43.37,-109.30
daniel,wy,42.92,-110.13
dayton,wy,44.88,-107.30
deaver,wy,44.93,-108.60
devils tower,wy,44.62,-104.79
diamondville,wy,41.78,-110.54
dixon,wy,41.04,-107.56
douglas,wy,42.76,-105.39
dubois,wy,43.55,-109.65
edgerton,wy,43.41,-106.25
elk mountain,wy,41.69,-106.41
emblem,wy,44.51,-108.39
encampment,wy,41.21,-106.78
etna,wy,43.14,-111.02
evanston,wy,41.26,-110.96
evansville,wy,42.86,-106.26
fairview,wy,42.69,-110.98
farson,wy,42.05,-109.44
ft bridger,wy,41.28,-110.35
ft laramie,wy,42.21,-104.52
ft washakie,wy,43.00,-108.90
four corners,wy,44.10,-104.12
frannie,wy,44.97,-108.62
freedom,wy,43.02,-111.03
frontier,wy,41.81,-110.54
ft warren afb,wy,41.15,-104.86
garrett,wy,42.14,-105.55
gillette,wy,44.28,-105.50
glendo,wy,42.50,-105.00
glenrock,wy,42.87,-105.86
granger,wy,41.59,-109.97
granite canon,wy,41.01,-105.25
green river,wy,41.52,-109.47
greybull,wy,44.49,-108.08
grover,wy,42.80,-110.92
guernsey,wy,42.27,-104.75
hanna,wy,41.87,-106.53
hartville,wy,42.33,-104.73
hawk springs,wy,41.74,-104.33
hiland,wy,42.84,-106.39
hillsdale,wy,41.21,-104.48
horse creek,wy,41.41,-105.18
hudson,wy,42.91,-108.58
hulett,wy,44.74,-104.62
huntley,wy,41.93,-104.15
hyattville,wy,44.25,-107.61
jackson,wy,43.46,-110.77
jay em,wy,42.36,-104.31
jeffrey city,wy,42.54,-107.87
jelm,wy,41.15,-105.93
kaycee,wy,43.72,-106.56
kelly,wy,43.61,-110.54
kemmerer,wy,41.79,-110.53
kinnear,wy,43.13,-108.62
kirby,wy,43.80,-108.18
la barge,wy,42.25,-110.21
lagrange,wy,41.64,-104.20
lance creek,wy,43.23,-104.54
lander,wy,42.86,-108.74
laramie,wy,41.31,-105.58
leiter,wy,44.72,-106.27
linch,wy,43.61,-106.20
lingle,wy,42.13,-104.33
little america,wy,41.54,-109.86
lonetree,wy,41.05,-110.17
lost springs,wy,42.73,-104.92
lovell,wy,44.83,-108.41
lusk,wy,42.77,-104.47
lyman,wy,41.33,-110.29
lysite,wy,43.33,-107.65
manderson,wy,44.31,-107.95
manville,wy,42.78,-104.62
mc kinnon,wy,41.04,-109.87
medicine bow,wy,41.90,-106.20
meeteetse,wy,44.20,-108.95
meriden,wy,41.54,-104.29
midwest,wy,43.41,-106.27
mills,wy,42.84,-106.37
moorcroft,wy,44.30,-104.91
moose,wy,43.77,-110.86
moran,wy,43.88,-110.33
mountain view,wy,41.27,-110.34
natrona,wy,43.03,-106.81
newcastle,wy,43.85,-104.23
opal,wy,41.77,-110.33
osage,wy,44.00,-104.42
otto,wy,44.41,-108.30
parkman,wy,44.96,-107.33
pavillion,wy,43.20,-108.60
pine bluffs,wy,41.18,-104.07
pinedale,wy,42.85,-109.86
point of rocks,wy,41.68,-108.78
powder river,wy,43.03,-106.99
powell,wy,44.76,-108.78
ralston,wy,44.72,-108.86
ranchester,wy,44.90,-107.16
rawlins,wy,41.80,-107.23
recluse,wy,44.79,-105.78
reliance,wy,41.67,-109.20
riverton,wy,43.05,-108.41
robertson,wy,41.19,-110.41
rock river,wy,41.75,-105.97
rock springs,wy,41.61,-109.23
rozet,wy,44.31,-105.25
saddlestring,wy,44.35,-106.70
st stephens,wy,42.98,-108.42
saratoga,wy,41.45,-106.80
savery,wy,41.04,-107.42
shawnee,wy,42.84,-105.03
shell,wy,44.56,-107.82
sheridan,wy,44.78,-106.96
shirley basin,wy,42.22,-106.52
shoshoni,wy,43.25,-108.10
sinclair,wy,41.78,-107.11
smoot,wy,42.62,-110.92
story,wy,44.61,-107.05
sundance,wy,44.41,-104.38
superior,wy,41.77,-108.98
ten sleep,wy,44.00,-107.42
teton village,wy,43.59,-110.83
thayne,wy,42.93,-111.01
thermopolis,wy,43.66,-108.23
tie siding,wy,41.05,-105.45
torrington,wy,42.06,-104.19
upton,wy,44.09,-104.64
van tassell,wy,42.83,-104.32
veteran,wy,41.98,-104.37
walcott,wy,41.76,-106.84
wamsutter,wy,41.66,-108.15
wapiti,wy,44.48,-109.43
weston,wy,44.84,-105.37
wheatland,wy,42.05,-104.97
wilson,wy,43.50,-110.87
wolf,wy,44.77,-107.30
worland,wy,44.01,-107.96
wright,wy,43.83,-105.53
wyarno,wy,44.81,-106.77
yellowstone national park,wy,44.85,-110.67
yoder,wy,41.91,-104.35
